grade_no,mdetail_no,grade_name,sort_no
10007835,1001692,E500,
10007830,1001692,"E320 CDI",
10007735,1001686,SL350,
10009822,1002134,STD,
10007489,1001638,"1.6 E-HDI 시크",
10007699,1001677,"0.6 2WD",
10010410,1002271,1.8,
10014757,1002280,"1.6 밀레짐 해치백",
10010566,1002311,"5.7 VTT",
10010567,1002311,"6.0 SE",
10010569,1002311,"6.0 GT",
10010570,1002311,"6.0 SV-R",
10004994,1001124,"2.3 SE",
10003552,1000870,VS450,
10003940,1000920,"VGT 4WD",
10003941,1000920,"VVT 2WD 메트로",
10004899,1000953,"2.0 TURBO",
10012426,1000948,"CLK63 AMG 블랙시리즈",
10006885,1000986,"4.2 V8",
10006590,1001014,"3.5 SHO",
10004308,1001057,"2인",
10004309,1001057,"2인 아맥스",
10010059,1002199,"2.4 스포트",
10003796,1000863,"고급형",
10010510,1002299,"2.0 HDI",
10014764,1002290,"1.6 HDI 스포티움",
10014762,1002287,"2.0 클래식 다이아몬드",
10010460,1002287,"2.0 클래식",
10010459,1002287,"2.0 스포츠",
10009581,1002051,2.0L,
10009309,1001995,SS,
10010426,1002274,"1.8 (디젤)",
10010425,1002274,1.6,
10004327,1001243,"4WD 터보 GDI TLX",
10017552,1002812,"LPG 카고 스마트",
10010424,1002274,1.4,
10004577,1001318,"1.6 프레스티지",
10007503,1001642,"2.0 E-HDI 소 시크",
10013243,1002697,"5.4 V12",
10010363,1002264,"2WD 2.0 투어링",
10010374,1002265,"4WD 2.0 스포츠",
10010362,1002264,"2WD 2.0 스포츠",
10015287,1003011,"2WD 디젤 2.2",
10015288,1003011,"4WD 디젤 2.2",
10007655,1001668,"카블리올레",
10007656,1001668,"쿠페",
10015296,1003015,"EV 프리미어",
10010093,1002204,"3.7 레니게이드 4DR 4X4",
10010092,1002204,"3.7 리미티드 에디션 4DR 4X2",
10010091,1002204,"3.7 스포츠 4DR 4X4",
10013308,1002707,"2WD 1.5 SFG-T 가솔린",
10009999,1002191,"3.0 쿠페",
10013320,1002709,F-SPORT,
10010588,1002316,"1.4 라운지",
10010602,1002320,"1.4 C",
10010603,1002321,"투리스모",
10010605,1002321,C,
10009787,1002123,3.4,
10014773,1002100,"리저브 II AWD",
10004070,1000806,"활어차",
10004174,1000852,"디젤 1.6",
10009328,1002006,"2.5GT LIMITED 웨건",
10007829,1001692,"E320 4MATIC",
10005670,1000948,CLK200,
10007734,1001686,SL320,
10015311,1003020,"2WD 가솔린 1.5",
10006886,1000986,"4.2 SC",
10011540,1002513,"하드탑 230SL CT",
10003805,1001015,"2.0 GL",
10004727,1000805,1.5,
10004409,1001335,LIMITED,
10004911,1000978,SE,
10015298,1003017,EV,
10012937,1002416,"1.9 TiD",
10008550,1001790,"2.0 R",
10008549,1001790,"2.0 GTD",
10004931,1001142,SE,
10008453,1001770,"1.4 TSI",
10010929,1002410,GLE,
10007826,1001692,"E280 CDI",
10007488,1001638,"1.4 E-HDI 시크",
10012046,1001120,"3.0쿠페",
10005646,1001021,CL500,
10010927,1002409,2.8,
10012425,1000948,"CLK63 AMG 카브리올레",
10003935,1000920,"CRDi 2WD",
10010608,1002322,"비포스트",
10010442,1002282,1.6,
10005979,1000880,"2.7 T",
10010441,1002281,1.6,
10009189,1001964,"1.0 X 4WD",
10007657,1001669,1.4,
10004582,1000854,"2.0 2U",
10005452,1000844,"씨티런",
10004824,1000830,2.0,
10012147,1000806,"스넥카(LPG)",
10007824,1001692,"E280 아방가르드",
10013740,1002785,"에코",
10010604,1002321,"컴페티지온",
10010606,1002321,"C 투리스모",
10007732,1001686,SL280,
10011139,1001557,"G300 익스클루시브",
10004107,1000813,"R2.2 4WD 익스클루시브",
10003553,1000870,"VS450 PREMIER",
10004408,1001335,GLX,
10003858,1001130,"9인승",
10010368,1002265,"2WD 2.0 스포츠",
10003852,1000991,"엑시드",
10004190,1001003,"가솔린 L",
10009426,1001003,"LPI LX",
10003806,1001015,"2.0 GT",
10012424,1000948,"CLK500 카브리올레",
10004492,1000937,"엠블런스",
10015748,1003100,"더블캡/초장축",
10015747,1003100,"더블캡/장축",
10012583,1000931,"2.0 티타늄 해치백",
10004932,1001142,LE,
10015746,1003100,"더블캡",
10004328,1001243,"4WD 터보 GDI LIMITED",
10015745,1003100,"1.0톤/슈퍼캡/초장축",
10003800,1000919,"2.0 GT",
10003795,1000863,"유로파",
10004587,1000854,"1.6 SMART",
10009319,1002001,L,
10009037,1001930,"X AWD",
10009036,1001930,"세단 스포츠",
10009035,1001930,"세단 프리미엄",
10007453,1001630,"1.4 VTR",
10007454,1001630,"1.4 HDI",
10007455,1001630,"1.6 VTS",
10008798,1001868,0.6,
10007658,1001669,1.6,
10007662,1001670,"1.5 5도어",
10008547,1001790,"2.0 GTI 3도어",
10014882,1001713,"M5 세단 컴패티션 35주년 에디션",
10007823,1001692,"E280 엘레강스",
10013323,1002711,"4.0 V8 쿠페",
10010006,1002193,2.5,
10007733,1001686,SL300,
10017265,1003097,"1.0톤/더블캡",
10010005,1002192,"5.7 컨버터블",
10007485,1001637,"HDI 115",
10009955,1002178,"3.8 쿠페",
10004596,1000854,"1.6 디젤 프랜드",
10007131,1001557,"G330 익스클루시브",
10004875,1001229,"2인",
10004892,1000798,"가솔린 에코",
10003856,1001130,"롱바디",
10006591,1000931,"2.0 SEL",
10005672,1000948,CLK230K,
10013579,1002760,"1.5 dCi 젠",
10013327,1002713,"2.4가솔린",
10003979,1000997,"6인",
10003807,1001015,"2.0 GTS",
10004929,1001025,"1.6 CE",
10004275,1000933,2.5,
10007825,1001692,"E270 CDI",
10005139,1001001,"RX5 Ti CT",
10004952,1000979,"520 LPG",
10012582,1000931,"2.0 해치백",
10003804,1000919,"2.0 GTS-1",
10009927,1002169,5.2,
10005189,1000885,"옴니 14인",
10007457,1001631,1.6I,
10007663,1001670,"1.6 3도어",
10011563,1002515,"CLUBBY 2WD",
10014032,1002822,4.6,
10007130,1001557,"G330 프리미엄",
10009738,1001556,"2.0 프리미엄 플러스",
10012468,1001767,"2.0 TSI",
10009865,1002146,5.7,
10014713,1002934,"6.2 블랙윙",
10003855,1001130,"6인승",
10008740,1001843,L-GRADE,
10008741,1001844,STD,
10012554,1001886,SL,
10008975,1001911,"4WD LE KINGCAP",
10008976,1001911,"4WD SE CREWCAP",
10009083,1001944,"S-에디션",
10009084,1001944,"V-에디션",
10009085,1001944,"카세르타",
10005138,1001001,"RX5 Ti",
10004910,1000978,XE,
10012423,1000948,"CLK430 카브리올레",
10012581,1000931,"1.6 해치백",
10003799,1000919,"2.0 GL",
10004223,1000909,2.0,
10009899,1002159,3.7,
10010448,1002284,"1.6 E-HDI 알뤼르",
10010579,1002314,"6.2 V12 쿠페",
10004586,1000854,"1.6 VGT 4U",
10004581,1000854,"1.6 4U",
10012146,1000806,"카고(LPG)",
10010348,1002260,"터보",
10003774,1000843,1.6,
10004337,1000853,"2WD LX",
10005134,1000800,RE290,
10008928,1001902,"4WD LE",
10008927,1001902,"4WD SE",
10003788,1000936,"1.5 DX",
10004933,1001142,RE,
10004934,1001142,"SE 20",
10005058,1001311,CW700,
10008792,1001866,"3.5 세단",
10009345,1002008,2.5,
10009343,1002008,2.0,
10007462,1001632,"HDI 115",
10006248,1001325,"3.7 AWD",
10009339,1002007,2.2,
10008791,1001866,"3.2 세단",
10007822,1001692,"E280 스포츠패키지",
10007482,1001636,"2.0 가솔린",
10013147,1002689,"3.6 AWD RS",
10011053,1001557,"G330 모던",
10007127,1001556,"2.0 프리미엄",
10007458,1001631,"1.6 디젤",
10007459,1001632,"VTI 95",
10004407,1001335,GX,
10008274,1001738,"30 D",
10013328,1002713,"3.0가솔린",
10013329,1002713,"3.5가솔린",
10004485,1000918,"15인(하이)",
10005187,1000885,"옴니 15인",
10011903,1002563,"2.0 TDI 4모션 프레스티지",
10008978,1001911,"4WD XE CREWCAP",
10008979,1001911,"4WD XE KINGCAP",
10008853,1001881,"3.5 투어링 4WD",
10003794,1000863,"어드밴스",
10004580,1000854,"1.6 2U",
10008935,1001903,"하이브리드",
10011214,1000806,"시티밴",
10009029,1001928,"5.6 NV2500 HD",
10010581,1002314,LP640,
10013170,1002322,"트리뷰토 마세라티",
10004338,1000853,"2WD TLX",
10004595,1000854,"1.6 GDI 프랜드",
10009028,1001928,"4.0 NV2500 HD",
10008926,1001902,"2WD PLATINUM",
10008925,1001902,"2WD SV",
10003789,1000936,"1.5 GTR",
10009088,1001945,"1.6 슈퍼차저",
10008924,1001902,"2WD LE",
10008790,1001866,"2.7 세단",
10008543,1001790,"2.0 TDI",
10012483,1001768,"2.0 TDI 프리미엄",
10012482,1001768,"2.0 TDI 컴포트",
10007989,1001703,"722 에디션 로드스터",
10007821,1001692,E280,
10003857,1001130,"7인승",
10007126,1001556,"2.0 럭셔리",
10012422,1000948,"CLK350 카브리올레",
10012542,1001945,"스파이더",
10006599,1000931,ZXW,
10006598,1000931,ZX5,
10015220,1002995,"0.6 4WD",
10009500,1002033,2.4,
10009499,1002032,"3.6 V6",
10009310,1001995,T,
10009219,1001971,"SPYDER GS",
10007666,1001670,"3.0 3도어",
10009308,1001995,MODE,
10009307,1001995,XL,
10009230,1001976,DYNAMIC,
10009341,1002007,3.0,
10009026,1001927,"3.8 미드나잇 오팔에디션",
10013262,1001803,"ED(Electric Drive)",
10009346,1002008,"2.5 터보",
10012480,1001768,"2.0 TFSI",
10008362,1001757,"4.2 콰트로",
10008154,1001712,"3.0 디젤",
10007988,1001703,"722 에디션",
10013171,1002322,"C 리발레",
10010610,1002323,"2.0 디젤 크로스 AWD",
10007817,1001692,"E220 CDI",
10010712,1002348,2.5,
10009503,1002034,"2.4 C",
10011902,1002563,"2.0 TDI 프레스티지",
10006902,1001330,5.0,
10004909,1001063,"EL240H 프리미엄",
10004339,1000853,"2WD LIMITED",
10004130,1000860,"5DR 1.5",
10006597,1000931,ZX4,
10003876,1000849,"플러스",
10004479,1000826,"엠블런스",
10017422,1003035,"베스트 셀렉션",
10003790,1000936,"1.5 AMX",
10009708,1002092,"3.9 V8",
10004191,1001003,"가솔린 LX",
10003808,1001015,"2.0 GTS-2",
10003809,1001015,"2.7 ELISA",
10008787,1001865,3.7,
10011901,1002563,"2.0 TDI 프리미엄",
10011077,1002430,3.7,
10008786,1001865,3.5,
10008542,1001790,"1.8 GTI",
10012326,1002607,1.5,
10008541,1001790,"1.6 TDI 블루모션 스타일에디션",
10012479,1001768,"2.0 GL",
10008363,1001757,"4.2 콰트로 LWB",
10007986,1001703,"맥라렌",
10011076,1002430,3.5,
10010989,1002418,"2.0 클래식",
10012076,1001635,"1.6 B-HDI ADAS EDITION",
10012056,1002586,SOLIO,
10011357,1001635,"1.6 B-HDI 인텐시브",
10006900,1001330,4.0,
10004706,1001248,"2인",
10004579,1000854,"1.6 U",
10014092,1002840,"EQA 250",
10007460,1001632,"HDI 90",
10009590,1002055,"2.5 LX",
10007667,1001671,1.2,
10007668,1001672,"2.2 DCI",
10007669,1001672,"3.5 V6",
10011372,1000813,"3.3 V6 GDI 익스클루시브 스페셜",
10005133,1000800,RX290,
10009707,1002092,"3.0 V6",
10010599,1002319,"1.3 디젤",
10010601,1002320,1.4,
10010611,1002323,"2.0 디젤 크로스 플러스 AWD",
10009704,1002091,2.5,
10009617,1002064,"3.5L V6 투어링",
10015591,1003058,"기본형",
10009616,1002063,"2.0 쿠페",
10009299,1001993,"1.3L DDIS 5-DOOR",
10009115,1001948,"1.3 ZQ 4WD",
10004277,1001017,2.0,
10009595,1002055,3.8,
10009022,1001926,"300ZX 컨버터블",
10009610,1002061,"2.4 쿠페",
10009613,1002061,"3.0 쿠페",
10009021,1001926,"300ZX 쿠페",
10005005,1001174,"3.5 RE35",
10015580,1003055,"기본형",
10009020,1001926,280ZX,
10008919,1001901,2.0,
10008918,1001900,4.5,
10008785,1001864,3.5,
10008445,1001768,2.8,
10008444,1001768,1.8,
10008443,1001768,"1.6 TDI BLUE MOTION",
10008153,1001711,3.6,
10007820,1001692,E260,
10007815,1001692,"E200K 이그제큐티브",
10011356,1001635,"1.6 B-HDI 필",
10004192,1001003,"가솔린 SLX",
10009622,1002065,3.3,
10004585,1000854,"1.6 VGT 2U",
10011740,1002547,"2.4 4WD",
10009961,1002180,"3.8 V6",
10009958,1002179,"CXL 2WD",
10009956,1002178,"6.6 쿠페",
10009884,1002153,"3.6 4WD",
10009883,1002152,4.3,
10008517,1001785,"1.8 GTI",
10009754,1002111,"3.6 카본 패키지",
10009703,1002091,"2.0 티타늄 에코부스트",
10009614,1002062,"2.5 LX",
10010613,1002324,"DEDRA 2.0 TURBO",
10010615,1002324,"THEMA LEATHER",
10009623,1002065,3.8,
10009625,1002066,2.5,
10009296,1001993,"1.3L 3-DOOR",
10009114,1001948,"1.3 Z 4WD",
10003775,1000843,1.8,
10004340,1000853,"2WD PREMIUM",
10009113,1001948,"1.3 SX 2WD",
10009112,1001948,"1.3 SQ 2WD",
10008359,1001757,3.2,
10012418,1000948,"CLK200 카브리올레",
10007814,1001692,"E200K 아방가르드",
10004484,1000918,"12인(하이)",
10004278,1001017,2.5,
10003874,1000849,DOHC,
10003873,1000849,SOHC,
10010122,1002209,4.0,
10004873,1001143,"5인",
10009947,1002174,"2.0(디젤)",
10009295,1001992,4-DOOR,
10009294,1001992,2-DOOR,
10011967,1001325,"5.0  AWD",
10009111,1001948,"1.3 S 4WD",
10009019,1001925,3.0,
10009626,1002066,3.0,
10007463,1001633,"1.6I 가솔린",
10007465,1001633,"1.6 디젤",
10009018,1001924,"컨버터블",
10007670,1001673,"3.5 V6",
10008916,1001900,3.0,
10008910,1001898,2.5,
10008909,1001898,2.0,
10008783,1001862,VTEC,
10008782,1001862,SI,
10008358,1001757,"3.0 콰트로",
10008291,1001743,"로드스터 45 TFSI 콰트로",
10007708,1001682,"I 35",
10007481,1001635,"2.0 B-HDI 익스클루시브",
10009629,1002067,"3.5 LXI",
10008666,1001809,"6.0 V12",
10008669,1001812,"6.0 V12",
10011260,1001849,"스탠다드",
10011261,1001849,"크리스탈 에디션",
10011263,1001849,"이그제큐티브",
10010618,1002324,"THESIS 3.0 V6",
10010619,1002324,"THESIS 3.4 V6",
10010620,1002324,"KAPPA 2.0",
10017330,1002908,"SE 페이버드",
10004071,1000806,"렉카",
10004341,1000853,"4WD LX",
10005004,1001174,"3.5 LE35",
10006596,1000931,ZX3,
10004822,1001018,1.8,
10004482,1000918,"12인",
10004743,1000790,"3D 로미오 1.5 DOHC",
10008152,1001711,"리무진",
10008150,1001711,"투어링",
10010895,1002403,2.4,
10015043,1002964,2.0,
10015044,1002964,2.3,
10007702,1001678,"알파",
10007480,1001635,"2.0 B-HDI 인텐시브 플러스",
10005003,1001174,"3.5 SE35",
10005002,1001174,"2.5 RE",
10004908,1001063,"EL240H 디럭스",
10003798,1001062,"2인",
10013502,1002529,1.8,
10003716,1001004,"5DR 1.3",
10007469,1001633,"VTI 120",
10010726,1002355,"1.4 TP",
10004222,1000909,1.8,
10004584,1000854,"1.6 VGT U",
10011484,1002284,"1.6 BLUEHDI 액세스",
10005515,1000847,2.7,
10017212,1002951,"L TFSI",
10014748,1002938,300e,
10005448,1000844,LS,
10007643,1000806,"스넥카",
10011724,1002544,6.8,
10010649,1002329,"에보",
10008429,1001765,"2.0 TDI",
10008430,1001765,"2.0 TDI 프리미엄",
10008522,1001787,1.6,
10011264,1001849,F-SPORT,
10008752,1001850,STD,
10008887,1001892,"1.5 세단",
10008888,1001892,"1.6 세단",
10008994,1001914,"4.0 4WD",
10008995,1001914,5.6,
10009268,1001985,"쿠페",
10010629,1002327,"2.0 터보",
10010632,1002328,2.0,
10010648,1002329,"컨버터블",
10004108,1000813,"R2.2 4WD 익스클루시브 스페셜",
10004495,1000825,"4톤",
10009944,1002173,3.8,
10004483,1000918,"15인",
10006594,1000931,"2.0 디젤 스포츠",
10004166,1000852,"1.5 GOLD",
10014778,1002927,"3.0 디젤",
10007479,1001635,"2.0 B-HDI 인텐시브",
10004823,1001018,2.0,
10015134,1001020,"1.4 TSI 스포트백",
10012983,1001634,"1.6 B-HDI 인텐시브",
10005000,1001174,"2.5 SE",
10012421,1000948,"CLK320 카브리올레",
10006595,1000931,"2.0 디젤 티타늄",
10009906,1002162,"REGULAR CAB 4X4",
10004221,1000908,"2.0 디젤",
10004128,1000860,"3DR 1.5",
10007472,1001634,"1.6 HDI",
10005185,1000885,"12인",
10009771,1002120,DHS,
10003554,1000870,"VS450 VIP",
10012352,1000854,"2.0 스포츠",
10004076,1000806,"파워게이트",
10008432,1001765,"2.0 TDI 클럽 리미티드 에디션",
10008525,1001787,"2.0 GL",
10010647,1002329,"1.9 디젤",
10010646,1002329,1.8,
10008753,1001851,LUXURY,
10009093,1001945,"2.0 터보차저",
10009270,1001986,"2.0 해치백",
10009272,1001986,"2.3 해치백",
10008770,1001857,"2.0 4WD",
10009674,1002081,"컨버터블",
10014770,1002100,"리저브 500A CVT",
10014772,1002100,"리저브 300A CVT",
10009997,1002191,"2.4 쿠페",
10010000,1002191,"3.2 쿠페",
10010002,1002191,"3.8 쿠페",
10008650,1001803,"펄스 MHD",
10012466,1001767,"1.6 FSI",
10012528,1001738,"xDrive 50i",
10010625,1002325,1.9,
10004739,1000999,1.8,
10004491,1000937,"15인",
10004284,1000799,"크루저",
10004072,1000806,"내장탑",
10004490,1000937,"12인",
10004488,1000937,"9인",
10009762,1002116,3.6,
10005186,1000885,"옴니 11인",
10005966,1000982,"쿠페 3.2 콰토르",
10005184,1000885,"9인",
10012278,1000853,"가솔린 4WD LIMITED",
10012565,1002009,"2.5 L",
10005447,1000844,L,
10012289,1001098,"수출형",
10004478,1000826,"15인",
10011564,1002515,"CLASSY 2WD",
10011560,1002514,"밴 TX5 CT",
10011532,1002512,"기본",
10007671,1001674,1.4,
10013233,1002695,D2,
10010644,1002329,1.6,
10010643,1002329,"1.4 터보",
10007107,1001552,"6.0 V12 S",
10004489,1000937,"11인",
10004220,1000908,2.0,
10012274,1000853,"4WD PREMIUM",
10004477,1000826,"12인",
10008433,1001765,"2.5 TSI",
10014943,1001765,1.8,
10008755,1001851,PREMIUM,
10008890,1001892,"1.5 해치백",
10008891,1001892,"1.6 해치백",
10008997,1001915,2.5,
10008999,1001916,2.4,
10009094,1001945,2.2,
10009095,1001946,"1.8 2WD",
10009096,1001946,"2.0 4WD",
10009273,1001987,"스포츠",
10004075,1000806,"윙바디",
10010641,1002329,"1.3 디젤",
10010640,1002329,1.2,
10009283,1001989,100,
10009281,1001988,"2.5 스포츠",
10010455,1002285,"1.8 해치백",
10010633,1002328,"2.0 터보",
10010634,1002328,2.2,
10009104,1001947,VI,
10004074,1000806,"보냉탑",
10009010,1001918,"4.0 4WD",
10003942,1000920,"2.7 DOHC 2WD",
10011235,1000920,"2.7 DOHC 4WD",
10012419,1000948,"CLK230 카브리올레",
10008902,1001896,2.8,
10008901,1001896,2.5,
10008768,1001856,"4WD 투어링",
10004995,1001124,"2.3 LE",
10003854,1001130,"숏바디",
10008767,1001856,"4WD EX-L",
10008766,1001856,"4WD EX",
10014177,1002855,2.7,
10012982,1001634,"1.6 B-HDI 필",
10003715,1001004,"4DR 1.3",
10004738,1000999,1.5,
10003793,1000863,"벤처",
10003792,1000863,"까미",
10012273,1000853,"4WD LIMITED",
10007473,1001634,"2.0 B-HDI 인텐시브",
10005132,1000800,RJ290,
10015553,1003048,"2밴",
10013172,1002504,"라이프",
10007478,1001634,"THP 155",
10007477,1001634,"BLUEHDI 150",
10007474,1001634,"HDI 90",
10013322,1001545,"5.2 V12 쿠페 슈퍼레제라",
10004740,1001134,1.5,
10004395,1001082,"6인",
10004741,1001134,SPECIAL,
10013914,1002558,"택시형",
10008528,1001787,"2.8 GTI VR6",
10008756,1001851,P-GRADE,
10008757,1001851,"슈프림",
10008892,1001892,"1.8 해치백",
10009001,1001918,"2.5 2WD",
10009002,1001918,"2.5 4WD",
10009097,1001946,"2.0 4WD 디젤",
10009098,1001946,"2.4 2WD",
10009099,1001946,"2.4 4WD",
10009274,1001987,"투어링",
10010637,1002328,"2.4 디젤",
10010638,1002328,"2.5 디젤",
10009427,1001003,"LPI SLX",
10007695,1000813,"3.3 V6 GDI 프레스티지",
10004496,1000825,"덤프",
10010940,1002411,"웨건",
10004342,1000853,"4WD TLX",
10012812,1002655,"EV400 HSE",
10012420,1000948,"CLK240 카브리올레",
10010443,1002283,"1.4 5도어",
10011091,1002436,6.6,
10009954,1002177,"2.4 하이브리드",
10007486,1001637,"HDI 160",
10007665,1001670,"2.0 5도어",
10009889,1002156,5.7,
10009291,1001991,"2.7 2WD",
10017563,1003537,"더블캡/초장축/CRDI",
10017242,1003482,"다이내믹 AWD",
10017562,1003537,"일반캡/초장축/CRDI",
10017213,1003480,"1.0 TSI",
10009649,1002072,"슈퍼듀티",
10008993,1001914,4.0,
10012757,1002644,"2.0 VC-T 센서리 AWD",
10009665,1002078,"2.0 TDCI 트렌드",
10009666,1002078,"2.0 TDCI 티타늄",
10009669,1002079,GHIA,
10009714,1002096,"3.7 V6",
10009715,1002097,"2.7 AWD",
10009716,1002098,"3.7 AWD",
10009717,1002099,"3.5 FWD",
10009718,1002099,"3.5 AWD",
10009721,1002100,3.5,
10014774,1002100,"리저브 II FWD",
10013248,1002102,"3.5 블랙 라벨 L",
10009731,1002105,"리무진",
10017561,1003537,"킹캡/초장축/CRDI",
10011314,1002477,"1.4 터보 L",
10011319,1002479,EREV,
10017536,1003536,"콰트로",
10006882,1000986,2.7D,
10009757,1002113,"V8 6.2L",
10009770,1002119,"V 로드스터",
10009776,1002121,SLS,
10011518,1002523,"가솔린",
10008156,1001712,"3.6 프레스티지",
10009793,1002126,5.3,
10009796,1002127,"4.3 4WD",
10009820,1002132,6.5,
10009821,1002133,3.4,
10009824,1002134,"9인승",
10009830,1002135,"5.7 쿠페",
10009836,1002135,"6.2 컨버터블",
10011514,1002523,290,
10010592,1002316,"1.4 컬러 플러스",
10010589,1002316,"1.4 팝 이탈리아",
10010422,1002274,1.1,
10010421,1002274,1.0,
10011668,1002529,"1.8 S",
10003785,1000877,1.8,
10012335,1002517,"2.2 익스트림 스포츠 4WD",
10003938,1000920,"VGT 2WD",
10004137,1000935,"웨건 GLXi",
10004820,1000939,2.0,
10012797,1002650,"1.5 필",
10012981,1002676,"1.6 BlueHDi 소 시크",
10009957,1002179,"CXL 4WD",
10015272,1001135,"가솔린 4WD",
10013744,1002651,"1.5 BlueHDI 샤인팩",
10009808,1002129,6.2,
10009688,1002086,2.0,
10003727,1001237,"1.6 VVT",
10013002,1002680,"3.8 스파이더",
10012055,1002586,WIDE,
10011739,1002547,"3.5 2WD",
10011738,1002547,"2.4 2WD",
10010078,1002201,"2.4 리미티드",
10007701,1001678,"베타",
10009960,1002179,"CX 2WD",
10009959,1002179,"CX 4WD",
10009357,1002010,"WRX TR",
10011531,1002511,"밴",
10008225,1001727,"Z-4 2.5",
10009306,1001995,L,
10009213,1001970,2.4,
10009080,1001942,2.0,
10014703,1002584,"B6 AWD PRO",
10011952,1002572,"스포트 플러스",
10012525,1001738,"xDrive 30d",
10011598,1002517,"2.2 DX 4WD",
10008485,1001777,"V6 3.0 TDI LWB",
10008486,1001777,"V6 3.2 NWB",
10008487,1001777,"V6 3.2 LWB",
10011719,1002541,"3.8 쿠페",
10011437,1002502,"1.6 GDI 프레스티지",
10008722,1001835,STANDARD,
10008726,1001837,STD,
10008728,1001839,STD,
10008863,1001884,2WD,
10009797,1002127,"6.2 디젤 4WD",
10009801,1002128,6.2,
10009803,1002128,8.1,
10011154,1002450,"슈프림",
10011717,1002540,"3.8 쿠페",
10017165,1003472,"1.6 HEV 터보",
10012807,1002539,"4.0 스파이더",
10011716,1002539,"4.0 쿠페",
10011167,1002454,"SS 6.2 V8",
10011715,1002538,"3.8 스파이더",
10011381,1002490,"2.0 프리미엄 시티 블랙",
10010935,1002410,R,
10011714,1002538,"3.8 쿠페",
10006232,1001120,"3.7컨버터블",
10011713,1002537,"3.8 쿠페",
10004312,1001138,"2WD LIMITED",
10011711,1002536,"3.8 쿠페",
10012688,1002628,"2.5하이브리드",
10008421,1001763,"CLASSIC BEETLE",
10004397,1001184,LAND,
10003728,1001237,"1.5 VGT",
10011517,1002523,CT,
10011552,1002513,"소프트탑 TX7",
10011082,1002431,2.0L,
10011078,1002431,2.4L,
10010773,1002377,5.0,
10017535,1003535,"1.2 퓨어테크 48V GT ",
10008481,1001776,"2.0 TDI 블루모션",
10007508,1001642,"BLUEHDI 180",
10010772,1002376,5.0,
10017144,1003468,"프로",
10010585,1002316,1.2,
10017134,1003466,"(일반)트레일러",
10009968,1002184,4.3,
10011683,1002532,"디젤 2.2 2WD",
10011682,1002532,"디젤 2.0 2WD",
10011681,1002532,"가솔린 2.0 터보 4WD",
10008482,1001776,"2.0 TDI 블루모션 R라인",
10011680,1002532,"가솔린 2.0 터보 2WD",
10008484,1001777,"V6 3.0 TDI",
10008492,1001777,"W12 6.0 LWB",
10008494,1001778,"2.0 TDI",
10009786,1002123,3.1,
10009799,1002128,5.7,
10009804,1002129,4.3,
10009831,1002135,"6.2 쿠페",
10011670,1002531,1.8,
10011669,1002530,1.8,
10004288,1000804,"소프트탑",
10013503,1002529,"1.8 AWD",
10012803,1002651,"2.0 BlueHDi 샤인+",
10005678,1000948,"CLK55 AMG",
10011667,1002529,"1.8 E",
10010807,1002391,D4,
10011092,1002437,6.7,
10005041,1001010,400S,
10010936,1002411,"2.3 SE",
10017534,1003535,"1.2 퓨어테크 48V 알뤼르",
10010616,1002324,"THESIS 2.0 TURBO",
10003820,1001076,200,
10011726,1001335,"어린이보호차량",
10010500,1002297,"2.0 쿠페",
10010499,1002297,"1.8 쿠페",
10017524,1003534,3.9,
10007492,1001638,"1.6 E-HDI 뉴 라이트 시그니쳐",
10007493,1001638,"1.6 VTI 소 시크",
10010423,1002274,1.3,
10010754,1002366,"4.3 스쿠데리아",
10017102,1003461,V8,
10017211,1003460,"V12 6.5",
10010350,1002261,"S 로드스터",
10015060,1002150,"드날리",
10009314,1001997,1.3,
10012509,1001713,"M5 세단 30주년 에디션",
10009247,1001977,LS,
10009046,1001933,3.5,
10008991,1001914,3.5,
10004164,1000838,1.8,
10004761,1000869,1.8,
10008647,1001803,"쿠페",
10008938,1001904,"2WD X",
10009052,1001934,"익스클루시브",
10012557,1001940,"JX35 4WD",
10009133,1001950,1.6,
10009141,1001952,5.7,
10009154,1001957,"세단",
10009155,1001957,"해치백",
10008773,1001858,1.5,
10009826,1002135,"3.4 쿠페",
10009828,1002135,"3.8 쿠페",
10003541,1000870,GS300,
10011526,1002525,"FX5 CT",
10011525,1002525,FX7,
10011522,1002525,290S,
10004073,1000806,"냉동탑",
10004588,1000854,"1.6 GDI 디럭스",
10011519,1002524,230S,
10011516,1002523,FX7,
10005042,1001010,500S,
10004240,1001153,LEX24,
10003581,1001162,"2.0 LPG",
10005148,1001240,"RX5 2WD",
10003556,1000870,JL380(LIMOUSINE),
10004411,1001335,"이지무브",
10017523,1003533,"3.0 PHEV",
10017084,1003457,"스마트",
10011515,1002523,FX5,
10013253,1001638,"1.6 E-HDi 비 시크",
10007495,1001639,"1.6 E-HDI 소 시크",
10013044,1002521,"가솔린 2300",
10017522,1003532,"V12 6.5",
10013043,1002521,"가솔린 2000",
10011508,1002521,"EX 3.2",
10010627,1002327,1.8,
10010941,1002412,2.0,
10009998,1002191,"2.8 쿠페",
10012593,1002163,5.9L,
10009798,1002128,5.3,
10008357,1001757,3.0,
10009763,1002116,4.6,
10009705,1002091,3.0,
10011274,1001999,1.0,
10008488,1001777,"V6 3.2 TDI NWB",
10009057,1001937,EX37,
10005190,1000885,"엠블런스",
10008657,1001804,"패션 터보",
10008739,1001843,P-GRADE,
10009844,1002138,"2.0 터보",
10009846,1002138,2.4,
10009849,1002140,2.2,
10009894,1002157,6.0,
10009900,1002159,5.3,
10009901,1002159,5.7,
10008511,1001782,2.0,
10014312,1002876,"2.0 TDI 프리미엄",
10017521,1003531,"V12 6.5",
10012897,1002670,"1.0 가솔린",
10010955,1002413,"2.0T 벡터",
10010993,1002418,"2.3 CS",
10004589,1000854,"1.6 GDI 럭셔리",
10004129,1000860,"5DR 1.3",
10011435,1002501,"1.6 GDI",
10005679,1000948,"CLK63 AMG",
10014957,1001066,"수출형",
10004997,1001124,"3.5 RE",
10011528,1002510,"9인승",
10011529,1002510,"밴",
10013266,1002490,"2.0 카페 틱",
10007506,1001642,"BLUEHDI 120",
10011072,1002428,"1.5 G 4WD",
10010945,1002412,2.9,
10017520,1003530,"3.0 TFSI",
10010944,1002412,2.5,
10010358,1002262,R,
10011555,1002514,"밴 290S",
10010013,1002195,"3.6 AWD",
10012539,1001804,"스페셜에디션",
10012540,1001804,"카브리오 터보",
10008774,1001858,"EX 1.5",
10008784,1001863,0.6,
10010493,1002296,1.8,
10009220,1001971,"SPYDER GT",
10009888,1002155,"5.3 V8",
10008593,1001793,S,
10009615,1002062,"2.5 LXI",
10009671,1002080,"2.9 4X4",
10009676,1002082,LX,
10009694,1002088,"SEL 2WD",
10009850,1002140,4.3,
10009851,1002141,1.6,
10012816,1002657,"프레스티지",
10012756,1002644,"2.0 VC-T 에센셜",
10013416,1002732,"스페셜리티버스",
10009872,1002149,2.2,
10009873,1002149,4.3,
10009876,1002150,2500HD,
10007097,1001544,"6.0 V12",
10009885,1002154,"2.4 2WD",
10009890,1002156,"6.5(디젤)",
10009893,1002157,5.0,
10012401,1002614,"2인승",
10013440,1002735,"4.4 그란쿠페 컴페티션",
10012334,1002517,"2.2 익스트림 스포츠 2WD",
10010404,1002269,1.3,
10017448,1003447,"엔트리",
10012610,1001670,"V6 스포트",
10004887,1000798,2.0,
10003708,1000820,"4DR 1.3",
10004468,1000822,"12인",
10005130,1001011,"2.0 EV5",
10011599,1002517,"2.2 익스트림 4WD",
10004810,1001077,"1.6 다이아몬드",
10004936,1001142,"RE 20",
10004937,1001142,XE,
10011597,1002517,"2.2 RX 4WD",
10011595,1002517,"2.2 익스트림 2WD",
10007700,1001677,"0.6 4WD",
10011594,1002517,"2.2 DX 2WD",
10011593,1002517,"2.2 RX 2WD",
10007496,1001639,"1.6 E-HDI 소 시크 플러스",
10013441,1002735,"4.4 쿠페 컴페티션",
10014883,1002735,"4.4 컨버터블 컴페티션",
10010998,1002419,"CDE 2.0 TURBO",
10010942,1002412,2.3,
10010004,1002192,"5.7 쿠페",
10012800,1002651,"1.5 BlueHDi 샤인",
10012801,1002651,"1.6 BlueHDi 필",
10012467,1001767,"2.0 TFSI",
10010003,1002191,"3.8 컨버터블",
10008661,1001805,1.3,
10008664,1001807,"5.5 V12",
10009225,1001973,GPX,
10009229,1001975,"2.0 4WD",
10009910,1002162,"CLUB CAB 4X4",
10008151,1001711,"컨버터블",
10009727,1002104,SIGNATURE,
10009624,1002065,"4.0 V6",
10009592,1002055,"2.8 디젤",
10009695,1002088,"SEL 4WD",
10009711,1002094,3.7,
10009712,1002095,3.7,
10009902,1002160,3.7,
10009903,1002160,5.3,
10009908,1002162,"QUAD CAB 4X4",
10009337,1002006,B4,
10009922,1002166,6.1,
10009930,1002170,2.0,
10009116,1001948,"1.3 ZX 4WD",
10011506,1002521,601,
10008284,1001740,"X6 M",
10004888,1000798,"2.0 ENJOY",
10011551,1002513,"하드탑 TX7",
10003710,1000820,"4DR 1.5",
10003543,1000870,JS300,
10003544,1000870,JS330,
10005048,1001010,"700S 마제스티",
10013045,1002521,"가솔린 3200 IL6",
10011549,1002513,"하드탑 TX5 CT",
10011548,1002513,"소프트탑 TX5",
10004913,1000978,CE,
10006587,1001014,"2.0 LIMITED",
10011547,1002513,"하드탑 TX5",
10011546,1002513,"하드탑 602EL CT",
10013389,1002723,"1.5 BlueHDi 오페라",
10003721,1001157,"1.4 DOHC",
10003578,1001162,1.8,
10012802,1002651,"2.0 BlueHDi 샤인",
10011544,1002513,"가솔린 하드탑 320LX",
10003508,1001336,Q240,
10012663,1002622,"SS 6.2 V8",
10011543,1002513,"소프트탑 290SR",
10011542,1002513,"하드탑 290SR",
10011541,1002513,"하드탑 290SL",
10012075,1001639,"1.6 E-HDI 비 시크",
10013251,1001639,"1.6 BlueHDi 비 시크",
10011539,1002513,"가솔린 소프트탑 230SR",
10011521,1002524,FX5,
10011538,1002513,"가솔린 하드탑 230SR",
10007957,1001699,"200 블루이피션시",
10007964,1001699,"350 AMG",
10011537,1002513,"가솔린 하드탑 230SL",
10011512,1002522,FX5,
10011536,1002513,"하드탑 230SR",
10011535,1002513,"하드탑 230SL",
10011534,1002512,"밴",
10011533,1002512,"9인승",
10013067,1002682,"2.5 SL 테크",
10008441,1001768,"2.0 TDI",
10011477,1002506,"M 쿠페",
10008493,1001778,"1.4 TSI",
10012119,1002452,"2.0 T",
10008796,1001866,"3.2 쿠페",
10009945,1002174,1.8,
10009948,1002174,"2.4 R/T",
10008513,1001783,GL,
10004594,1000854,"1.6 디젤 스마트",
10008514,1001783,"1.9 TDI",
10009723,1002101,3.5,
10012769,1002646,"1.5 터보 쿠페",
10013867,1002799,3.5,
10009332,1002006,"2.5I 웨건",
10004324,1001243,"2WD 터보 GDI LX",
10008931,1001903,2.5,
10013547,1002751,3.0,
10014205,1001804,"브라부스",
10013252,1001639,"1.6 BlueHDi 소 시크",
10008420,1001763,STD,
10007965,1001699,"55 AMG",
10012402,1002614,"5인승",
10013549,1002752,0.6,
10008202,1001723,"M6 그란쿠페",
10008206,1001724,740,
10015259,1002876,"2.0 GTI",
10012019,1002578,F-SPORT,
10008665,1001808,"6.0 V12",
10011520,1002524,290S,
10008942,1001904,"4WD 오프로드",
10009089,1001945,1.8,
10009244,1001977,"8세대",
10009245,1001977,"9세대",
10009287,1001989,ROADSTER,
10009288,1001989,PRESSO,
10009744,1002108,"스포츠 웨건",
10009952,1002175,"3.8 V6",
10009962,1002181,3.4,
10009966,1002183,3.1,
10009967,1002184,4.2,
10009969,1002185,2.2,
10009976,1002186,"5.7 GXP",
10009981,1002187,"3.1 세단",
10009986,1002188,4.6,
10009987,1002189,"2.2 세단",
10009988,1002189,"2.4 세단",
10009989,1002189,"2.2 쿠페",
10009990,1002189,"2.4 쿠페",
10009991,1002189,"2.2 컨버터블",
10009992,1002189,"2.4 컨버터블",
10009995,1002190,"2.0 컨버터블",
10009996,1002190,"2.4 컨버터블",
10010007,1002193,2.8,
10010079,1002201,"2.4 스포츠",
10004825,1000830,2.2,
10004868,1000842,3.6,
10003545,1000870,"JS330 PREMIER",
10005188,1000885,"15인",
10011530,1002511,"기본",
10004687,1000926,SE,
10013060,1002510,HI-DLX,
10011527,1002510,"기본",
10004753,1001034,"4DR 1.3 SOHC",
10011503,1002509,"프라임",
10010624,1002325,1.6,
10012817,1002657,"노블레스",
10011502,1002509,"에디션",
10010756,1002367,"6.3 V12",
10011501,1002509,"패션",
10003509,1001336,Q270,
10003511,1001336,"Q270 LPI",
10011493,1002508,"2.8디젤",
10007497,1001640,"1.6 E-HDI 시크",
10011255,1002467,"1.6 노블레스",
10010700,1002344,2.0,
10007838,1001692,"E550 4MATIC",
10010877,1002399,"T5 AWD",
10010631,1002328,1.8,
10010964,1002414,"2.8T 에어로",
10010630,1002328,1.6,
10008830,1001875,2.4,
10009055,1001935,"P그레이드",
10009056,1001936,"스포츠타입",
10009101,1001946,"2.5 2WD",
10012544,1001946,"2.0 2WD",
10009253,1001978,"ES V-6",
10009255,1001979,2.4,
10009261,1001980,"에볼루션",
10009289,1001990,1.3S,
10009290,1001990,1.5D,
10017454,1003525,"프리미엄",
10011550,1002513,"소프트탑 TX5 CT",
10011510,1002522,230S,
10009578,1002049,"2.7L V6",
10009608,1002060,"2.7 컨버터블",
10009612,1002061,"2.7 세단",
10010010,1002195,"3.4 FWD",
10010012,1002195,"3.6 FWD",
10009974,1002186,"3.8 GT",
10009970,1002185,2.4,
10010411,1002271,"2.0 CDT",
10009875,1002150,1500HD,
10008855,1001882,"2WD LX",
10012057,1002586,"SR X",
10004256,1000875,2.5,
10012367,1002609,"3.8 GDI",
10011155,1002451,5.0,
10012651,1002619,"1.6 T-GDI 프레스티지",
10011559,1002514,"밴 TX5",
10004283,1000799,"기본",
10004919,1000978,"1.6 CE",
10013505,1002746,"3.0 리저브 AWD",
10004754,1001034,"4DR 1.5 SOHC",
10013522,1002747,"1.3 TCe 260 파리 에디션",
10010062,1002199,"2.5 SE",
10012881,1002666,"이그제큐티브",
10011216,1002460,"노블레스",
10010586,1002316,1.4,
10009874,1002150,1500,
10013325,1002126,2.8,
10011384,1002491,0.6,
10009745,1002109,2.8,
10008763,1001855,STD,
10004398,1001184,PARK,
10008715,1001831,STD,
10012805,1002652,"1.5 BlueHDi 샤인",
10008701,1001824,"프리미엄",
10008208,1001724,750,
10011953,1002573,"3.5 슈프림",
10017450,1003523,3X,
10011567,1002515,"CLASSY 4WD",
10011409,1002494,"1.5 럭셔리",
10013580,1002760,"1.5 dCi 인텐스",
10005126,1000899,LV7,
10007500,1001640,"2.0 HDI 소 시크",
10007502,1001642,"2.0 E-HDI 시크 플러스",
10017235,1003421,"로우형/킹캡/초장축",
10011408,1002494,"1.5 모던",
10007840,1001692,"E63 AMG",
10011403,1002493,"디젤 2.2 4WD",
10008945,1001906,1.5,
10008949,1001907,1.5,
10011402,1002493,"디젤 2.2 2WD",
10013268,1002490,"2.0 AWD",
10013267,1002490,"2.0 갤러리 화이트",
10003784,1000877,1.6,
10004273,1000933,2.0,
10013036,1002490,"2.0 스마트 패키지",
10011509,1002521,"터보인터쿨러",
10011511,1002522,290S,
10012968,1002490,"2.0 스포츠 프로어시스트",
10012967,1002490,"2.0 스포츠 에센셜",
10012889,1002668,"1.4 아바스",
10012045,1002584,"D5 프로 AWD",
10003801,1000919,"2.0 GTS",
10012965,1002490,"2.0 에센셜",
10014592,1002684,"35 TDI 프리미엄 스포트백",
10011383,1002490,"2.0 익스클루시브 시티 블랙",
10005674,1000948,CLK320,
10011382,1002490,"2.0 익스클루시브",
10011380,1002490,"2.0 프리미엄",
10013891,1002801,VAN,
10010969,1002414,"2.0T 컨버터블 벡터",
10011712,1002536,"3.8 스파이더",
10010497,1002297,"2.0 세단",
10010435,1002276,"1.6 ST 컨버터블",
10010318,1002249,"4.0 SEL 프리미엄",
10009160,1001958,"1.8 X",
10008731,1001841,"5인승",
10009070,1001941,"V6 2WD SR5 SPORT",
10009180,1001962,"2.0 디젤",
10009292,1001991,"2.7 4WD",
10009293,1001992,SPORT,
10009355,1002010,"WRX LIMITED 세단",
10009362,1002013,3.2,
10009388,1002018,"터보 RS",
10012577,1002066,2.4,
10009628,1002067,"2.7 LX",
10009630,1002068,"쿠페 3.2",
10009631,1002068,"로드스터 3.2",
10009632,1002068,SRT-6,
10009633,1002069,LX,
10004401,1001258,"6인",
10009158,1001957,"1.8 가솔린",
10009693,1002088,"SE 4WD",
10009819,1002132,6.0,
10011562,1002515,"CHIC 2WD",
10011438,1002502,"1.6 GDI 터보 노블레스",
10004413,1001335,"리무진",
10010082,1002202,3.7,
10007517,1001646,"2.5 LTZ",
10011440,1002504,EV,
10004759,1000855,1.5,
10003555,1000870,JL350(LIMOUSINE),
10004219,1000908,1.8,
10004948,1000979,"520 LE",
10004989,1000980,"2.3 XE",
10013841,1002433,"6.6 V12 블랙 배지",
10011002,1002419,"CS 2.3",
10010761,1002371,"스파이더",
10010870,1002398,T2,
10005144,1001151,NOBLESSE,
10010607,1002321,"C 컴페티지온",
10005001,1001174,"2.5 LE",
10004399,1001184,"LPG E-TEC",
10010447,1002284,"1.6 E-HDI 악티브",
10010130,1002211,"2.2 디젤",
10010818,1002392,2.4T,
10009817,1002132,"5.3 AWD",
10007335,1001600,3.5,
10007749,1001688,"쿠페",
10009719,1002100,2.0,
10009585,1002052,2.0,
10007661,1001670,"1.5 3도어",
10009582,1002051,2.4L,
10009303,1001995,G,
10010817,1002392,2.4,
10008718,1001831,AWD,
10008735,1001842,SPORT,
10010816,1002392,2.0T,
10008956,1001909,"3.5 S",
10008957,1001909,"3.5 SE",
10009302,1001993,"1.6 스포츠",
10009233,1001976,LS,
10017617,1003550,"드날리 얼티밋",
10009071,1001941,"V6 4WD LIMITED",
10009300,1001993,"1.5L VVT 3-DOOR",
10009069,1001941,"V6 2WD SR5",
10008748,1001848,"이그제큐티브",
10010431,1002275,2.0,
10012063,1002588,PLATINUM,
10012062,1002588,"PREMIUM LUXURY",
10010361,1002263,SE,
10011723,1002544,5.4,
10011343,1002484,GT-4,
10011342,1002484,2.0,
10010121,1002209,3.2,
10010001,1002191,"3.4 쿠페",
10009973,1002186,3.8,
10011341,1002484,1.8,
10013407,1002729,"6.5 V12",
10011317,1002478,"1.4 터보 LS",
10004914,1000978,PE,
10004915,1000978,LE,
10017549,1003404,"라운지",
10012400,1002613,"1.5 더블캡",
10006894,1001216,3.2,
10008454,1001770,"2.0 TSI R",
10011079,1002432,0.6,
10011011,1002420,"3.0 2WD",
10011010,1002420,"2.8 4WD",
10010360,1002263,S,
10007750,1001688,"로드스터",
10010359,1002262,SC,
10017588,1003544,"프리미엄 스포츠",
10008516,1001784,"1.8 GTI",
10009895,1002157,6.2,
10017586,1003543,"1.2톤 초장축/킹캡",
10012526,1001738,"xDrive 35i",
10009800,1002128,6.0,
10013292,1002704,"프리미엄 스페셜",
10008859,1001883,"SI 4WS",
10009087,1001945,1.6,
10009073,1001941,"V6 4WD SR5 SPORT",
10009074,1001941,"V8 2WD LIMITED",
10013291,1002704,"모던 스페셜",
10009852,1002141,2.5,
10009887,1002155,4.2,
10009963,1002181,3.8,
10009086,1001945,1.5,
10008147,1001711,3.5,
10012753,1002642,2.0,
10011439,1002503,"1.6 GDI 노블레스",
10012766,1002646,"1.5 터보",
10011318,1002478,"1.4 터보 LT",
10010060,1002199,"2.4 래티튜드",
10010071,1002199,"3.7 래티튜드",
10010072,1002199,"3.7 리미티드",
10010073,1002199,"4.0 리미티드",
10011316,1002477,"1.4 터보 LT",
10012535,1001803,"쿠페 터보",
10011315,1002477,"1.4 터보 LS",
10011787,1002476,"1.6 디젤 LT 디럭스",
10003773,1000843,1.5,
10011313,1002476,"1.4 터보 LTZ 디럭스",
10008869,1001885,2.8,
10011312,1002476,"1.4 터보 LTZ",
10011311,1002476,"1.4 터보 LT 디럭스",
10008872,1001886,V,
10011159,1002453,"1.6 BLUEHDI 필",
10004123,1001040,"4DR 1.3",
10012590,1002434,"6.7 V12 드롭헤드 쿠페",
10010934,1002410,"웨건",
10003722,1001157,"1.6 VVT ",
10012880,1002665,"2.0 슈프림",
10008884,1001890,"0.6 4WD",
10010622,1002324,"KAPPA 3.0",
10010495,1002296,"웨건",
10012854,1002284,"1.5 BLUEHDI 알뤼르",
10007364,1001614,2.0,
10007374,1001617,3.0,
10007504,1001642,"2.0 E-HDI 익스큐티브",
10009212,1001970,2.2,
10008860,1001883,"TYPE SH",
10008862,1001883,VTEC,
10009121,1001948,"1.5 4WD",
10009076,1001941,"V8 2WD SR5 SPORT",
10009195,1001966,3.0,
10009315,1001997,1.5,
10009317,1001999,0.6,
10009318,1002000,0.6,
10009320,1002001,X,
10009049,1001933,"Y그레이드",
10009007,1001918,"3.3 2WD",
10008422,1001763,"SUPER BEETLE",
10013148,1002689,"3.6 AWD 프리미어",
10011954,1002573,"3.5 럭셔리 AWD",
10011309,1002476,"1.4 터보 LS",
10009696,1002088,LIMITED,
10009697,1002089,"2.0 BASE",
10009710,1002094,"3.5 AWD",
10009740,1002108,"3.0 럭셔리",
10009742,1002108,"3.6 프리미엄",
10012798,1002650,"1.5 샤인",
10013577,1002760,"1.3 TCe 인텐스",
10013578,1002760,"1.3 TCe 에디션 파리",
10010384,1002266,"4WD 2.3 S 투어링",
10009815,1002132,5.0,
10009587,1002053,2.0,
10010994,1002418,"쿠페 3DR",
10008907,1001898,1.6,
10004992,1000980,"3.5 RE",
10004728,1000805,"1.5 레이서",
10009316,1001998,0.6,
10004165,1000852,1.5,
10003723,1001157,"1.6 VVT SPORTY",
10008651,1001803,"펄스 터보",
10008280,1001738,"액티브 하이브리드",
10011247,1002464,XU10,
10007816,1001692,E220,
10012038,1002583,"프리미엄",
10011685,1002532,"디젤 2.2 4WD",
10011286,1002473,CXL,
10007505,1001642,"THP 165",
10007507,1001642,"BLUEHDI 150",
10011285,1002473,CX,
10011283,1002472,850CSI,
10011282,1002472,850CI,
10003542,1000870,GS350,
10008209,1001724,760,
10017105,1003393,"스탠다드 2WD",
10011281,1002472,840CI,
10011280,1002472,830I,
10008968,1001911,"2WD LE CREWCAP",
10009013,1001921,"2.0 쿠페",
10009077,1001941,"V8 4WD LIMITED",
10009544,1002043,GT-LTD,
10009545,1002043,GT-T,
10011271,1002471,"시내버스",
10011259,1002469,1.3,
10015061,1002150,"드날리-X",
10013255,1002163,5.7L,
10011258,1002468,1.3,
10011256,1002467,"1.6 디젤 노블레스 스페셜",
10011254,1002467,"1.6 프레스티지",
10010114,1002207,"3.0 V6",
10010115,1002207,"4.0 V8",
10010117,1002207,"4.2 R",
10010120,1002209,3.0,
10010129,1002211,2.0,
10010133,1002212,"4.2 V8",
10011253,1002467,"1.6 트렌디",
10010819,1002392,2.4D,
10004688,1000926,SUPER,
10005964,1000982,"쿠페 1.8",
10010590,1002316,"1.4 라운지 이탈리아",
10011252,1002466,F-SPORT,
10004125,1001040,"5DR 1.3",
10011251,1002466,"이그제큐티브",
10012938,1002465,"L-Grade XU10",
10011249,1002465,XU10,
10012954,1002464,P-Grade,
10010943,1002412,"2.4(디젤)",
10004818,1000939,1.8,
10010820,1002392,2.5T,
10010781,1002382,"6.0 V12",
10010517,1002301,"1.6 E-HDI 프리미엄",
10005641,1000947,CL550,
10009827,1002135,"3.6 쿠페",
10004946,1000979,520,
10009228,1001975,"2.0 2WD",
10008736,1001842,AWD,
10004950,1000979,"SPECIAL EDITION",
10010353,1002261,S260,
10010089,1002203,"2.4 리미티드 4DR 4X4",
10008745,1001847,"이그제큐티브",
10008746,1001847,F-SPORT,
10008864,1001884,"4WD DELUXE",
10008865,1001884,"4WD PREMIUM",
10008969,1001911,"2WD LE KINGCAP",
10009079,1001941,"V8 4WD SR5 SPORT",
10009082,1001943,"4WD V6",
10008275,1001738,"35 I",
10007810,1001692,"190 E",
10011275,1002004,"1.3 컨버터블",
10009327,1002006,"2.0 웨건",
10012054,1002586,FX,
10009627,1002066,3.3,
10004574,1001264,"해치백(5도어) 럭셔리",
10009743,1002108,COUPE,
10004412,1001335,"프레지던트",
10009923,1002167,GTS,
10012306,1002606,"HEV 1.4",
10012953,1002464,L-Grade,
10011248,1002464,XU30,
10003510,1001336,L330,
10004716,1001342,"2인",
10004689,1000926,SX,
10004691,1000926,DX,
10005959,1000943,2.0,
10004916,1000978,"EDITION SPECIAL",
10005968,1000982,"로드스터 1.8 콰토르",
10013583,1002762,X5M,
10013585,1002764,X6M,
10003724,1001157,"1.5 VGT",
10003725,1001157,"하이브리드",
10010866,1002398,D2,
10012598,1002182,4.0,
10009840,1002137,2.9,
10009297,1001993,"1.3L 5-DOOR",
10004570,1001264,"디럭스",
10009135,1001950,"1.8 XRS",
10009972,1002186,3.1,
10008761,1001853,5.0,
10008754,1001851,MOBILITY,
10012879,1002664,"2.0T AWD PROASSIST",
10012799,1002651,"1.5 BlueHDi 필",
10011566,1002515,"CLUBBY 4WD",
10013926,1002809,"1.2 하이브리드 S",
10010405,1002269,"40 LE",
10014313,1002876,"2.0 TDI 프레스티지",
10009886,1002154,"2.4 4WD",
10009597,1002056,"2.8 디젤",
10009329,1002006,"2.5GT SPEC.B",
10009221,1001972,VR-4,
10008882,1001889,3.5,
10008747,1001848,"슈프림",
10014743,1001848,"럭셔리",
10008866,1001885,2.0,
10008868,1001885,"2.5 TURBO",
10008970,1001911,"2WD SE CREWCAP",
10008971,1001911,"2WD SE KINGCAP",
10008972,1001911,"2WD XE CREWCAP",
10012543,1001944,"스파이더",
10008881,1001889,3.0,
10010134,1002007,3.6,
10008355,1001757,2.8,
10008277,1001738,"40 D",
10007351,1001607,1.5,
10007411,1001622,"4DR 1.4 MPI 트렌디",
10008205,1001724,735,
10004917,1000978,"1.6 XE",
10004918,1000978,"1.6 FE",
10003853,1000991,"이노베이션",
10010457,1002286,2.0,
10007102,1001549,"6.0 V12",
10007818,1001692,E230,
10012980,1001642,"2.0 E-HDI 소 시크 플러스",
10013584,1002763,4.4,
10014641,1002763,M,
10011205,1002459,3.5,
10013249,1002699,"1.5 터보",
10011788,1002476,"1.6 디젤 LTZ",
10011396,1002492,1.8,
10012561,1002492,1.6,
10011012,1002420,"3.0 4WD",
10010523,1002301,"2.0 럭스",
10010319,1002250,"1.6 하이브리드",
10013765,1002682,"2.5 스페셜 에디션",
10008749,1001849,STD,
10008758,1001851,"이그제큐티브",
10008871,1001886,S,
10008973,1001911,"2WD XE KINGCAP",
10008974,1001911,"4WD LE CREWCAP",
10009091,1001945,"2.0 GT",
10009092,1001945,"2.0 GTS",
10011004,1002419,"CSE 2.0 TURBO",
10009347,1002008,"2.0 D",
10009348,1002009,"2.5 I",
10012566,1002009,"2.5 RS",
10010317,1002249,"4.0 SEL",
10009810,1002130,5.3,
10011066,1002428,"1.5 2WD",
10009668,1002079,GLX,
10009670,1002079,"2.0 디젤",
10009814,1002132,4.8,
10009823,1002134,"GT 클래식",
10009825,1002134,"11인승 롱밴",
10009698,1002089,"2.5 GT",
10009321,1002001,"X LIMITED",
10009248,1001977,IX,
10004729,1000805,"1.5 펜타",
10003711,1000820,"4DR 1.5 (린번)",
10003712,1000820,"5DR 1.5",
10008900,1001896,2.0,
10011168,1002454,"SS 6.2 V8 볼케이노레드",
10013766,1002453,"1.6 BlueHDI 원톤 에디션",
10004742,1001134,2.0,
10008200,1001723,"M6 쿠페",
10012899,1002453,"1.5 BlueHDi 샤인",
10012898,1002453,"1.5 BlueHDi 필",
10004571,1001264,"럭셔리",
10008211,1001724,"B7 알피나",
10011067,1002428,"1.5 4WD",
10011160,1002453,"1.6 BLUEHDI 샤인",
10010979,1002415,"2.3 에어로 터보",
10007105,1001551,"6.0 V12",
10011250,1002466,"슈프림",
10007297,1001588,i3,
10010897,1002403,"R AWD",
10007511,1001643,"익스클루시브",
10009978,1002187,"2.3 쿠페",
10009360,1002012,3.2,
10009254,1001978,ES,
10009170,1001960,RS200,
10008914,1001899,GTS-T,
10008913,1001899,GTS,
10008523,1001787,"1.8 GL",
10008759,1001851,F-SPORT,
10008982,1001912,2.5,
10008983,1001912,3.5,
10008985,1001914,2.5,
10008987,1001914,3.0,
10009205,1001968,2.7,
10009210,1001969,"하이브리드",
10009216,1001971,GT,
10009333,1002006,"2.5I LIMITED 웨건",
10009334,1002006,3.0R,
10009351,1002010,"WRX 4DR 스텐다드",
10009672,1002080,"5.0 4X4",
10009673,1002080,"5.7 4X4",
10009675,1002081,"쿠페",
10009682,1002084,"4.0 4X2",
10009683,1002084,"4.0 4X4",
10013653,1002773,"3.6 익스트림 2WD",
10013654,1002773,"3.6 익스트림 4WD",
10003713,1000820,"5DR 1.5 (린번)",
10013655,1002773,"3.6 익스트림-X 4WD",
10013656,1002773,"3.6 Z71-X 4WD",
10014888,1000946,"CLA 180",
10004466,1000897,GX,
10012655,1002620,"노블레스",
10010826,1002392,R,
10004396,1001184,TRIP,
10004573,1001264,"해치백(5도어) 디럭스",
10008551,1001790,2.5,
10007514,1001644,"이스테이트",
10007515,1001645,EV,
10012653,1002619,"1.6 T-GDI 노블레스 스페셜",
10010628,1002327,2.0,
10010526,1002301,"2.2 GT",
10010511,1002300,"2.7 HDI",
10008764,1001856,"2WD LX",
10014767,1002299,"2.0 HDI 스포트",
10016658,1003376,600,
10009679,1002083,"E150 VAN",
10009217,1001971,RS,
10009342,1002007,"3.0 R 리미티드",
10009364,1002015,1.5,
10009366,1002016,1.8,
10009678,1002082,GL,
10009680,1002083,"E250 VAN",
10009681,1002083,"E350 VAN",
10011596,1002517,"2.2 KX 4WD",
10009677,1002082,"NEW SE",
10014768,1002100,"리저브 200A",
10013244,1002102,"3.5 리저브 L",
10012597,1002135,"7.0 쿠페",
10013870,1002137,3.6,
10009912,1002164,3.9,
10009913,1002164,5.2,
10009914,1002164,5.4,
10010135,1002007,"3.6 R 리미티드",
10008823,1001873,"2.4 쿠페",
10010061,1002199,"2.4 리미티드",
10008452,1001770,"2.0 TDI",
10013754,1002584,"B5 AWD",
10008203,1001724,728,
10007952,1001698,200,
10007354,1001607,2.4,
10013145,1002689,"3.6 AWD LT 레더",
10004889,1000798,"2.0 SPECIAL",
10004730,1000805,2.0,
10003714,1000820,"3DR 스포티",
10008656,1001804,"패션 MHD",
10004920,1000978,"1.6 LE",
10011777,1002551,1.5,
10011087,1002433,"6.6 V12 EWB",
10008660,1001804,"카브리오 디젤",
10012904,1002393,"D4 AWD",
10008683,1001817,F-SPORT,
10010832,1002393,D4,
10010762,1002371,"챌린지 스트라달레",
10009197,1001966,4.0,
10012534,1001589,"i8 레드 에디션",
10007326,1001598,XL,
10009196,1001966,3.5,
10007516,1001646,"2.5 LT",
10008915,1001899,GTR,
10008711,1001829,"슈프림",
10008912,1001899,GT-T,
10008818,1001873,2.0,
10008600,1001795,"카브리올레",
10011358,1002486,1.5,
10012558,1002490,2.2D,
10007353,1001607,2.0,
10008712,1001829,"이그제큐티브",
10017452,1003371,"블랙 배지",
10008515,1001784,1.6,
10016621,1003371,"EV 쿠페",
10008765,1001856,"2WD EX",
10008769,1001857,"2.0 2WD",
10011720,1002541,"3.8 스파이더",
10008880,1001888,"3.5 플래티넘",
10008989,1001914,3.3,
10009102,1001946,"2.5 4WD",
10011978,1002575,1.3,
10009222,1001972,SL,
10009223,1001973,GR,
10009224,1001973,GPR,
10011109,1002444,1.8,
10008713,1001829,"F SPORT",
10011108,1002444,1.6,
10011107,1002444,1.4,
10011106,1002443,1.6,
10008720,1001833,STD,
10013068,1000926,"밴",
10011105,1002443,1.5,
10016602,1003369,"슈퍼캡 롱레인지 프리미엄",
10004289,1001039,"2.0 하드탑",
10011104,1002443,1.4,
10011103,1002443,1.2,
10008721,1001834,STD,
10011102,1002442,"2도어 카브리올레",
10011101,1002442,"5도어 해치백",
10010925,1002409,2.3,
10007327,1001598,XLS,
10010924,1002408,2.4,
10008727,1001838,4.6,
10010538,1002306,"2.0 HDI",
10012878,1002664,"2.0T AWD ESSENTIAL",
10013001,1002680,"3.8 쿠페",
10009498,1002032,2.4,
10009496,1002031,3.6,
10009298,1001993,"1.3L DDIS 3-DOOR",
10008732,1001841,"4인승",
10008524,1001787,"1.8 GTI",
10008526,1001787,"2.0 TDI",
10008883,1001890,0.6,
10008990,1001914,"3.3 4WD",
10011389,1001946,"2.5 4WD 하이브리드",
10009191,1001964,"1.3 RACY",
10008734,1001842,"슈프림",
10009017,1001924,"쿠페",
10008831,1001875,3.5,
10009853,1002142,5.7,
10009941,1002172,3.0,
10008750,1001849,P-GRADE,
10008738,1001843,S-GRADE,
10007831,1001692,E350,
10007828,1001692,E320,
10010063,1002199,"2.5 스포트",
10010065,1002199,"2.5 래티튜드",
10011100,1002442,"3도어 해치백",
10011099,1002442,"세단",
10011098,1002441,2.2,
10011097,1002441,2.0,
10011096,1002440,1.4,
10011095,1002439,2.2,
10011094,1002439,2.0,
10004159,1000836,1.8,
10004555,1000927,1.8,
10004556,1000927,2.0,
10011093,1002438,6.8,
10014702,1002436,"블랙 배지",
10012312,1000978,"엔트리",
10003579,1001162,2.0,
10012078,1002435,"6.6 V12 블랙 배지",
10011090,1002435,"6.6 V12",
10008751,1001849,L-GRADE,
10012589,1002434,"6.7 V12 쿠페",
10008760,1001852,F-SPORT,
10011089,1002434,"6.7 V12 EWB",
10011068,1002428,"1.5 X 2WD",
10011086,1002433,"6.6 V12",
10010908,1002405,T6,
10010666,1002333,"4.7 스포츠",
10008889,1001892,"1.8 세단",
10008893,1001893,"세단",
10008992,1001914,"3.5 4WD",
10008996,1001914,"5.6 4WD",
10005676,1000948,CLK430,
10009747,1002109,"3.6 기본형",
10009854,1002142,"6.2 디젤",
10009946,1002174,2.0,
10010414,1002272,1.0,
10004119,1000807,"4DR 1.3",
10010370,1002265,"2WD 2.0 투어링",
10010112,1002207,"2.5 V6",
10010113,1002207,"2.7 D",
10010084,1002202,"5.7 헤미",
10005049,1001010,"700S 트라이엄",
10009596,1002056,"2.5 디젤",
10009540,1002042,CT200H,
10010542,1002307,"1.6 다이나미크",
10017550,1003361,"HEV 1.6 카고 2인승 ",
10007827,1001692,E300,
10010541,1002307,1.6,
10007739,1001686,SL600,
10007509,1001643,L4,
10003875,1000849,LPG,
10012611,1001630,"1.6 HDI",
10011841,1002558,"프리미엄",
10003765,1000929,1.2,
10011071,1002428,"1.5 G 2WD",
10011070,1002428,"1.5 X 하이브리드",
10011069,1002428,"1.5 X 4WD",
10011900,1002563,"2.0 TDI",
10007409,1001622,"4DR 1.4 MPI 스마트",
10007518,1001646,"3.6 LTZ",
10012888,1002668,1.4,
10010438,1002278,1.6,
10009848,1002139,6.0,
10008894,1001893,"해치백",
10009003,1001918,"2.7 2WD 디젤",
10009004,1001918,"2.7 4WD 디젤",
10009106,1001947,"사이파",
10009226,1001973,GS,
10009983,1002187,"3.4 세단",
10009847,1002139,5.3,
10009619,1002064,3.6,
10009748,1002109,"3.6 프리미엄",
10009774,1002121,STD,
10009775,1002121,STS,
10009768,1002119,LIMITED,
10009949,1002174,"2.4 SRT4",
10009951,1002175,3.5,
10009243,1001977,"7세대",
10008483,1001776,"2.0 TDI 블루모션 4모션",
10014110,1002841,"2.0 스포츠 AWD",
10010067,1002199,"2.8 디젤 레니게이드",
10010116,1002207,"4.2 V8",
10010123,1002209,4.2,
10010623,1002324,"KAPPA 3.2",
10010621,1002324,"KAPPA 2.4",
10009809,1002129,"하이브리드",
10009807,1002129,6.0,
10009324,1002003,1.5,
10009323,1002002,1.3,
10009081,1001943,"2WD V6",
10008911,1001899,GT,
10008512,1001783,GTI,
10008278,1001738,"50 I",
10007513,1001644,VSX,
10008733,1001842,STD,
10007494,1001638,"1.6 레이싱",
10004805,1000889,DIAMOND,
10005123,1000899,HYPER,
10012541,1001629,1.3,
10007369,1001615,2.4,
10004290,1001039,"2.0 소프트탑",
10004291,1001039,"2.2 하드탑",
10003762,1001099,1.8,
10008744,1001847,"슈프림",
10007104,1001550,"6.0 V12",
10004575,1001264,"해치백(5도어) 프레스티지",
10012044,1002584,"D5 AWD",
10012731,1002637,"2.0 2WD",
10012732,1002637,"2.0 AWD",
10013525,1002637,"2.0 F 스포츠 2WD",
10013738,1002785,"젠",
10007410,1001622,"4DR 1.4 MPI 디럭스",
10010881,1002400,2.5T,
10010880,1002400,2.4I,
10010777,1002379,GTC,
10010776,1002379,"마니멜로",
10010118,1002208,4.0,
10012594,1002163,3.6L,
10009911,1002163,4.7L,
10009909,1002162,"CLUB CAB 4X2",
10014771,1002100,"리저브 400A CVT",
10009100,1001946,"2.2 4WD 디젤",
10009000,1001917,4.5,
10008771,1001857,"2.4 2WD",
10008361,1001757,"3.7 콰트로",
10007809,1001692,E180,
10008895,1001894,1.6,
10009005,1001918,"3.0 2WD",
10009006,1001918,"3.0 4WD",
10009008,1001918,"3.3 4WD",
10009108,1001948,"1.3 2WD",
10009109,1001948,"1.3 4WD",
10009227,1001974,STD,
10007664,1001670,"1.6 5도어",
10016542,1003356,"슈퍼캡/초장축(트윈컴프)",
10017385,1003355,"초장축 슈퍼캡 트윈",
10011513,1002523,230,
10008772,1001857,"2.4 4WD",
10011014,1002421,"0.6 4WD",
10011013,1002421,"0.6 2WD",
10011008,1002419,"에어로",
10011007,1002419,"그리핀",
10004269,1001170,GH270,
10008775,1001859,1.3,
10016541,1003355,"하이탑",
10011006,1002419,"CSE 2.3 TURBO",
10010515,1002301,"1.6 BLUEHDI GT-LINE",
10008779,1001861,"2.2 STD",
10016539,1003353,"1.0톤/하이탑",
10016538,1003353,"1.0톤/킹캡/초장축/플러스형(싱글컴프)",
10009654,1002075,2.0,
10009653,1002074,COUPE,
10016537,1003352,"일반캡/초장축(트윈컴프)",
10016536,1003352,"슈퍼캡/초장축(트윈컴프)",
10016535,1003351,"일반캡/초장축(CRDi)",
10008898,1001895,1.8,
10008899,1001895,2.0,
10009237,1001977,"1세대",
10009349,1002009,"아웃백 스포트",
10009648,1002072,"픽업",
10009689,1002086,2.5,
10009713,1002096,"3.5 V6 에코부스트",
10016534,1003351,"슈퍼캡/초장축(CRDi)",
10009871,1002148,"4.3 V6",
10009877,1002150,3500,
10009984,1002187,"3.4 쿠페",
10009589,1002054,3.8,
10016533,1003350,"킹캡/초장축(듀얼컴프)",
10010068,1002199,"2.8 디젤 리미티드",
10010069,1002199,"2.8 디젤 스포트",
10009138,1001951,2.7,
10016532,1003349,"하이탑",
10016531,1003349,"1.2톤/킹캡/초장축(CRDi)",
10008652,1001803,"쿠페 디젤",
10008789,1001866,"2.5 세단",
10007707,1001682,"I 30",
10008793,1001866,"3.7 세단",
10007476,1001634,"VTI 120",
10012043,1002584,"T5 프로 AWD",
10016530,1003349,"1.0톤/킹캡/초장축(CRDi)",
10011005,1002419,"CSE 2.3",
10011003,1002419,"CSE 2.0",
10012378,1000889,"1.6 SX",
10004157,1000901,1.8,
10016525,1003348,"1.0톤/킹캡/초장축/플러스형/(싱글컴프)",
10004292,1001039,"2.2 소프트탑",
10016522,1003347,"1.0톤/킹캡/초장축/플러스형/(싱글컴프)",
10004400,1001184,"프리미엄",
10004214,1001191,"롱카고",
10011001,1002419,"CS 2.0",
10011000,1002419,"CDE 2.3 TURBO",
10016519,1003347,"1.0톤/킹캡/초장축/플러스형/(듀얼컴프)",
10010999,1002419,"CDE 2.3",
10010997,1002419,"CDE 2.0",
10008794,1001866,"2.5 쿠페",
10007359,1001610,3.3,
10010996,1002419,"CD 2.3",
10010995,1002419,"CD 2.0 TURBO",
10016508,1003345,"1.0톤/슈퍼캡/초장축",
10010992,1002418,"2.3 컨버터블",
10008596,1001793,GTS,
10010991,1002418,"2.0 컨버터블",
10008648,1001803,"패션 MHD",
10008649,1001803,"패션 터보",
10009110,1001948,"1.3 S 2WD",
10009239,1001977,"3세대",
10009240,1001977,"4세대",
10009241,1001977,"5세대",
10009242,1001977,"6세대",
10009350,1002009,"2.5 GT",
10014889,1002742,"CLA 220 4Matic",
10009690,1002087,"2.0 디젤 트렌디",
10009985,1002188,3.8,
10010988,1002418,"2.0 SE 터보",
10012061,1002588,LUXURY,
10010987,1002418,"2.0 SE",
10010070,1002199,"3.7 스포트",
10010986,1002418,"2.0 S",
10010985,1002417,"2.8 터보",
10012936,1002416,"2.0 웨건",
10012935,1002416,"2.0 리니어",
10011980,1001870,2.0,
10012934,1002416,"2.3 웨건",
10012614,1002391,"T5 R-디자인",
10017494,1003343,"극초장",
10010461,1002288,2.0,
10008805,1001871,1.3,
10010388,1002267,"2WD 2.3 그랜드 투어링",
10016499,1003342,"하이탑",
10016498,1003341,"1.0톤/킹캡/초장축/플러스형",
10012379,1000889,"1.6 CDX",
10010087,1002203,"2.4 스포츠 4DR 4X4",
10010086,1002203,"2.4 스포츠 4DR FWD",
10016497,1003340,"하이탑",
10016496,1003340,"1.4톤/하이탑",
10011507,1002521,602,
10008807,1001871,1.5,
10012774,1002646,"2.0 쿠페",
10011722,1002543,4.8,
10004215,1001191,"이동판매차",
10008820,1001873,2.3,
10016495,1003340,"1.2톤/하이탑",
10016493,1003340,"1.0톤/킹캡/초장축/플러스형",
10016492,1003339,"1.0톤/킹캡/초장축/플러스형",
10008826,1001873,"하이브리드",
10016494,1003340,"1.0톤/하이탑",
10012366,1002609,"3.3 T AWD",
10012933,1002416,"3.0 V6",
10012932,1002416,"2.3 에어로",
10012004,1001646,"3.6 프리미어",
10012931,1002416,"2.3 아크",
10008834,1001876,"플러스 내비",
10012930,1002416,"2.3 LPT",
10010984,1002416,"2.8 에어로",
10010983,1002416,"2.0 에어로",
10017264,1003338,"1.0톤/더블캡/초장축/플러스형",
10016487,1003337,"슈퍼캡/초장축(트윈컴프)",
10010981,1002415,"2.8 에어로",
10008841,1001879,"18L X패키지",
10008848,1001881,"3.5 4WD",
10016485,1003335,"킹캡/초장축(듀얼컴프)",
10008857,1001882,"4WD LX",
10008653,1001803,"하이브리드",
10008776,1001859,1.5,
10008781,1001862,S,
10008904,1001897,2.0,
10008905,1001897,2.5,
10008906,1001897,3.0,
10010980,1002415,"2.3 아크 터보",
10010978,1002415,"2.0 에어로",
10016484,1003334,"1.0톤/킹캡/초장축",
10016483,1003333,"저상탑",
10004900,1000821,"FC360 DELUXE",
10004901,1000821,"FC360 PREMIUM",
10004158,1000836,1.5,
10016482,1003332,"1.0톤/킹캡/초장축(싱글컴프)",
10016481,1003332,"1.0톤/킹캡/초장축(듀얼컴프)",
10003767,1000929,"엑셀",
10003768,1000929,"왜건",
10004949,1000979,"520 V",
10016480,1003332,"1.0톤/킹캡/초장축/다용도/저상/(듀얼)",
10010977,1002415,2.0T,
10010976,1002415,"2.0 리니어 터보",
10004124,1001040,"4DR 1.5",
10003943,1001098,"2WD VGT X20",
10010975,1002415,"1.9 리니어 TID",
10010974,1002414,"2.0T 스포츠 콤비",
10004216,1001191,"내장탑",
10010973,1002414,"1.9 TID 스포츠 콤비",
10010972,1002414,"2.0T 컨버터블 애니버서리",
10008858,1001883,S,
10016478,1003330,"1.0톤/슈퍼캡/초장축",
10010725,1002355,"1.4 TB",
10010513,1002301,"1.6 BLUEHDI 악티브 어반",
10009322,1002002,1.0,
10008861,1001883,SI,
10016476,1003328,"킹캡/초장축/로우형",
10008788,1001866,"2.0 세단",
10008908,1001898,1.8,
10009009,1001918,"4.0 2WD",
10009011,1001919,"컨버터블",
10009058,1001937,EX35,
10009119,1001948,1.5,
10009249,1001977,RS,
10009250,1001977,"FINAL EDITION",
10009251,1001978,S,
10009352,1002010,"WRX 4DR 프리미엄",
10009356,1002010,"WRX STI",
10009486,1002025,"저속전기차",
10008540,1001790,"1.6 TDI 블루모션",
10016475,1003327,"1.0톤/킹캡/초장축",
10016474,1003326,"저상탑",
10010311,1002249,"3.6 S",
10008539,1001790,"1.4 TSI",
10017378,1003325,"1.0톤/표준캡/초장축",
10010347,1002260,"V8 GT",
10010349,1002261,S,
10010351,1002261,"S 쿠페",
10004902,1000821,"FC360 LUXURY",
10017449,1003521,"울트라",
10016473,1003325,"1.0톤/킹캡/초장축",
10013506,1002746,"3.0 블랙라벨 AWD",
10007470,1001633,"THP 155",
10007338,1001601,1.8,
10005449,1000844,LT,
10003559,1001066,"VS380 프라임",
10003561,1001066,"VS460 프레스티지",
10006901,1001330,4.2,
10005056,1001311,CW600,
10004311,1001138,"2WD TLX",
10013521,1002747,"1.3 TCe 260 인텐스",
10010971,1002414,"2.0T 컨버터블 에어로",
10004217,1001191,"냉동탑",
10010970,1002414,"2.0T 컨버터블 리니어",
10003549,1000870,JS380,
10010968,1002414,"2.0T 컨버터블 아크",
10017445,1003520,6.5,
10007412,1001622,"4DR 1.6 GDI 럭셔리",
10017537,1003519,"M135 xDrive 프로 퍼스트 에디션",
10010967,1002414,"2.0 SE 컨버터블",
10010966,1002414,"2.0 TS 애니버서리",
10010965,1002414,"2.0 리니어",
10010963,1002414,"2.0T 에어로",
10017431,1003519,"M135 xDrive",
10010962,1002414,"2.0T 아크",
10014174,1002689,"하이컨트리",
10008439,1001767,2.0T,
10012465,1001767,"1.4 TSI",
10010960,1002414,"1.9 TID",
10008654,1001803,"브라부스 에디션",
10009120,1001948,"1.5 2WD",
10009252,1001978,LS,
10009359,1002011,3.0,
10010958,1002413,"2.0T 컨버터블 에어로",
10009691,1002087,"2.0 디젤 티타늄",
10009692,1002088,"SE 2WD",
10009739,1002108,"2.8 럭셔리",
10009805,1002129,4.8,
10010957,1002413,"2.0T 컨버터블 벡터",
10010956,1002413,"2.0T 스포츠콤비",
10012664,1002622,"SS 6.2 V8 볼케이노 레드",
10010954,1002413,"1.9 TID 벡터",
10010946,1002412,"리무진",
10009724,1002102,"5.4L V8",
10017430,1003519,"120 M 스포츠",
10004951,1000979,"525 V",
10003944,1001098,"2WD VGT LX20",
10004313,1001138,"4WD LX",
10009238,1001977,"2세대",
10008702,1001824,"슈프림",
10007334,1001600,"2.5 XLE",
10007541,1001651,"5.0 쿠페",
10007298,1001589,i8,
10013236,1002411,"2.3 터보",
10017429,1003519,120,
10010939,1002411,"2.3 GLT",
10003580,1001162,"2.0 골드",
10008207,1001724,745,
10008210,1001724,L7,
10010938,1002411,"2.3 GLE",
10012469,1001767,"3.2 V6",
10008440,1001768,2.0,
10008597,1001794,"쿠페",
10010937,1002411,"2.3 GL",
10014902,1002696,"GL350 CDI 4Matic",
10010371,1002265,"2WD 2.5 투어링",
10010933,1002410,"2.3 터보",
10010932,1002410,GLT,
10010931,1002410,GLS,
10010930,1002410,"GLE DLX",
10010926,1002409,2.4,
10013598,1002595,"3.5 엘리트",
10010642,1002329,1.4,
10010313,1002249,"3.6 SEL",
10010315,1002249,"3.8 S",
10010923,1002408,2.3,
10004467,1000822,"9인",
10012600,1002316,"1.4 스포츠",
10010922,1002408,2.0,
10003750,1000911,"1.3 SOHC",
10009940,1002172,2.5,
10005043,1001010,"500S 마제스티",
10010691,1002342,"8.0 W16",
10013257,1002700,3.0,
10004126,1001040,"5DR 1.5",
10003567,1001066,VL500(LIMOUSINE),
10009767,1002118,4.6,
10007100,1001548,"4.7 V8",
10009766,1002118,3.6,
10004218,1001191,"보냉탑",
10009164,1001958,"2.0 Z",
10008980,1001912,2.0,
10008594,1001793,S4,
10008149,1001711,6.1,
10012080,1002595,3.5,
10012806,1002652,"2.0 BlueHDi 샤인",
10010907,1002405,3.2,
10012399,1002612,"1.5 싱글캡",
10007336,1001600,"하이브리드 XLE",
10007337,1001601,1.5,
10007413,1001622,"4DR 1.6 GDI 프레스티지",
10007415,1001622,"5DR 1.4 MPI 디럭스",
10012005,1001646,"3.6 미드나이트 블랙",
10010906,1002405,2.5T,
10010905,1002405,2.4T,
10010904,1002405,D5,
10010720,1002352,"3.2 JTS Q4",
10010584,1002315,"6.5 V12",
10014750,1002261,"3.5 CUP 430",
10009280,1001988,"2.5 세단",
10013387,1002723,"1.5 BlueHDi 소 시크 테크 팩",
10012773,1002646,"2.0 TYPE-R",
10008204,1001724,730,
10008201,1001723,"M6 컨버터블",
10007987,1001703,"로드스터",
10007484,1001636,"2.0 HDI",
10014063,1002831,"2.0 TDI",
10004475,1001266,"3인",
10003822,1001139,200,
10010903,1002405,D4,
10005044,1001010,"500S 트라이엄",
10010896,1002403,2.5,
10010894,1002403,2.3,
10010879,1002400,"2.0 디젤",
10008795,1001866,"2.7 쿠페",
10007416,1001622,"5DR 1.4 MPI 트렌디",
10008812,1001871,"쿠페",
10010878,1002400,"1.6 디젤",
10008852,1001881,"3.5 투어링 2WD",
10008917,1001900,4.1,
10008921,1001901,"2.0 스펙 R",
10008939,1001904,"4WD S",
10010876,1002399,D4,
10010875,1002399,D3,
10009214,1001971,GS,
10008941,1001904,"4WD X",
10008662,1001805,1.5,
10009211,1001969,"하이브리드 리미티드",
10009699,1002090,"3.0 AWD",
10008943,1001905,2.5,
10009769,1002119,"로드스터",
10008737,1001843,STD,
10008951,1001907,"1.6 SV",
10012478,1001770,"2.0 TDI R-LINE",
10012017,1002578,"슈프림",
10008952,1001908,"1.6 S",
10008953,1001908,"1.6 SL",
10007953,1001698,200K,
10008954,1001908,"1.6 플래티넘",
10006903,1001369,"4.0 쿠페",
10008955,1001909,3.5,
10004241,1001153,"LX20 LPI",
10010591,1002316,"1.4 컬러",
10005675,1000948,CLK350,
10004987,1000980,"2.3 SE",
10005046,1001010,"600S 마제스티",
10004238,1001153,LX20,
10012060,1002588,STANDARD,
10004807,1001077,1.6,
10017413,1003516,"기본형",
10012927,1002655,"EV400 퍼스트 에디션",
10009533,1001191,"이동주유차",
10014714,1002398,"T5 R-디자인",
10010874,1002398,2.0,
10010873,1002398,T5,
10010872,1002398,T4,
10008977,1001911,"4WD SE KINGCAP",
10010871,1002398,T3,
10007417,1001622,"5DR 1.6 GDI 럭셔리",
10010869,1002398,"D4 R-디자인",
10010868,1002398,D4,
10010449,1002284,"1.6 E-HDI 펠린",
10010094,1002204,"3.7 리미티드 에디션 4DR 4X4",
10008984,1001913,"3.5 4WD",
10009256,1001979,3.0,
10009365,1002015,2.4,
10010011,1002195,"3.4 AWD",
10009700,1002091,"1.5 에코부스트",
10009839,1002137,2.8,
10009841,1002137,3.5,
10009994,1002190,"2.4 쿠페",
10009354,1002010,"WRX 5DR 프리미엄",
10008986,1001914,"2.5 4WD",
10008988,1001914,"3.0 4WD",
10009136,1001950,"1.8 스텐다드",
10008998,1001916,2.0,
10009065,1001939,FX35,
10009016,1001923,"컨버터블",
10007103,1001549,"6.0 V12 S",
10005052,1001182,500S,
10006231,1001120,"3.7쿠페",
10009024,1001927,"3.8 블랙 에디션",
10011158,1002453,"1.6 BLUEHDI 라이브",
10009030,1001928,"5.6 NV3500 HD",
10010343,1002258,1.8,
10010344,1002259,3.5,
10010345,1002259,"3.5 IPS",
10004590,1000854,"1.6 GDI 프리미엄",
10010715,1002349,2.0,
10004988,1000980,"2.3 LE",
10010537,1002305,"2.7 HDI",
10009667,1002581,"2.0 디젤",
10004569,1001194,"LPI HEV",
10009062,1001938,FX37,
10012040,1002583,F-SPORT,
10013774,1002129,6.6,
10007096,1001543,"6.0 V12",
10016375,1003292,"기본형",
10009271,1001986,"2.3 세단",
10007418,1001622,"5DR 1.6 GDI 프레스티지",
10008803,1001870,1.8,
10012042,1002584,"T5 AWD",
10012398,1002611,"1.3 슈퍼캡",
10007510,1001643,VSX,
10007352,1001607,1.8,
10004189,1000815,"밴",
10004572,1001264,"프레스티지",
10004239,1001153,LEX20,
10008442,1001768,2.5,
10009012,1001920,"2.4 쿠페",
10009125,1001948,"1.5 오픈데크",
10003776,1000843,"프리마",
10004486,1001097,"3인",
10009257,1001980,"미니",
10009367,1002017,2.4,
10009368,1002017,2.5,
10017412,1003515,4WD,
10012652,1002619,"1.6 T-GDI 노블레스",
10012370,1002609,"5.0 GDI AWD",
10011157,1002452,"3.6 플래티넘 AWD",
10009701,1002091,"1.6 에코부스트",
10009702,1002091,"2.0 에코부스트",
10009772,1002120,DTS,
10009773,1002120,"리무진",
10009842,1002137,3.7,
10009843,1002137,5.3,
10009904,1002161,"2.8 디젤",
10009905,1002162,"REGULAR CAB 4X2",
10010701,1002344,GTA,
10012858,1002392,"폴스타",
10010346,1002260,V8,
10010352,1002261,S240,
10012368,1002609,"3.8 GDI AWD",
10010831,1002392,"D5 AWD",
10010830,1002392,D5,
10010829,1002392,D4,
10010828,1002392,D3,
10004811,1000900,1.2,
10010800,1002390,1.6,
10010609,1002323,"2.4 팝스타",
10010387,1002267,"2WD 2.3 투어링",
10004139,1001196,"1.3 밴",
10009185,1001963,"4.7 V8 4WD",
10009184,1001963,"4.7 V8",
10008725,1001836,SPECIAL,
10005642,1000947,CL600,
10007098,1001545,"6.0 V12",
10017411,1003515,FWD,
10007355,1001608,1.8,
10007358,1001609,1.3,
10007419,1001622,"5DR 1.4 디젤 디럭스",
10007420,1001622,"5DR 1.4 디젤 럭셔리",
10004947,1000979,"520 SE",
10013746,1002723,"E-텐스 그랜드 시크",
10012771,1002646,"1.5 터보 해치백",
10007366,1001614,3.2,
10013785,1002751,"3.0 컴패티션",
10004270,1001170,GH330,
10017409,1003514,AWD,
10016606,1002607,"1.5 크로스오버",
10011557,1002514,"밴 602EL",
10010928,1002410,GL,
10011009,1002420,"2.8 2WD",
10012530,1001727,"Z-4 3.0SI 쿠페",
10012804,1002652,"1.5 BlueHDi 필",
10011556,1002514,"밴 601",
10012481,1001768,"2.5 프리미엄",
10011554,1002514,"YOUTH 4WD",
10008544,1001790,"2.0 TDI 스타일에디션",
10008545,1001790,"2.0 TDI 스페셜에디션",
10008668,1001811,"6.0 V12",
10008670,1001813,"6.0 V12",
10011553,1002514,"YOUTH 2WD",
10010356,1002262,S,
10010357,1002262,"S CR",
10016262,1003278,"기본형",
10011718,1002540,"3.8 스파이더",
10012047,1002460,"노블레스 스페셜",
10010827,1002392,D2,
10006592,1000931,"2.0 티타늄",
10004990,1000980,"3.5 LE",
10005047,1001010,"600S 트라이엄",
10003945,1001098,"2WD VGT LMX20",
10012770,1002646,"1.5 터보 Si 쿠페",
10017428,1003513,"CS 투어링 스페셜 에디션",
10011500,1002509,1.0,
10010825,1002392,"T6 AWD",
10010824,1002392,"T6 R-디자인",
10010823,1002392,T5,
10017404,1003512,"4톤",
10008546,1001790,"2.0 TDI 카브리올레",
10010822,1002392,T4,
10010741,1002361,"6.3 V12",
10017403,1003512,"3.5톤",
10007461,1001632,"VTI 120",
10010364,1002264,"2WD 2.0 그랜드",
10010365,1002264,"4WD 2.0 스포츠",
10010373,1002265,"2WD 2.5 그랜드 투어링",
10010375,1002265,"4WD 2.5 스포츠",
10010376,1002265,"4WD 2.0 투어링",
10010378,1002265,"4WD 2.0 그랜드 투어링",
10010379,1002265,"4WD 2.5 그랜드 투어링",
10010380,1002266,"2WD 2.5 I SV",
10010381,1002266,"2WD 2.5 I 스포츠",
10010383,1002266,"2WD 2.3 S 그랜드 투어링",
10010385,1002266,"4WD 2.3 S 그랜드 투어링",
10010386,1002267,"2WD 2.3 스포츠",
10010815,1002392,1.6T(T3),
10014705,1002391,"T5 프리미엄",
10010407,1002269,"컨버터블",
10012613,1002391,"D5 R-디자인",
10011975,1002391,"폴스타",
10017402,1003512,"3톤",
10006593,1000931,"2.0 디젤 트렌드",
10010434,1002276,"1.6 RC 컨버터블",
10004991,1000980,"3.5 XE",
10009993,1002190,"2.0 쿠페",
10003946,1001098,"4WD VGT X20",
10009891,1002156,"알파 6.6(디젤)",
10010413,1002271,"2.5 V6",
10010355,1002262,CR,
10006245,1001278,"3.5 AWD",
10009246,1001977,"10세대",
10009103,1001946,"3.5 4WD",
10007360,1001611,"2.0컨버터블",
10012527,1001738,"xDrive 40d",
10007099,1001548,"4.3 V8",
10007095,1001543,"3.2 I6",
10005054,1001255,500S,
10010354,1002262,1.6,
10012086,1002598,"5.2 V12",
10017401,1003512,"2.5톤",
10016226,1003267,"롱카고",
10008155,1001712,3.6,
10011206,1002459,3.8,
10010814,1002391,"T6 R-디자인",
10010813,1002391,"T6 AWD",
10008548,1001790,"2.0 GTI 5도어",
10010812,1002391,T5,
10008673,1001815,"E-VGT R2.2 4WD",
10008676,1001816,"프리미엄",
10008808,1001871,1.6,
10008809,1001871,1.7,
10009258,1001980,EXCEED,
10009259,1001980,GL,
10012567,1002018,0.6,
10009982,1002187,"3.1 쿠페",
10009907,1002162,"QUAD CAB 4X2",
10010811,1002391,T4,
10009579,1002049,"3.5L V6",
10009588,1002054,"3.6 리미티드",
10010389,1002267,"4WD 2.3 스포츠",
10010391,1002267,"4WD 2.3 그랜드 투어링",
10010409,1002270,"1.8 컨버터블",
10010417,1002273,1.4,
10010427,1002274,1.9,
10010810,1002391,T3,
10010809,1002391,"D5 AWD",
10005978,1000880,"2.5 TDI",
10009845,1002138,2.2,
10012584,1000931,"2.0 디젤 트렌드 해치백",
10010808,1002391,D5,
10004472,1001048,"6인",
10004480,1001049,"3인",
10004473,1001198,"9인",
10010805,1002391,D2,
10017400,1003512,"2톤",
10011161,1001600,"하이브리드 LE",
10010804,1002390,T5,
10010803,1002390,T4,
10017396,1003511,"기본형",
10008157,1001712,"6.4 SRT8",
10010802,1002390,2.4I,
10008595,1001793,GT,
10008677,1001816,"슈프림",
10008697,1001822,5.0,
10008810,1001871,1.8,
10008811,1001871,2.0,
10009134,1001950,"1.8 XR",
10009260,1001980,GLS,
10008598,1001794,"카브리올레",
10010801,1002390,1.8,
10010799,1002389,"D5 컨버터블",
10009593,1002055,"3.3 LX",
10009720,1002100,"2.0 AWD",
10009031,1001929,"세단 스마트",
10009788,1002123,3.8,
10009855,1002143,3.5,
10009856,1002143,6.2,
10010798,1002389,"T5 컨버터블",
10010797,1002389,"컨버터블",
10010796,1002389,"쿠페",
10010795,1002388,D4,
10010794,1002388,D3,
10009054,1001935,"프리미엄",
10009063,1001938,FX50,
10010390,1002267,"4WD 2.3 투어링",
10010635,1002328,2.5,
10010598,1002319,1.2,
10010437,1002277,2.0,
10010418,1002273,"1.4 (디젤)",
10009064,1001938,FX50S,
10003550,1000870,"JS380 LUXURY",
10009611,1002061,"2.5 세단",
10015192,1000931,"2.3 해치백",
10005050,1001010,600L(LIMOUSINE),
10004481,1001049,"6인",
10009502,1002034,"2.4 리미티드",
10008780,1001861,"2.0 STD",
10007812,1001692,E200,
10004474,1001198,"12인",
10009066,1001939,FX45,
10007468,1001633,"E-HDI 115 에어드림",
10007361,1001612,3.5,
10007414,1001622,"5DR 1.4 MPI 스마트",
10009090,1001945,2.0,
10009105,1001947,VS,
10010696,1001712,"3.6 AWD",
10006242,1001121,5.6,
10009117,1001948,"1.3 GARNET EDITION-2 2WD",
10011436,1002502,"1.6 GDI 럭셔리",
10010793,1002388,D2,
10008678,1001816,"이그제큐티브",
10008679,1001816,F-SPORT,
10008813,1001871,TYPE-R,
10009152,1001956,LIFTBACK,
10009153,1001956,"TURBO LIFTBACK",
10012564,1001980,"3.2 디젤",
10009262,1001981,STD,
10009122,1001948,"1.5 Z 2WD",
10009340,1002007,2.5,
10010792,1002388,T5,
10009594,1002055,"3.3 LX 리미티드",
10009598,1002056,"3.3 가솔린",
10009722,1002100,"하이브리드",
10014769,1002100,"리저브 300A FWD",
10009789,1002124,"V6 3.1",
10009791,1002125,3.4,
10009792,1002126,4.2,
10009859,1002144,"3.0 디젤",
10009860,1002144,3.5,
10010791,1002388,2.4I,
10009920,1002166,3.5,
10009921,1002166,5.7,
10010406,1002269,"쿠퍼",
10004993,1000980,"3.5 PREMIUM",
10010789,1002387,"2.0 디젤 AWD",
10004897,1001073,DLX,
10003947,1001098,"4WD VGT LX20",
10003823,1001139,380,
10006233,1001210,3.0D,
10010788,1002387,"2.0 디젤",
10010787,1002386,"6.3 V12",
10004626,1001274,"700H 럭셔리",
10003709,1000820,"5DR 1.3",
10010786,1002385,"30 4.3 V8",
10017397,1003510,"기본형",
10010785,1002385,"4.3 V8",
10010784,1002385,"T 3.9 V8",
10010783,1002384,"6.0 V12",
10003939,1000920,"VGT 2WD BEST",
10010645,1002329,"1.7 디젤",
10005645,1000947,"CL65 AMG",
10009361,1002012,3.5,
10009236,1001976,"랠리아트",
10017395,1003509,"기본형",
10009235,1001976,GTS,
10008814,1001871,"하이브리드",
10008923,1001902,"2WD SE",
10008930,1001902,"4WD PLATINUM",
10009014,1001922,"1.8 쿠페",
10009015,1001923,"쿠페",
10009156,1001957,"1.0 가솔린",
10009263,1001982,MIATA,
10009264,1001982,"MIATA LS",
10012966,1002490,"2.0 퓨어",
10013748,1002788,"3.6 루비콘 4WD",
10007475,1001634,"E-HDI 115",
10009599,1002057,3.0,
10009600,1002058,3.5,
10013247,1002102,"3.5 블랙 라벨",
10010408,1002270,"1.6 컨버터블",
10010412,1002271,"2.0 V6",
10010428,1002274,"카브리올레",
10010429,1002275,1.1,
10010430,1002275,1.6,
10010432,1002276,"1.6 컨버터블",
10014754,1002279,"1.6 CC 밀레짐 컨버터블 200",
10010440,1002280,"1.6 해치백 5도어",
10014756,1002280,"1.6 해치백 16 RIMS 5도어",
10010444,1002283,"1.6 3도어",
10010445,1002283,"1.6 5도어",
10010450,1002284,"1.6 E-HDI 펠린 S",
10010451,1002284,"1.6 E-HDI 펠린 L",
10012855,1002284,"1.5 BLUEHDI GT LINE",
10010452,1002285,CABRIOLET,
10004591,1000854,"1.6 디젤 디럭스",
10017394,1003508,"기본형",
10004874,1001143,"7인",
10005191,1001074,"2인",
10011523,1002525,"290S CT",
10004996,1001124,"3.5 LE",
10004627,1001274,"700H 프레스티지",
10005059,1001311,"CW700 4TRONIC",
10004224,1001091,1.8,
10017392,1003507,1.5,
10013739,1002785,"인텐스",
10014780,1002927,"캠핑카",
10012039,1002583,"슈프림",
10009265,1001983,2.0L,
10014675,1002929,"1.5 쿠퍼 S",
10009601,1002059,"2.0 세단",
10009728,1002105,"4.6 V8",
10009729,1002105,"4.6 V8 L",
10009802,1002128,7.4,
10008849,1001881,"3.5 EX 2WD",
10009924,1002167,GTS-T,
10009925,1002167,RT-10,
10008850,1001881,"3.5 EX 4WD",
10008851,1001881,"3.5 LX 2WD",
10012053,1002586,FA,
10010080,1002201,"2.4 블랙 에디션",
10008903,1001896,3.0,
10011741,1002547,"3.5 4WD",
10008920,1001901,"2.0 스펙 S",
10011684,1002532,"디젤 2.0 4WD",
10010782,1002383,"스카글리에티",
10010780,1002381,"6.0 V12",
10008981,1001912,2.3,
10010779,1002380,"피오라노 V12",
10010778,1002379,"슈퍼아메리카",
10009053,1001934,"M37X AWD",
10010775,1002378,"바체타",
10010774,1002378,"마라넬로",
10009123,1001948,"1.5 ZQ 2WD",
10009124,1001948,"1.5 ZX 2WD",
10009145,1001954,"GT 쿠페",
10010685,1002338,"코르사 6.0 V12",
10011486,1002284,"1.6 BLUEHDI 펠린",
10011487,1002284,"1.6 BLUEHDI 알뤼르",
10005451,1000844,"스트라이프 에디션",
10014676,1002929,"1.6 JCW",
10006234,1001210,"3.7스타일",
10005062,1001311,"V8 5000 LIMOUSINE",
10007101,1001548,"4.7 V8 S",
10009282,1001988,"3.0 세단",
10014677,1002929,"1.6 쿠퍼",
10007651,1001667,2.0,
10007339,1001602,0.6,
10014678,1002929,"1.6 쿠퍼 S",
10009172,1001961,2.0,
10005061,1001311,"CW700 LIMOUSINE",
10017276,1003231,"일반캡(CRDi)",
10009173,1001961,2.5,
10006238,1001277,4.5,
10009174,1001962,1.3,
10008681,1001817,"슈프림",
10009176,1001962,1.5,
10008819,1001873,2.2,
10008821,1001873,2.4,
10008932,1001903,3.5,
10009023,1001927,3.8,
10009072,1001941,"V6 4WD SR5",
10009157,1001957,"1.3 가솔린",
10009159,1001957,"1.4 디젤",
10009266,1001983,2.5L,
10014679,1002929,"1.6 쿠퍼 하이게이트",
10014680,1002929,"1.6 쿠퍼 S 하이게이트",
10009602,1002059,"2.4 세단",
10009730,1002105,"4.9 V8",
10009931,1002170,2.4,
10009932,1002170,"2.5 쿠페",
10009933,1002170,2.7,
10011565,1002515,"CHIC 4WD",
10009188,1001964,"1.0 X",
10012606,1002201,"2.4 75TH 스페셜 에디션",
10010081,1002202,"3.0 디젤",
10010085,1002203,"2.0 스포츠 4DR FWD",
10011434,1002500,EV,
10011310,1002476,"1.4 터보 LT",
10010769,1002373,"스페치알레",
10010767,1002373,"이탈리아",
10010766,1002372,"M GTA",
10010446,1002283,"1.6 GTI",
10011488,1002284,"1.6 BLUEHDI 알뤼르 GC",
10010765,1002372,"M GT",
10010760,1002371,"모데나",
10010759,1002370,"3.0 V8",
10009190,1001964,"1.3 G",
10005051,1001010,700L(LIMOUSINE),
10004160,1001051,1.5,
10003948,1001098,"4WD VGT LMX20",
10009192,1001965,1.3,
10009741,1002108,"3.0 퍼포먼스",
10006235,1001210,"3.7프리미엄",
10014992,1002954,EV,
10006239,1001277,"P그레이드",
10005318,1001312,"마이티",
10008145,1001711,2.7,
10007456,1001631,1.4I,
10007357,1001609,1.2,
10007363,1001613,2.0,
10012570,1001613,"2.0 S-타입",
10007356,1001608,2.0,
10007129,1001557,"G300 모던",
10009193,1001965,1.5,
10010697,1001712,"3.6 프레스티지 AWD",
10004935,1001142,"LE 20",
10004285,1001036,"2인",
10004921,1001025,PE,
10013657,1002773,"3.6 Z71-X 미드나잇 4WD",
10013290,1002704,"스마트 스페셜",
10008682,1001817,"이그제큐티브",
10008685,1001818,S-GRADE,
10008824,1001873,"3.0 쿠페",
10008825,1001873,"웨건형",
10008933,1001903,"2.5 쿠페",
10009161,1001958,"1.8 A",
10009162,1001958,"1.8 S",
10009267,1001984,"쿠페",
10009269,1001986,"2.0 세단",
10011561,1002514,"밴 TX7",
10010757,1002368,"6.3 V12",
10009603,1002059,"2.4 컨버터블",
10009604,1002059,"2.7 컨버터블",
10009194,1001966,2.5,
10011485,1002284,"1.6 BLUEHDI 악티브",
10010456,1002285,"2.0 해치백",
10011545,1002513,"하드탑 602EL",
10004066,1000806,"카고",
10010753,1002366,"4.3 스파이더",
10010752,1002366,"4.3 V8",
10011524,1002525,FX5,
10005671,1000948,CLK230,
10005192,1001074,"6인",
10010751,1002365,"챌린저",
10006244,1001278,3.5,
10010750,1002365,"F1 베를리네타",
10010749,1002365,"F1 스파이더",
10010748,1002365,"F1 GTS",
10010747,1002365,"베를리네타",
10010746,1002365,"스파이더",
10010745,1002365,GTS,
10010502,1002297,"웨건",
10008158,1001713,"M5 세단",
10008226,1001727,"Z-4 3.0",
10010501,1002297,"3.0 쿠페",
10008232,1001729,"Z-8 5.0",
10007954,1001698,230K,
10007819,1001692,E240,
10008686,1001818,I-GRADE,
10008687,1001818,L-GRADE,
10009163,1001958,"1.8 G",
10009165,1001959,"S 8인승",
10009277,1001988,"2.0 스포츠",
10007714,1001683,"0.6 4WD",
10007713,1001683,"0.6 2WD",
10013408,1002730,"3.9 V8",
10009541,1002043,3.0,
10009542,1002043,SCV,
10006247,1001325,"3.0D AWD",
10009605,1002060,"2.0 세단",
10004930,1001142,PE,
10004487,1001097,"6인",
10004131,1001060,1.3,
10004926,1001025,RE,
10010088,1002203,"2.4 리미티드 4DR FWD",
10010090,1002204,"3.7 스포츠 4DR 4X2",
10011725,1002545,6.8,
10010743,1002363,"4.7 V12",
10010742,1002362,"3.0 V8 STD",
10010458,1002286,"2.0 HDI",
10012588,1002286,1.6,
10012068,1002360,"T3.9 V8",
10010740,1002360,"6.3 V12",
10005124,1000899,LV5,
10003751,1000911,"1.5 DOHC",
10004274,1000933,2.2,
10010734,1002359,4.7,
10005965,1000982,"쿠페 1.8 콰토르",
10010009,1002194,3.8,
10003821,1001076,380,
10003949,1001098,"2WD 가솔린 X20",
10009284,1001989,300,
10006236,1001210,3.7AWD,
10011262,1001849,"슈프림",
10008527,1001787,"2.0 I",
10007467,1001633,"HDI 90",
10007365,1001614,2.5,
10007367,1001614,3.5,
10007466,1001633,"VTI 95",
10009208,1001969,"리미티드",
10007106,1001552,"6.0 V12",
10003726,1001237,"1.4 DOHC",
10004213,1001191,"표준트럭",
10004293,1001154,"2인",
10013405,1002728,"GR 3.0",
10008490,1001777,"V8 4.2 LWB",
10013388,1002723,"1.5 BlueHDi 그랜드 시크",
10008689,1001819,PREMIUM,
10008690,1001819,F-SPORT,
10008827,1001874,EX,
10008828,1001874,LX,
10009278,1001988,"2.0 스포츠투어링",
10009209,1001969,"스포츠",
10009543,1002043,GT,
10009806,1002129,5.3,
10009811,1002131,"4.3 2WD",
10013146,1002689,"3.6 AWD LT 레더 프리미엄",
10013755,1002584,"B5 프로 AWD",
10010733,1002358,"1.7 터보",
10012591,1002170,2.5,
10010732,1002357,"1.7 터보",
10010731,1002356,1.7,
10010462,1002288,"2.0 HDI 일반형",
10010463,1002288,"2.0 HDI DIAMOND PACK",
10014763,1002288,"2.0 HDI 프리미엄",
10010730,1002355,"쿼드로폴리오",
10009215,1001971,GSX,
10010727,1002355,VELOCE,
10005125,1000899,EV5,
10005677,1000948,CLK500,
10010722,1002353,3.0,
10004925,1001025,"1.6 SE",
10009218,1001971,"3.0 GTS",
10004806,1001077,"1.2 SE",
10004808,1001077,"1.6 CDX",
10009915,1002164,5.7,
10009706,1002091,"하이브리드",
10007368,1001614,3.7,
10009539,1002041,"200H 컴팩트",
10009187,1001963,"5.7 V8 4WD",
10008227,1001727,"Z-4 3.5",
10011955,1002573,"3.5 플래티넘 AWD",
10008797,1001867,3.5,
10008691,1001819,"STYLE EDITION",
10017455,1001874,CS,
10008829,1001875,2.2,
10009166,1001959,"S 8인승 4WD",
10009167,1001959,"SI 7인승",
10009279,1001988,"2.3 세단",
10017453,1002908,JCW,
10010568,1002311,"6.0 SV",
10012276,1001335,"가솔린 3.8",
10009618,1002064,"3.5L V6 리미티드",
10009620,1002064,"3.6 하이브리드",
10009621,1002064,"4.0L V6 CS",
10012365,1002609,"3.3 T",
10005450,1000844,"밴",
10009812,1002131,"4.3 4WD",
10009816,1002132,5.3,
10010416,1002272,"1.4 3도어",
10011840,1002558,"모던",
10014779,1002927,"3.0 디젤 롱바디",
10011558,1002514,"밴 602EL CT",
10011215,1002460,"프레스티지",
10017416,1003506,"42인승",
10010721,1002353,2.0,
10010312,1002249,"3.6 SE",
10010314,1002249,"3.6 SEL 프리미엄",
10017388,1003506,"41인승",
10010716,1002350,"2.0 쿠페",
10012972,1002201,"70TH 애니버셔리",
10009929,1002169,"캠핑카",
10017371,1003505,"더블캡",
10009928,1002169,5.7,
10005967,1000982,"로드스터 1.8",
10004690,1000926,PM,
10005127,1001011,"2.7 HYPER",
10009926,1002167,SRT-10,
10003950,1001098,"2WD 가솔린 LX20",
10017368,1003504,"베이스",
10008950,1001907,"1.6 S",
10010415,1002272,"1.0 5도어",
10008729,1001840,"5인승",
10014738,1002245,"5.0 V8 AUTOBIOGRAPHY",
10007659,1001669,"1.9 디젤",
10005140,1001001,"RX5 EDi",
10007370,1001615,3.5,
10007329,1001598,"투어링",
10007328,1001598,"리미티드",
10006243,1001211,"3.7 AWD",
10004161,1001161,1.5,
10004132,1001060,1.5,
10014781,1002927,"구급차",
10004945,1000979,518,
10005141,1001001,"RX6 IL",
10005511,1000906,6.2,
10012768,1002646,"1.5 터보 스포츠",
10009975,1002186,5.3,
10009953,1002176,"3.8 V6",
10008692,1001819,AWD,
10009168,1001959,"SI 7인승 4WD",
10009169,1001960,AS200,
10009285,1001989,500,
10012767,1002646,"1.5 터보 Si",
10012758,1002644,"2.0 VC-T 오토그래프 AWD",
10012811,1002655,"EV400 SE",
10014717,1002935,"리차지 트윈 AWD",
10014744,1002936,"력셔리",
10017363,1003502,"마이티",
10007697,1001676,"0.6 2WD",
10009753,1002111,3.6,
10014745,1002936,"프리미엄",
10010719,1002352,"2.2 JTS",
10007698,1001676,"0.6 4WD",
10016547,1003176,"초장축",
10010718,1002351,"1.2 디젤",
10010494,1002296,2.0,
10010496,1002297,"1.8 세단",
10010498,1002297,"3.0 세단",
10017361,1003501,"아이코닉",
10010717,1002351,1.4,
10015821,1003201,4WD,
10017360,1003501,"테크노 플러스",
10015817,1003199,"기본형",
10010516,1002301,"1.6 E-HDI 에코 터보",
10010714,1002349,1.8,
10004469,1000822,"9인 코치",
10010713,1002348,3.0,
10009326,1002005,0.6,
10004760,1000869,1.5,
10004209,1000912,"7인승 가솔린",
10009325,1002004,"0.6 컨버터블",
10004927,1001025,CE,
10006237,1001210,S5.6,
10012560,1001210,"3.7 익스클루시브",
10005149,1001240,"RX6 4WD",
10006246,1001278,"2.5 하이브리드 ",
10009181,1001962,"2.4 XRS",
10009059,1001937,EX30D,
10015816,1003198,"기본형",
10014749,1002939,"3.5 엘리트",
10008148,1001711,5.7,
10007813,1001692,E200K,
10008146,1001711,3.0,
10015813,1003196,"기본형",
10014956,1002949,"스포트 플러스",
10007963,1001699,"350 에디션 10",
10012003,1001646,"2.5 미드나이트 블랙",
10013016,1001713,"M5 세단 컴페티션 에디션",
10012531,1001727,"Z-4 3.0SI 로드스터",
10004162,1001161,1.8,
10004225,1001091,2.0,
10005650,1001021,"CL63 AMG",
10004178,1001005,"5DR 1.6 CVVT GOLD",
10012692,1002630,"EV SL",
10012818,1002657,"노블레스 스페셜",
10012536,1001803,"쿠페 디젤 패션",
10008693,1001819,"컨버터블",
10008694,1001820,3.0,
10008696,1001821,3.5,
10008832,1001876,"일반형",
10008833,1001876,"플러스",
10012552,1001903,"2.5 테크",
10012553,1001903,"2.5 스마트",
10008936,1001904,"2WD S",
10009171,1001960,3.0,
10010518,1002301,"1.6 E-HDI 악티브",
10010519,1002301,"1.6 E-HDI 악티브 프리미엄",
10004592,1000854,"1.6 디젤 럭셔리",
10004812,1000900,"1.2 V",
10004210,1000912,"7인승 LPG",
10004546,1000913,"점보 2.0톤",
10010711,1002348,"2.4 디젤",
10010709,1002347,3.0,
10007839,1001692,"E55 AMG",
10014775,1002748,"2.0 터보 리저브 201A 스탠다드",
10010708,1002347,2.0,
10003951,1001098,"2WD 가솔린 LMX20",
10005150,1001240,"RX7 AWD",
10010707,1002346,GTA,
10010706,1002346,2.4,
10015804,1003193,"기본형",
10015803,1003192,"기본형",
10017359,1003501,"테크노",
10010705,1002346,2.2,
10007371,1001616,1.8,
10010704,1002345,GTA,
10007538,1001650,"컨버터블",
10010703,1002345,2.5,
10010626,1002326,1.8,
10009746,1002109,3.2,
10012069,1002591,"6.5 V12",
10010990,1002418,"2.0 센소닉",
10008719,1001833,SPECIAL,
10007375,1001617,3.2,
10013017,1001713,"M5 세단 퍼스트 에디션",
10010821,1002392,"2.5 AWD",
10013175,1002691,3.6,
10010755,1002366,"4.3 챌린저",
10004698,1001042,"2인",
10003791,1000863,GL,
10004167,1000852,1.6,
10014163,1002852,"3.0 디젤",
10017601,1003546,"기본형",
10010702,1002345,2.0,
10010699,1002344,1.6,
10008655,1001804,"카브리오",
10008698,1001823,"프리미엄",
10008699,1001823,"슈프림",
10010695,1002343,"8.0 W16",
10010520,1002301,"1.6 E-HDI 럭스",
10010521,1002301,"2.0 알뤼르",
10004470,1000822,"12인 코치",
10010694,1002342,"8.0 W16 그랜드 스포츠 비테세",
10004549,1000913,"냉동탑",
10010600,1002319,1.4,
10010552,1002310,"5.0 V10 슈퍼레제라",
10004809,1001077,"1.2 SX",
10014533,1002915,"럭셔리 플러스",
10010316,1002249,"3.8 SEL",
10005151,1001240,"NOBLESSE AWD",
10004121,1000807,"5DR 1.3",
10010083,1002202,4.7,
10009276,1001988,"2.0 세단",
10014534,1002915,"이그제큐티브",
10007451,1001629,1.0,
10017608,1003547,"프리미엄 럭셔리",
10007539,1001651,"4.2 쿠페",
10007464,1001633,"2.0 VTS 가솔린",
10005596,1001489,"기타",
10005673,1000948,CLK240,
10014994,1002924,X6M,
10008700,1001823,"이그제큐티브",
10008835,1001877,TYPE-S,
10008836,1001878,1.6,
10008937,1001904,"2WD SE",
10009175,1001962,1.4,
10011036,1002011,3.2,
10009580,1002050,"3.5L V6",
10009583,1002051,"CABRIO 2.4L",
10009634,1002069,LIMITED,
10010439,1002279,"1.6 CC 클래식 2도어",
10009813,1002132,4.3,
10009829,1002135,"5.2 쿠페",
10009832,1002135,"3.4 컨버터블",
10009892,1002157,4.4,
10009964,1002182,3.5,
10009965,1002182,3.8,
10014642,1002925,Pro,
10009709,1002093,"2.0 AWD",
10009232,1001976,OZ-RALLY,
10010064,1002199,"2.5 리미티드",
10010066,1002199,"2.8 디젤 래티튜드",
10010119,1002208,4.2,
10012550,1001922,2.0,
10013174,1002504,"카고",
10008897,1001894,2.0,
10010554,1002310,"LP550-2 트리콜로레",
10004550,1000913,"보냉탑",
10008273,1001737,"X5 M 컴패티션",
10008896,1001894,1.8,
10008762,1001854,STD,
10003763,1001099,"2.0 S-Type",
10008717,1001831,L-GRADE,
10008290,1001743,"쿠페 45 TFSI 콰트로",
10008716,1001831,P-GRADE,
10014153,1001713,"M5 CS",
10007499,1001640,"2.0 HDI 시크",
10007372,1001617,2.2,
10007373,1001617,2.3,
10010512,1002300,3.0,
10007498,1001640,"1.6 E-HDI 소 시크",
10016545,1003176,"기본형",
10005053,1001182,600S,
10015191,1000931,"2.3 세단",
10008360,1001757,"3.2 콰트로",
10011323,1001638,"1.6 BLUEHDI 비 시크",
10004476,1001266,"6인",
10010454,1002285,"1.6 해치백",
10017343,1003499,4WD,
10003783,1000877,1.5,
10003540,1000785,3.5(LIMOUSINE),
10003539,1000785,LPG,
10003538,1000785,3.5,
10008703,1001824,"이그제큐티브",
10008837,1001878,1.8,
10008838,1001878,"TYPE S",
10008940,1001904,"4WD SE",
10003537,1000785,3.0,
10003536,1000785,2.5,
10004870,1000784,"7인",
10009275,1001987,"그랜드 투어링",
10009818,1002132,5.7,
10009833,1002135,"3.6 컨버터블",
10010522,1002301,"2.0 알뤼르 프리미엄",
10010528,1002302,"1.6 BLUEHDI 펠린",
10010529,1002302,"1.6 E-HDI 악티브",
10010530,1002302,"2.0 HDI 알뤼르",
10010531,1002302,"2.0 HDI 알뤼르 프리미엄",
10012587,1002302,"1.6 BLUEHDI 알뤼르",
10012952,1002302,"2.0 BlueHDi GT Line",
10004869,1000784,"5인",
10009286,1001989,800,
10004276,1000933,3.0,
10004737,1000780,"D5 1.5 DOHC",
10004736,1000780,"D5 1.5 SOHC",
10005128,1001011,"2.0 LV5",
10004735,1000780,"D5 2.0",
10003764,1001099,"2.0 R-Type",
10004734,1000780,1.8,
10005152,1001240,"RX4 2WD",
10004733,1000780,1.5,
10009305,1001995,"X 셀렉션",
10004732,1000779,5DR,
10004731,1000779,3DR,
10003977,1000777,"엠블런스",
10003976,1000777,"15인",
10009311,1001995,"10TH 애니버서리",
10003975,1000777,"12인",
10003974,1000777,"9인",
10003851,1000773,"9인",
10003850,1000773,"지프",
10009344,1002008,"2.0 터보",
10003849,1000773,S,
10010693,1002342,"8.0 W16 그랜드스포츠",
10012562,1001824,"슈프림+",
10008704,1001825,"프리미엄",
10008839,1001878,"TYPE R",
10009177,1001962,1.6,
10009363,1002014,1.5,
10010692,1002342,"8.0 W16 슈퍼스포츠",
10009591,1002055,"2.5 디젤",
10009635,1002069,"투어링",
10015190,1002070,"1.0 에코부스트",
10016546,1003176,"장축",
10013138,1000794,"1.8 화이트",
10017338,1003497,"트윈 모터 퍼포먼스 울트라",
10009834,1002135,"3.8 컨버터블",
10009835,1002135,"5.7 컨버터블",
10009977,1002187,"2.3 세단",
10009979,1002187,"2.4 세단",
10009980,1002187,"2.4 쿠페",
10010532,1002303,"1.6 GT LINE",
10010539,1002306,"2.2 HDI",
10010540,1002306,"2.5 HDI",
10004793,1000794,"1.8 BLACK AND WHITE",
10010453,1002285,"1.4 해치백",
10005129,1001011,"2.7 LV7",
10004928,1001025,NEO,
10004792,1000794,"2.0 LPG",
10012374,1001077,"1.2 레드홀릭",
10012375,1001077,"1.6 레드홀릭",
10003769,1001100,"픽업",
10004310,1001138,"2WD LX",
10007376,1001618,3.0,
10007377,1001618,3.2,
10010867,1002398,D3,
10004791,1000794,"2.2 DOHC",
10016355,1003172,"1톤/킹캡",
10016354,1003172,"1.3톤/킹캡",
10004790,1000794,"2.0 ULTRA",
10008705,1001825,"슈페리어",
10012563,1001825,"스탠다드",
10008840,1001879,18L,
10008867,1001885,2.5,
10009178,1001962,1.8,
10004789,1000794,"2.0 DOHC",
10009764,1002117,3.6,
10009765,1002117,"4.6 PLATINUM EDITION",
10004788,1000794,"2.0 SOHC",
10009943,1002173,3.3,
10017339,1003498,3.5,
10010366,1002264,"4WD 2.0 투어링",
10010525,1002301,"2.0 GT",
10010533,1002303,"2.0 GT",
10010534,1002304,"2.0 BLUEHDI",
10010535,1002305,2.2,
10010536,1002305,3.0,
10010543,1002308,"2.0 디젤",
10004692,1000926,SG,
10016356,1003169,"기본형",
10009942,1002172,3.3,
10004787,1000794,"1.8 DOHC",
10004786,1000794,"1.8 SOHC",
10003749,1000792,1.8,
10003748,1000792,1.6,
10010556,1002310,"LP550-2 스파이더",
10010557,1002310,LP560-4,
10003747,1000792,1.5,
10004762,1000869,2.0,
10004893,1000883,"5인 2WD",
10004752,1000790,"3D 로미오",
10003558,1001066,"VS380 럭셔리",
10004751,1000790,"3D 로미오 스포츠",
10004750,1000790,"1.5 DOHC",
10004749,1000790,"1.5 SOHC",
10012654,1002620,"프레스티지",
10006895,1001216,4.0,
10005153,1001240,"RX6 2WD",
10006897,1001283,3.5,
10006898,1001283,4.0,
10004748,1000790,"1.3 SOHC",
10004747,1000790,"5DR 줄리엣스포츠 1.5",
10004746,1000790,"5DR 줄리엣스포츠 1.3",
10010688,1002340,"쿠페",
10010687,1002339,"3.2 V8",
10013173,1002504,"인텐스",
10010686,1002338,"MC12 6.0 V12",
10016353,1003168,"1.0톤",
10008870,1001886,EV,
10004188,1000815,SLX,
10004187,1000815,LX,
10006896,1001283,3.2,
10004186,1000815,L,
10013494,1000813,"3.3 4WD 수출형",
10008706,1001826,P-GRADE,
10009025,1001927,"3.8 프리미엄 에디션",
10009027,1001928,"4.0 NV1500",
10009032,1001929,"세단 프리미엄",
10009033,1001929,"세단 럭셔리",
10006899,1001283,4.2,
10003569,1000808,2.5,
10003568,1000808,2.0,
10004122,1000807,"5DR 1.5",
10004287,1000804,"하드탑",
10004231,1000803,"LPI LX20",
10009896,1002158,"6.0 SUT",
10009897,1002158,"6.2 SUT",
10010551,1002310,"5.0 V10 스파이더",
10010553,1002310,LP550-2,
10010560,1002310,"LP570-4 슈퍼 트로페오 스트라달레",
10010562,1002310,"LP570-4 스파이더 퍼포만테",
10004230,1000803,D-LEV,
10004229,1000803,LEX24,
10004228,1000803,LEX20,
10004168,1000852,"1.6 GOLD",
10004227,1000803,"LX20 ",
10004226,1000803,LX18,
10012691,1002630,"EV S",
10012772,1002646,2.0,
10003978,1000997,"3인",
10005131,1001011,"2.0 LV6",
10003754,1001013,"1.4 DOHC",
10012085,1002598,"4.0 V8",
10013149,1002689,"3.6 AWD 레드라인",
10005154,1001240,"RX4 4WD",
10005155,1001240,"아웃도어 에디션 AWD",
10005137,1000800,RX320,
10005136,1000800,"XJ290 4WD",
10007378,1001619,2.3,
10005135,1000800,XJ290,
10010684,1002337,"4.2 V8",
10010514,1002301,"1.6 BLUEHDI 알뤼르",
10003548,1000870,"JS350 VALUE",
10003547,1000870,"JS350 LUXURY",
10012355,1000844,"LPGi 밴",
10012354,1000844,"LPGi LS+",
10009950,1000844,"시티팝 에디션",
10005460,1000844,"비트 에디션",
10010763,1002372,GT,
10005459,1000844,"팝 에디션",
10008707,1001826,L-GRADE,
10008708,1001827,P-GRADE,
10008842,1001879,"18X 4WD",
10008843,1001879,20X,
10008946,1001906,"1.5 4WD",
10008947,1001906,1.8,
10009034,1001929,"레이싱 에디션",
10009038,1001930,"쿠페",
10009182,1001963,"4.0 V6",
10009183,1001963,"4.6 V8",
10009186,1001963,"5.7 V8",
10009301,1001993,"1.5L VVT 5-DOOR",
10009304,1001995,X,
10005458,1000844,"스파크 S",
10010563,1002311,"5.7 VT",
10010565,1002311,"5.7 VT SE",
10005457,1000844,"트랜스포머 에디션",
10005456,1000844,"LPGI LT",
10004185,1000831,LPG,
10004894,1000883,"5인 4WD",
10010806,1002391,D3,
10004184,1000831,"밀레니엄",
10017279,1003165,"냉장윙바디",
10004183,1000831,VAN,
10012407,1001077,"3DR 1.6 CDX",
10004182,1000831,QUE,
10004493,1001103,"3인",
10004314,1001138,"4WD TLX",
10004181,1000831,ESS,
10003859,1001219,"엑시드",
10003860,1001219,"이노베이션",
10004317,1001243,"2WD LX",
10010893,1002403,2.0,
10012294,1000813,"3.3 V6 GDI 4WD 익스클루시브 스페셜",
10010683,1002337,"3.2 V8",
10010509,1002299,2.0,
10007379,1001619,3.5,
10010768,1002373,"스파이더",
10007533,1001649,"4.2 쿠페",
10004264,1000878,GH350,
10004263,1000878,"GH270 LPI",
10004262,1000878,GH380,
10004261,1000878,GH330,
10007955,1001698,320,
10004260,1000878,GH300,
10011478,1002506,"M 로드스터",
10004259,1000878,GH270,
10007362,1001612,3.7,
10004255,1000876,1.8,
10010420,1002273,"1.6 (디젤)",
10008844,1001879,"20X 4WD",
10008845,1001879,20XI,
10008948,1001906,"1.8 4WD",
10009045,1001932,"3.0 디젤",
10009047,1001933,"프리미엄",
10009048,1001933,"스탠다드",
10009050,1001934,"스탠다드",
10009051,1001934,"프리미엄",
10004258,1000875,3.6,
10004257,1000875,3.0,
10003782,1000872,"5DR 1.5",
10003781,1000872,"4DR 1.5",
10010558,1002310,"LP560-4 비콜로레",
10004890,1000798,PLATINUM,
10004169,1000852,"2.0 GOLD",
10004895,1000883,"7인 2WD",
10004813,1000900,1.5,
10004814,1000900,"1.5 V",
10004133,1000935,"POP 1.1",
10003780,1000872,"3DR 1.5",
10003779,1000872,"5DR 1.3",
10003778,1000872,"4DR 1.3",
10012408,1001077,"3DR 1.6 레드홀릭",
10004315,1001138,"4WD LIMITED",
10003777,1000872,"3DR 1.3",
10010419,1002273,1.6,
10004318,1001243,"2WD TLX",
10003557,1000870,VL450(LIMOUSINE),
10014512,1002904,EV,
10005455,1000844,"LPGI LS",
10014935,1001568,"1.4 TFSI",
10004745,1000790,"5DR 줄리엣",
10007534,1001649,"4.2 컨버터블",
10011958,1002574,"3.5 플래티넘 AWD",
10004465,1000897,LX,
10005497,1000896,3.6,
10005070,1000895,2.9,
10005069,1000895,2.0,
10004394,1000893,"LPG E-TEC",
10004393,1000893,PARK,
10004392,1000893,LAND,
10004391,1000893,TRIP,
10010382,1002266,"2WD 2.3 S 투어링",
10010959,1002413,2.8T,
10008680,1001817,"프리미엄",
10005040,1000891,600L(LIMOUSINE),
10008480,1001776,"2.0 TSI",
10005039,1000891,600,
10005038,1000891,500,
10008709,1001827,L-GRADE,
10008710,1001828,"슈프림",
10008846,1001879,"20XI 4WD",
10008847,1001880,3.5,
10010367,1002264,"4WD 2.0 그랜드",
10010559,1002310,"LP560-4 스파이더",
10005037,1000891,400,
10012380,1000889,"1.6 다이아몬드",
10003770,1000840,LS,
10004867,1000842,2.8,
10004170,1000852,"유로 1.5",
10004171,1000852,"유로 1.6",
10012377,1000889,"1.2 SX",
10012376,1000889,SE,
10004815,1000900,1.6,
10008922,1001901,"2.0 TURBO",
10005640,1000947,CL500,
10008929,1001902,"4WD SV",
10004804,1000889,CDX,
10004803,1000889,SX,
10008934,1001903,"3.5 쿠페",
10003755,1001013,"1.6 DOHC",
10012939,1002465,"P-Grade XU10",
10013523,1002748,"2.0 리저브 AWD",
10004138,1001102,"베타",
10004316,1001138,"가솔린 2WD",
10013954,1002813,1650,
10011957,1002574,"3.5 럭셔리 AWD",
10017614,1003549,"스포트백",
10011956,1002574,"3.5 럭셔리",
10010524,1002301,"2.0 펠린",
10009179,1001962,2.0,
10009075,1001941,"V8 2WD SR5",
10008667,1001810,"5.5 V12",
10014979,1002951,"4.0 TFSI 콰트로 LWB",
10006249,1001365,"5.6 AWD",
10015157,1002951,"50 TDI quattro LWB",
10006683,1000914,"하이브리드",
10006682,1000914,"Z71 4X4",
10006681,1000914,LT,
10009061,1001938,FX35,
10007535,1001649,"5.0 쿠페",
10006680,1000914,LS,
10004548,1000913,"내장탑",
10004547,1000913,"점보 2.5톤",
10004545,1000913,"1.5톤카고",
10007956,1001698,"32 AMG",
10004544,1000913,"1.4톤카고",
10010555,1002310,"LP550-2 발렌티노 발보니",
10004208,1000912,"5인승 LPG",
10004207,1000912,"5인승 가솔린",
10010596,1002318,"쿠페",
10004134,1000935,"3DR 1.3",
10009067,1001940,JX35,
10003753,1000911,"프리미엄",
10009068,1001941,"V6 2WD LIMITED",
10003752,1000911,"엘레강스",
10015062,1002967,"V8 4.2",
10004319,1001243,"2WD LIMITED",
10004320,1001243,"4WD LX",
10003546,1000870,JS350,
10009078,1001941,"V8 4WD SR5",
10011721,1002542,F-SPORT,
10011489,1002284,"1.6 BLUEHDI GT-LINE",
10005958,1000943,1.8,
10009118,1001948,"1.3 GARNET EDITION-2 4WD",
10005957,1000943,1.6,
10007536,1001649,"5.0 컨버터블",
10007537,1001650,"쿠페",
10013250,1002699,1.6,
10013393,1002726,EV,
10014674,1002929,"1.5 쿠퍼",
10008276,1001738,"35 D",
10012470,1001767,"2.0 TDI",
10008489,1001777,"V8 4.2 NWB",
10008599,1001795,"쿠페",
10008672,1001815,"E-VGT R2.2 2WD",
10008714,1001830,"하이브리드",
10008854,1001882,DX,
10008856,1001882,"4WD EX",
10003936,1000920,"CRDi 2WD BEST",
10011786,1002476,"1.6 디젤 LT",
10004583,1000854,"2.0 4U",
10009060,1001938,FX30D,
10009206,1001968,4.0,
10011276,1001968,3.5,
10009207,1001969,"기본형",
10009338,1002007,"2.0 D",
10008944,1001905,3.5,
10009495,1002031,"3.0 CRD",
10009606,1002060,"2.4L 세단",
10009607,1002060,"2.7 세단",
10009609,1002061,"2.0 세단",
10008822,1001873,3.0,
10006893,1001216,3.0,
10010377,1002265,"4WD 2.5 투어링",
10010550,1002310,"5.0 V10 쿠페",
10004067,1000806,"덤프",
10004127,1000860,"3DR 1.3",
10015076,1002972,"3.0 TDI 콰트로",
10004896,1000883,"7인 4WD",
10015151,1002974,"1.8 콰트로",
10012586,1000931,"2.0 디젤 티타늄 해치백",
10004494,1001103,"6인",
10012961,1001138,"2WD 비즈니스",
10009497,1002031,"6.4 SRT8",
10010571,1002311,"6.0 GTR",
10003787,1001008,1.8,
10003786,1001008,1.5,
10004180,1001005,"4DR 1.6 VGT",
10004179,1001005,"5DR 2.0 CVVT GOLD",
10004177,1001005,"5DR 1.6 CVVT",
10009501,1002033,"3.6 V6",
10004176,1001005,"4DR 1.6 CVVT GOLD",
10004175,1001005,"4DR 1.6 CVVT",
10009971,1002185,3.4,
10012077,1001635,"2.0 B-HDI 샤인",
10009898,1002159,3.5,
10007540,1001651,"4.2 컨버터블",
10003720,1001004,"하이브리드",
10003719,1001004,"5DR 1.5",
10009586,1002053,1.8,
10003718,1001004,"4DR 1.5",
10007958,1001699,200K,
10003717,1001004,"3DR 1.5",
10004912,1000978,FE,
10003803,1000919,"2.7 엘리사",
10009358,1002011,2.0,
10004120,1000807,"4DR 1.5",
10004286,1001036,"2인 크루저",
10012985,1002677,"3.9 V8",
10013164,1002690,"3.8 쿠페",
10008491,1001777,"V10 5.0 TDI",
10004758,1001034,"4DR 1.5 DOHC",
10004757,1001034,"5DR 줄리엣스포츠 1.5",
10004756,1001034,"5DR 줄리엣스포츠 1.3",
10017321,1003494,E6,
10010961,1002414,"2.0 5도어",
10013745,1002723,"E-텐스 소 시크",
10013747,1002746,"3.0 PHEV GT AWD",
10012585,1000931,"2.0 디젤 스포츠 해치백",
10004105,1000813,"R2.2 2WD 익스클루시브",
10003802,1000919,"2.0 GTS-2",
10003772,1000843,1.4,
10013256,1002700,2.3,
10004172,1000852,"유로 2.0 GOLD",
10004816,1000900,"다이아몬드",
10004817,1000900,"V 다이아몬드",
10005454,1000844,"LPGI L",
10004135,1000935,"5DR 1.3",
10004136,1000935,"웨건 FRIEND",
10005643,1000947,"CL55 AMG",
10005453,1000844,"타투 에디션",
10003756,1001013,"1.5 VGT",
10004922,1001025,"1.6 PE",
10013520,1002747,"1.5 dCi 인텐스",
10011156,1002452,"3.6 프리미엄 AWD",
10010982,1002416,2.0T,
10007483,1001636,"3.0 가솔린",
10008356,1001757,"2.8 콰트로",
10004271,1001170,GH380,
10004321,1001243,"4WD TLX",
10004322,1001243,"4WD LIMITED",
10013066,1002682,"2.5 스마트",
10004876,1001289,"2인승 판넬밴",
10004877,1001289,"5인승 코치",
10011324,1001638,"1.6 BLUEHDI 소 시크",
10004578,1001318,"2.0 프레스티지",
10006904,1001369,"4.0 컨버터블",
10011073,1002428,"1.5 G 하이브리드",
10003566,1001066,VL380(LIMOUSINE),
10007487,1001637,"HDI 200",
10003565,1001066,"VS380 익스클루시브",
10007471,1001633,"HDI 150",
10007542,1001651,"5.0 컨버터블",
10003564,1001066,"VS380 프리미엄",
10003563,1001066,"VS380 모던",
10003562,1001066,"VS500 프레스티지",
10007959,1001699,280,
10007960,1001699,300,
10007961,1001699,350,
10005651,1001021,"CL65 AMG",
10005060,1001311,"V8 5000",
10005057,1001311,"CW600 4TRONIC",
10013773,1002316,"1.4 구찌 에디션",
10010597,1002318,"이탈리아",
10010612,1002324,"DEDRA 1.8",
10003551,1000870,"JS380 PREMIER",
10005055,1001255,600S,
10011088,1002434,"6.7 V12",
10006240,1000975,3.3,
10017383,1003142,"슈퍼캡/초장축(트윈컴프)",
10015219,1002995,"0.6 2WD",
10006586,1001014,"2.0 SEL",
10004871,1001030,"2인",
10005147,1001151,"수출형",
10005146,1001151,"RX6 4WD",
10003937,1000920,"CRDi 4WD",
10005145,1001151,"RX7 AWD",
10005143,1001151,"RX5 4WD",
10004272,1001170,"GH270 LPI",
10004693,1000926,SL,
10004323,1001243,"2WD 가솔린",
10004878,1001289,"7인승 코치",
10004576,1001318,"1.6 럭셔리",
10006905,1001369,"6.0 쿠페",
10005142,1001151,"RX5 2WD",
10004999,1001124,"2.3 PRESTIGE",
10004998,1001124,"2.3 RE",
10007128,1001556,"2.0 프리미엄 AWD",
10003766,1000929,1.4,
10013065,1002682,"2.0 터보",
10003560,1001066,"VS380 프레스티지",
10005649,1001021,CL600,
10004821,1000939,"2.0 에이스",
10013324,1002712,EV,
10012462,1000806,"앰뷸런스",
10010710,1002348,2.0,
10012018,1002578,"이그제큐티브",
10008495,1001778,"2.0 TSI",
10010690,1002341,"V12 3.5",
10010527,1002301,"2.2 GT 프리미엄",
10008723,1001835,"PREMIUM-NAVI PACKAGE",
10008724,1001836,STD,
10010580,1002314,"6.2 V12 로드스터",
10010582,1002314,"LP640 로드스터",
10010583,1002314,"LP670-4 슈퍼벨로체",
10010587,1002316,"1.4 팝",
10015744,1003100,"1.0톤",
10010617,1002324,"THESIS 2.4",
10012015,1002577,"0.6 X 그래이드",
10010667,1002333,"4.7 MC",
10010436,1002276,"1.6 록시 컨버터블",
10004891,1000798,DIAMOND,
10004106,1000813,"R2.2 2WD 익스클루시브 스페셜",
10003771,1000840,"LS TURBO",
10004593,1000854,"1.6 디젤 프리미엄",
10004156,1000901,1.5,
10010433,1002276,"1.6 퀵실버 컨버터블",
10012014,1002577,"0.6 기본형",
10006588,1001014,"3.5 SEL",
10004923,1001025,"1.6 XE",
10004872,1001030,"5인",
10011951,1002571,"스포트 플러스",
10010372,1002265,"2WD 2.0 그랜드 투어링",
10010369,1002265,"2WD 2.5 스포츠",
10009919,1002166,2.7,
10009795,1002127,"4.3 2WD",
10009794,1002126,6.0,
10008806,1001871,1.4,
10008688,1001819,STD,
10017610,1003548,"베이스",
10007837,1001692,E550,
10007741,1001686,"SL65 AMG",
10005648,1001021,CL550,
10004819,1000939,1.9,
10010008,1002194,3.4,
10009790,1002124,"V6 3.8",
10009726,1002104,EXECUTIVE,
10007543,1001652,"5.0 쿠페",
10007649,1001667,1.6,
10007650,1001667,1.9,
10007652,1001667,3.0,
10009725,1002103,"4.6L V8",
10009336,1002006,3.6R,
10007962,1001699,"350 블루이피션시",
10017611,1003548,"액티브",
10009335,1002006,"3.0R LIMITED",
10009146,1001954,"GT-S 2DR LIFTBACK",
10008279,1001738,"M50 D",
10008675,1001815,"3.3 V6 GDI 4WD",
10010636,1002328,"1.9 디젤",
10010639,1002329,1.1,
10012599,1002329,"CABRIO 1.6 ELX",
10008659,1001804,"펄스 터보",
10010665,1002333,4.7,
10004193,1001003,"가솔린 밴",
10004068,1000806,"캠핑카",
10004069,1000806,"크레인",
10005045,1001010,600S,
10004173,1000852,"디젤 1.5",
10015244,1003000,"럭셔리",
10011592,1002517,"2.2 KX 2WD",
10017268,1003136,"더블캡",
10005644,1000947,"CL63 AMG",
10015245,1003001,F-Sport,
10006883,1000986,3.0,
10006589,1001014,"3.5 LIMITED",
10004924,1001025,"1.6 LE",
10007836,1001692,"E500 4MATIC",
10007834,1001692,E430,
10007740,1001686,"SL55 AMG",
10010729,1002355,"2.0 JTDM",
10004325,1001243,"2WD 터보 GDI TLX",
10004326,1001243,"2WD 터보 GDI LIMITED",
10007738,1001686,SL550,
10004724,1001400,"일반형",
10004725,1001400,"고급형",
10004726,1001400,"밴",
10007512,1001644,SX,
10007737,1001686,SL500,
10007491,1001638,"1.6 E-HDI 소 시크 플러스",
10004755,1001034,"3DR 로미오스포츠 1.5",
10012002,1001646,"2.5 프리미어",
10007544,1001652,"5.0 컨버터블",
10004471,1001048,"3인",
10007653,1001668,"세단",
10004744,1000790,"3D 로미오 1.6 DOHC",
10009144,1001954,"ST 쿠페",
10009143,1001953,"컨버터블",
10009142,1001953,"쿠페",
10009140,1001952,4.7,
10009139,1001951,3.5,
10009107,1001948,1.3,
10008804,1001870,"1.5 하이브리드",
10008684,1001818,STD,
10008658,1001804,"펄스 MHD",
10004163,1000838,1.5,
10010561,1002310,"LP570-4 슈퍼레제라",
10007833,1001692,E420,
10010764,1002372,GTA,
10007832,1001692,"E350 4MATIC",
10007736,1001686,SL380,
10006241,1000975,3.5,
10006884,1000986,3.5,
10007501,1001642,"2.0 E-HDI 시크",
10007490,1001638,"1.6 E-HDI 소 시크",
10010728,1002355,"1.6 JTDM",
10004898,1001073,HDLX,
10004410,1001335,LPI,
10006906,1001369,"6.0 컨버터블",
10005647,1001021,"CL500 4MATIC",
10003797,1000863,LPG,
10007654,1001668,GT,
10007660,1001669,2.0,
10012461,1000806,"다용도탑차",
10010689,1002340,"스파이더",
10009584,1002052,1.6,
10009331,1002006,"2.5I SPECIAL EDITION",
10010614,1002324,"THEMA TURBO",
10009330,1002006,2.5I,
10009137,1001950,"1.8 XR 4WD",
10010564,1002311,"5.7 VT 로드스터",
10013519,1002747,"1.5 dCi 젠",
10008431,1001765,"2.0 TDI 익스클루시브",
10013730,1002782,"2.0 스포츠",
10008663,1001806,0.7,
10008674,1001815,"3.3 V6 GDI 2WD",
10008730,1001840,"4인승",
10009231,1001976,SPECIAL,
10009234,1001976,ES,
10009353,1002010,"WRX 5DR 스텐다드",
10011419,1002497,"스마트",1
10017592,1003545,"4.0 V8 GT 코어",1
10005063,1001338,"가솔린 2WD CW600",1
10004414,1001382,"그랜드 GX",1
10017570,1003542,"카고 스마트",1
10007332,1001599,"하이브리드 XLE",1
10017564,1003541,"카고 스마트",1
10017559,1003540,"50 xDrive M 스포츠",1
10007430,1001624,"1.6 GDI",1
10007434,1001626,"디젤 2.0 2WD",1
10017553,1003539," 220 그란쿠페 M 스포츠 디자인",1
10008214,1001725,730,1
10008496,1001779,"2.0 TDI 컴포트",1
10003625,1001447,"CVVL 스타일",1
10017322,1001689,190E,1
10017510,1003529,"1.6 가솔린 터보 트렌디 2WD",1
10008177,1001719,"420i 쿠페",1
10017495,1003527,"트렌디",1
10017489,1003526,1.6,1
10004242,1000881,1.8,1
10017580,1003524,"포터 전기차",1
10015496,1001659,"1.3 론지튜드 FWD",1
10008499,1001780,"V6 3.0 TDI",1
10017185,1001786,1.6,1
10008873,1001887,1.0,1
10003499,1001288,Q240,1
10005251,1001340,BX212,1
10014981,1001869,1.7,1
10008815,1001872,2.4,1
10003676,1001302,"1.6 VVT E16",1
10017425,1003518,4.4,1
10017423,1003517,"2.7 4WD 드날리",1
10008958,1001910,1.4,1
10003574,1001053,1.8,1
10005364,1001236,"2.5톤",1
10017405,1003513,"컴패티션",1
10008256,1001734,"3.0 D",1
10008885,1001891,2.5,1
10017589,1001967,"2.5 하이브리드",1
10017364,1003503,"2.5톤",1
10005446,1001308,"이동무대차",1
10003535,1001416,PREMIUM,1
10017346,1003500,"스탠다드",1
10008263,1001735,"xDrive 30d",1
10009461,1002024,"듀에고CT",1
10017331,1003496,"SE 클래식",1
10017324,1003495,"C 클래식",1
10007889,1001695,"S320 CDI",1
10009039,1001931,"세단",1
10014239,1002030,"2.5 2WD 하이브리드",1
10009526,1002040,I,1
10017315,1003493,"40 TFSI 콰트로 어드밴스드",1
10017312,1003492,"E 클래식",1
10004953,1001026,PE,1
10004617,1001032,"2.4 GDI 디럭스",1
10005119,1001064,"2WD AX5",1
10017434,1003491,"40 TDI 콰트로 어드밴스드 ",1
10017301,1003490,"AMG SL43",1
10017291,1003489,"코어",1
10017327,1003488,525i,1
10004567,1001101,"1.6 CVVT",1
10017286,1003487,"퍼포먼스 어드밴스드",1
10017280,1003486,"롱 베이직 스탠다드",1
10017256,1003485,"일반캡/초장축",1
10017247,1003484,"5인승 베이직",1
10017244,1003483,"롱레인지 2WD",1
10017217,1003481,"eDrive20 M 스포츠",1
10009733,1002107,"2톤",1
10009755,1002112,"디젤 1.9",1
10017208,1003479,"T5 2WD",1
10004903,1000864,CL240,1
10017207,1003478,"S8 2WD",1
10017201,1003477,"G450 d",1
10017193,1003476,"퍼포먼스",1
10017192,1003475,"콰트로",1
10017166,1003473,"1.6 가솔린 터보 2WD",1
10004294,1000816,"디젤 2WD JV300",1
10005716,1000976,R280,1
10017161,1003471,"2.0 TSI R-라인 6인승 ",1
10004597,1001070,"1.6 GDI 럭셔리",1
10017156,1003470,"E 클래식",1
10007166,1001561,"4.2 V8 쿠페",1
10017150,1003469,"익스클루시브",1
10017125,1003465,"HOBBY캠핑트레일러",1
10017124,1003464,"차캐드일반화물운송트레일러",1
10017116,1003463,"2밴 (2인승)",1
10004675,1000961,"1.6 GDI 디럭스",1
10013119,1001027,"2.0 TFSI 쿠페 B&W",1
10007185,1001568,"2.0 TDI 콰트로",1
10017118,1003462,"2밴 (2인승)",1
10017100,1003459,"스탠다드",1
10008613,1001798,"3.6 VR6",1
10009837,1002136,"쿠페",1
10017087,1003458,RWD,1
10003613,1001429,"Y20 그랜드",1
10007742,1001687,SL350,1
10017082,1003456,"폴고레",1
10017079,1003455,"와일드트랙",1
10017076,1003454,"2.5 T-GDI 2WD",1
10017060,1003452,"2.2 2WD",1
10004628,1000962,"2.0 스마트",1
10017056,1003450,2WD,1
10017054,1003449,"2.5 하이브리드",1
10017052,1003448,"코어",1
10009862,1002145,"GLE 250 d 4MATIC",1
10009878,1002151,4.8,1
10017033,1003447,"모데나",1
10017031,1003446,"1.0톤/슈퍼캡/초장축",1
10017015,1003445,"에센셜",1
10017283,1003444,JCW,1
10017013,1003443,LX700h,1
10017010,1003442,"항속형 2WD",1
10017000,1003441,"베이스",1
10016992,1003440,"50 콰트로",1
10005349,1000941,"마이티2.5톤",1
10004439,1001083,"1.8 LPG",1
10004355,1001164,"LPI 2WD 2.7",1
10016988,1003439,"베이스",1
10017006,1003438,"HEV 2.5T 2WD 7인승",1
10017002,1003437,"2.5T 2WD 7인승",1
10016980,1003436,"4.0 V8 스파이더",1
10008460,1001772,1.8,1
10010187,1002220,1.6,1
10016979,1003435,"2.7 Z71 4WD",1
10017499,1003528,"테크노",1
10016972,1003433,"ALL4 클래식",1
10016966,1003432,"기본형",1
10016949,1003431,4WD,1
10005285,1001132,AM927,1
10009382,1001169,"1.4VVT 스타일",1
10016940,1003430,"xDrive 20",1
10008220,1001726,"Z-3 1.9",1
10016928,1003429,"xDrive 20i M 스포츠",1
10009312,1001996,"0.7 4WD",1
10016931,1003428,"1.6 터보HEV 2WD",1
10005214,1000898,"15인",1
10016925,1003427,"1.6 가솔린 2WD",1
10017447,1003426,"엔트리",1
10005439,1001084,"4.5톤이하",1
10016909,1003425,"EQS 680 SUV",1
10016908,1003424,"I4 퍼스트 에디션",1
10016901,1003423,"1.0 가솔린",1
10016894,1003422,S,1
10016878,1003421,"하이형/킹캡/초장축",1
10016876,1003420,"스포츠",1
10016871,1003419,"스테이션 왜건",1
10016868,1003418,"1톤",1
10016862,1003417,"기본형",1
10016861,1003416,"6.5 V12",1
10016855,1003415,"기본형",1
10003688,1001380,"M16 GDI 디럭스",1
10016843,1003414,"노블레스 라이트",1
10016847,1003413,"2.5 2WD",1
10016841,1003412,"500h 이그제큐티브",1
10010192,1002224,2.0,1
10016832,1003411,"하이브리드 1.5 테크노",1
10005360,1001133,"살수차",1
10003657,1001165,"1.5 DOHC",1
10016828,1003410,"가솔린 2.0 테크노 2WD",1
10016812,1003409,"론지튜드",1
10016808,1003408,2.0,1
10008742,1001845,LX570,1
10016801,1003407,"1.2톤",1
10016800,1003406,"1.5 PHEV",1
10016796,1003405,"롱레인지 싱글모터",1
10010264,1002243,STANDARD,1
10010276,1002244,"3.0 SC HSE 다이나믹",1
10010322,1002253,"6.8 R",1
10016985,1003404,"프리미엄",1
10016781,1003403,"1.8 하이브리드",1
10016775,1003402,"2WD S7",1
10016774,1003401,"기본형",1
10016769,1003400,"1.0톤/킹캡/초장축",1
10008743,1001846,LX470,1
10009650,1002073,5.4,1
10016764,1003399,"스마트",1
10017200,1003398,"스타일",1
10016757,1003397,"2.0 S ALL4 클래식",1
10005444,1001260,"캠핑카",1
10003624,1001432,"YF HEV",1
10016998,1002147,2.8,1
10016745,1003396,1.5,1
10005698,1000966,ML270,1
10016741,1003395,"4.0 TFSI 콰트로",1
10016739,1003394,"슈프림",1
10016737,1003393,"롱레인지 2WD",1
10016735,1003392,"스탠다드",1
10016731,1003391,"1.8 LT",1
10007253,1001581,"30 TDI",1
10016716,1003390,"2.4 2WD",1
10016714,1003389,"8.0 W16",1
10015000,1001781,"V6 3.6 FSI",1
10016713,1003388,"8.0 W16",1
10016710,1003387,"킹캡 초장축",1
10009658,1002077,"쿠페",1
10016706,1003386,"1.0톤/더블캡/초장축",1
10016698,1003385,"자가용 초장축 23인승",1
10003818,1000888,"BH330 MODERN",1
10007254,1001582,"30 TDI",1
10004112,1000845,"1.5 Si LX",1
10016685,1003384,"자가용 단축 25인승",1
10016681,1003383,"카고 냉동",1
10017085,1003382,"스마트",1
10008641,1001801,"가솔린 2.0",1
10016675,1003381,"2.9 V6 4",1
10016672,1003380,"4.0 PHEV AWD",1
10005329,1001158,"2.5톤",1
10003582,1001271,1.8,1
10016669,1003379,"1.5 터보",1
10016948,1003378,"스탠다드",1
10005328,1000998,"2톤",1
10016664,1003377,"2.0 캠핑카",1
10007868,1001694,S280,1
10009684,1002085,"XLT 2WD",1
10016653,1003375,"1.5 GDI-T 2WD",1
10016638,1003374,"3.6 스포츠",1
10005265,1001304,HSX,1
10004387,1001306,"디젤 2WD 2.0 디럭스",1
10017381,1003373,"1.6 GTe 에스프리 알핀",1
10016629,1003372,"1.3 TCe 260 아이코닉",1
10009554,1002046,"1.6 GDI 디럭스",1
10016607,1003370,"2.0 HEV LE",1
10005272,1001387,"일반",1
10016601,1003368,"3.0 쿠페",1
10016597,1003367,"가솔린 2.0T 2WD",1
10009567,1002047,"730d xDrive",1
10016576,1003366,"CLE 200 쿠페",1
10016571,1003365,E200,1
10016566,1003364,"3.0 V6 PHEV",1
10008189,1001721,"630 쿠페",1
10012471,1001789,"1.4 TSI",1
10016564,1003363,"3.0 V6 PHEV",1
10016632,1003362,"2.3 에코부스트 프리미엄 쿠페",1
10016615,1003361,"HEV 1.6 카고 3인승",1
10016551,1003360,"2.0 AWD",1
10016549,1003359,"eDrive 40",1
10016543,1003358,"1.0톤",1
10010326,1002255,6.8,1
10003954,1001135,"가솔린 2.0 GDI 2WD",1
10016511,1003357,"1.0톤",1
10012622,1002230,"JCW 프로즌 블랙에디션",1
10004140,1001265,"1.4 4DR DOHC",1
10016540,1003354,"킹캡/초장축(듀얼컴프)",1
10010197,1002226,"기본형",1
10010218,1002234,"기본형",1
10016509,1003346,"슈퍼캡/초장축",1
10009441,1002022,"3.3 GDI 프레스티지",1
10016505,1003344,"슈퍼캡/초장축(CRDi)",1
10017262,1003343,"더블캡",1
10004794,1000812,"2.0 SOHC",1
10003845,1001136,"1.6 GDI",1
10003910,1001163,"디젤 2WD 2.0 CLX",1
10004965,1001228,PE,1
10005266,1001349,520~540,1
10016488,1003338,"1.0톤/킹캡/초장축/플러스형",1
10017107,1003336,"일반캡/초장축(CRDI)",1
10012506,1001722,"630 컨버터블",1
10016898,1001802,ED,1
10016479,1003331,"슈퍼캡/초장축",1
10017329,1003329,"더블캡",1
10003570,1000837,1.8,1
10016472,1003324,3.5,1
10016465,1003323,"쿠페",1
10016462,1003322,"슈퍼캡/초장축",1
10016461,1003321,"킹캡/초장축",1
10016459,1003320,"더블캡/초장축/2WD",1
10016457,1003319,"더블캡/초장축/2WD",1
10017273,1003318,"일반캡",1
10014905,1000955,"GL320 CDI 4Matic",1
10014885,1001690,C180,1
10017270,1003317,"표준캡",1
10010220,1002235,1.0,1
10016451,1003316,"슈퍼캡/초장축",1
10016450,1003315,"킹캡/초장축/턴인형(2단)",1
10016449,1003314,"하이형/킹캡/초장축",1
10016447,1003313,"수동식/슈퍼캡/초장축",1
10004557,1000930,"가솔린 1.6 CVVT S",1
10005021,1001024,"디젤 2WD SE",1
10016445,1003312,"수동식/킹캡/초장축",1
10005344,1001350,"2톤",1
10016444,1003311,"킹캡/초장축",1
10016443,1003310,"슈퍼캡/초장축",1
10016442,1003309,"로우형(양문형)/킹캡/초장축",1
10007519,1001647,"1.6 GDI 스타일",1
10016441,1003308,"슈퍼캡/초장축",1
10016439,1003307,"슈퍼캡/초장축/(트윈컴프)",1
10016437,1003306,"스탠다드형/킹캡/초장축/(듀얼컴프)",1
10016436,1003305,"스탠다드형/킹캡/초장축/(듀얼컴프)",1
10008606,1001797,S,1
10009749,1002110,"2.0 럭셔리 2WD",1
10016430,1003304,"슈퍼캡/초장축/(트윈컴프)",1
10016426,1003303,"스탠다드(빌트인)/킹캡/초장축/듀얼",1
10010228,1002237,"2.7 TDV6 HSE",1
10016424,1003302,"슈퍼캡/초장축",1
10016423,1003301,"하이형/킹캡/초장축",1
10016419,1003300,"슈퍼캡/초장축",1
10017259,1003299,"더블캡",1
10016405,1003298,"더블캡/장축/4WD",1
10016397,1003297,"1.2톤/킹캡/초장축/2WD",1
10010181,1002218,"기본형",1
10010183,1002219,"기본형",1
10016395,1003296,"킹캡/초장축/2WD",1
10016394,1003295,"슈퍼캡/장축/4WD",1
10010253,1002242,"3.0 TDV6 VOGUE SE 디젤",1
10016392,1003294,"슈퍼캡/장축/4WD",1
10016389,1003293,"킹캡/장축/4WD/3WAY형",1
10016351,1003291,"기본형",1
10016350,1003290,"기본형",1
10017487,1001949,2.4,1
10009508,1002035,"가솔린 1.6 TCe",1
10016347,1003289,"1.0톤",1
10016346,1003288,"기본형",1
10004253,1001072,"LPG 2.0 LXT",1
10016337,1003287,"1톤",1
10017021,1001448,"엘레강스",1
10007181,1001567,"2.0 TDI 콰트로",1
10016342,1003285,"기본형",1
10016341,1003284,"기본형",1
10016328,1003283,"기본형",1
10016327,1003282,"기본형",1
10016288,1003281,LPG,1
10016276,1003280,"기본형",1
10016275,1003279,"기본형",1
10016261,1003277,"기본형",1
10005244,1001230,BV113,1
10016258,1003276,"1톤",1
10016256,1003275,"기본형",1
10016248,1003274,"1.4톤",1
10008671,1001814,"5톤이상",1
10016239,1003273,"기본형",1
10016238,1003272,"기본형",1
10016237,1003271,"기본형",1
10016231,1003270,"1.3톤",1
10005431,1001235,"2.5톤이하",1
10016229,1003269,"슈퍼캡",1
10016227,1003268,"기본형",1
10016224,1003266,"기본형",1
10016223,1003265,"기본형",1
10016222,1003264,"기본형",1
10016215,1003263,"슈퍼캡",1
10016213,1003262,"기본형",1
10016212,1003261,"롱카고",1
10016208,1003260,"1톤",1
10016195,1003259,"슈퍼캡",1
10016184,1003258,"기본형",1
10016183,1003257,"기본형",1
10013317,1002240,"2.0 TD4 SE(150마력)",1
10016181,1003256,"1톤/킹캡",1
10016169,1003255,"슈퍼캡",1
10016167,1003254,"기본형",1
10016162,1003253,"롱카고",1
10008104,1001710,520i,1
10016151,1003252,"슈퍼캡",1
10009407,1002019,"2.0 GDI 유니크",1
10016958,1003251,"기본형",1
10016145,1003250,"1.0톤",1
10004010,1001396,"3인승",1
10016142,1003249,"더블캡/초장축",1
10016139,1003248,"1.0톤/더블캡/초장축",1
10016136,1003247,LPG,1
10016135,1003246,"기본형",1
10016134,1003245,"롱카고",1
10016127,1003244,"기본형",1
10016121,1003242,"1톤",1
10016117,1003241,"기본형",1
10016116,1003240,"기본형",1
10016115,1003239,"기본형",1
10016114,1003238,"기본형",1
10016113,1003237,"기본형",1
10016111,1003236,"1.0톤",1
10016101,1003235,"슈퍼캡/초장축",1
10016021,1003217,STD,1
10016099,1003234,"1.0톤/킹캡/초장축/턴인형(2단)",1
10016095,1003233,"기본형",1
10016094,1003232,"롱카고",1
10016092,1003231,"기본형",1
10016091,1003230,"기본형",1
10008563,1001792,"카레라",1
10016090,1003229,"기본형",1
10016088,1003228,"기본형",1
10013862,1000972,3.0,1
10016085,1003227,"기본형",1
10016083,1003226,"기본형",1
10009732,1002106,"4.5톤이상",1
10016081,1003225,"1.0톤",1
10016068,1003221,"1톤",1
10007795,1001691,C200,1
10016295,1003186,"기본형",1
10016040,1003220,"1.3톤",1
10005413,1001052,"4.5톤이하",1
10016039,1003219,"기본형",1
10016027,1003218,STD,1
10016260,1003216,"기본형",1
10016259,1003215,"기본형",1
10016257,1003214,"기본형",1
10012950,1002289,"1.5 BlueHDi 알뤼르",1
10005255,1000851,401,1
10016252,1003213,"기본형",1
10016250,1003212,"기본형",1
10016251,1003211,"기본형",1
10016249,1003209,"기본형",1
10016247,1003208,"기본형",1
10007942,1001697,B150,1
10016246,1003207,"기본형",1
10016245,1003206,"기본형",1
10009552,1002045,"GLC 220 d 4MATIC",1
10010475,1002291,"2.0 HDi",1
10010483,1002294,"2.0 GT",1
10010486,1002295,"1.6 HDI",1
10016733,1003205,"1.0톤",1
10010503,1002298,2.0,1
10015818,1003200,"1톤/4WD",1
10015815,1003197,"기본형",1
10015808,1003195,"1.3톤",1
10015806,1003194,"기본형",1
10015749,1003191,"1.5 가솔린",1
10016105,1003189,"더블캡/초장축",1
10016103,1003188,"더블캡/초장축",1
10016306,1003187,"1.0톤/슈퍼캡/초장축",1
10008241,1001732,"xDrive 20d",1
10004938,1001280,"SE 플러스",1
10016293,1003185,"기본형",1
10016287,1003183,"기본형",1
10016286,1003182,"1.0톤/킹캡/초장축",1
10007432,1001625,"프리미엄",1
10015980,1003146,"기본형",1
10008233,1001730,"xDrive 18d 4WD",1
10015927,1003137,"1.0톤",1
10009758,1002114,"4.6L V8",1
10016277,1003181,"기본형",1
10016270,1003180,"1.0톤",1
10016268,1003179,"기본형",1
10016263,1003178,"기본형",1
10009760,1002115,"3.0 럭셔리",1
10004080,1000824,"유니크",1
10016096,1003173,"1.0톤",1
10010232,1002238,"2.5 TD5",1
10010289,1002246,"2.0 SI4 프레스티지",1
10017139,1003171,"전동식/슈퍼캡/초장축",1
10016153,1003152,"기본형",1
10003997,1001055,"3인",1
10017456,1003522,"가솔린 M5 2WD",1
10016358,1003170,"기본형",1
10008392,1001760,"3.0 TDI 콰트로 엔트리",1
10017140,1003167,"수동식/킹캡/초장축",1
10016314,1003166,"기본형",1
10016309,1003165,"1.0톤",1
10005034,1000973,"디젤 1.5 SE",1
10005433,1001286,"2.5톤이하",1
10007381,1001620,"2.0 디럭스",1
10008238,1001731,"X-3 2.0",1
10008252,1001733," xDrive 20d",1
10016210,1003164,"기본형",1
10005290,1001222,"그린필드(SDI)",1
10016201,1003162,"1.0톤",1
10016200,1003161,"기본형",1
10008477,1001775,"2.0 TDI",1
10015723,1003099,"1.0톤",1
10017170,1003474,"라이트",1
10016197,1003160,"슈퍼캡/초장축",1
10016193,1003159,"1.25톤",1
10016188,1003158,"슈퍼캡/초장축/(CRDi)",1
10016185,1003157,"기본형",1
10005421,1001078,"진개덤프",1
10004147,1001307,"4DR 1.4MPI 스마트",1
10016172,1003156,"1.0톤",1
10016165,1003155,"슈퍼캡/초장축",1
10016160,1003154,"1.0톤",1
10016156,1003153,"기본형",1
10016149,1003151,"1.0톤",1
10015991,1003149,"기본형",1
10015912,1003135,"기본형",1
10015868,1003125,"1.0톤/킹캡/초장축",1
10016243,1003084,"기본형",1
10015985,1003148,"기본형",1
10015982,1003147,"1.0톤",1
10010577,1002313,LP610-4,1
10015978,1003145,"1.0톤",1
10003842,1001115,"1.6 VVT",1
10004446,1001140,"LPI GX",1
10015977,1003144,"1.3톤",1
10007189,1001569,"3.0 TDI",1
10015976,1003143,"1.0톤",1
10015962,1003142,"기본형",1
10005300,1001080,"마이티 3.5톤",1
10003489,1001224,"가솔린 R20",1
10015956,1003141,"기본형",1
10016131,1003110,"기본형",1
10010663,1002332,"스파이더",1
10017062,1003453,2.5,1
10004116,1001056,1.5,1
10010668,1002334,4.2,1
10015918,1003136,"1.0톤",1
10005498,1000902,"2.0 2WD LS",1
10015899,1003130,"1.0톤/슈퍼캡/초장축",1
10005276,1001420,"일반",1
10011766,1001628,"레스타 15인",1
10007545,1001653,"2.0D 프레스티지",1
10015884,1003129,"기본형",1
10015881,1003128,"기본형",1
10015780,1003101,"1.0톤/슈퍼캡/초장축",1
10015489,1003043,"2.0 리저브 AWD",1
10015875,1003127,"기본형",1
10014499,1002268,"4WD 2.5 시그니처",1
10015872,1003126,"기본형",1
10003888,1001059,"2WD(2.0VGT) CLX",1
10015850,1003124,"1.0톤",1
10004194,1001173,"스마트",1
10004402,1001290,GX,1
10004004,1001370,"11인승 왜건",1
10003703,1001404,"2.0 GDI 스마트",1
10015847,1003123,"1.0톤",1
10015839,1003122,"1.0톤",1
10015837,1003121,"기본형",1
10015331,1003023,4.4,1
10005236,1001031,BF101,1
10017058,1003451,"2.2 2WD",1
10016133,1003111,"기본형",1
10016130,1003109,"기본형",1
10016129,1003108,"기본형",1
10016128,1003107,"기본형",1
10016125,1003106,"기본형",1
10016124,1003105,"기본형",1
10015783,1003102,"1.0톤",1
10003839,1000958,"1.6 VVT",1
10015721,1003098,"1.0톤/킹캡/초장축",1
10015687,1003097,"1.0톤/킹캡/초장축",1
10015622,1003067,"기본형",1
10010193,1002225,"기본형",1
10005006,1000974,"디젤 2WD SE",1
10004643,1001118,"디럭스",1
10005415,1001166,"1톤",1
10003919,1001245,"디젤 2WD 2.0 스마트",1
10007093,1001406,"가솔린 7인승 리무진",1
10015437,1003034,"1.6 터보",1
10003980,1000841,"7인",1
10015665,1003096,"1.0톤",1
10016242,1003083,"기본형",1
10016241,1003082,"기본형",1
10016240,1003081,"기본형",1
10015605,1003080,"진개덤프",1
10007198,1001570,"2.0 TDI 콰트로 스포츠백",1
10015604,1003079,"진개덤프",1
10015603,1003078,"진개덤프",1
10015631,1003071,"기본형",1
10015629,1003070,"1.2톤",1
10015628,1003069,"기본형",1
10015623,1003068,"기본형",1
10015649,1003052,"1.0톤",1
10004983,1001293,"1.6 TCE",1
10015232,1002991,"40 TFSI",1
10011983,1001701,"투어",1
10015131,1002990,"GT RS",1
10008269,1001736,"xDrive 30d",1
10016977,1003434,2.0,1
10015616,1003066,"1.0톤",1
10015614,1003065,"1.0톤",1
10015613,1003064,"기본형",1
10015609,1003063,"기본형",1
10015608,1003062,"기본형",1
10015607,1003061,"기본형",1
10015606,1003060,"기본형",1
10015592,1003059,"기본형",1
10015584,1003057,"1.0톤",1
10015582,1003056,"1.0톤/킹캡/초장축",1
10005260,1001168,"30인",1
10008176,1001718,"쿠페",1
10014879,1002948,"1.6 GTe E-TECH RE",1
10010917,1002407,"2.4 D5",1
10007401,1001621,"1.6 터보 럭셔리",1
10015750,1003054,"1.0톤/(CRDi)",1
10005240,1001144,BS105,1
10015445,1003038,"3.5 엘리트",1
10007550,1001654,"2.5톤",1
10015387,1003028,520i,1
10004083,1000959,"2.0 GDI SMART",1
10007087,1001542,"2.0 스마트",1
10015730,1003053,"1.0톤",1
10007921,1001696,"S 350 d",1
10005680,1000954,G230,1
10005962,1001020,"2.0 TDI",1
10004683,1001117,"1.6 럭셔리",1
10005252,1001372,FX116,1
10011996,1001675,"디젤 1.6 2WD",1
10005428,1001081,"크레인",1
10005231,1001089,"25인",1
10015278,1003010,"4.0 V8 GT",1
10008434,1001766,1.4,1
10015267,1003007,"1.6 HEV",1
10015124,1002987,"쿠페 2.0 TFSI 콰트로",1
10016964,1002920,40,1
10004644,1001145,"2.0 디럭스",1
10005309,1001183,"대우4.5톤",1
10015688,1003051,"1.0톤",1
10003512,1001373,Q240,1
10007556,1001656,"1.4 터보 LT 디럭스팩",1
10015674,1003050,"1.0톤/더블캡/초장축",1
10003955,1000921,"2.0 7인",1
10015545,1003047,"2.3 쿠페",1
10015112,1002982,"3.0 TFSI 콰트로",1
10015528,1003046,"HEV 7인승 노블레스 아웃도어",1
10004304,1000846,2.0,1
10003829,1001309,"G330 모던",1
10015243,1002999,"럭셔리",1
10015508,1003045,"가솔린 1.6 터보 2WD 모던",1
10003475,1001000,2.0,1
10015498,1003044,"HEV 1.6 2WD 모던",1
10005246,1001294,BH115,1
10015265,1003006,"1.6 가솔린",1
10016911,1002980,"4.0 TFSI 콰트로 아반트 퍼포먼스",1
10014747,1002937,"프리미엄",1
10014681,1002931,"1.6 쿠퍼",1
10014254,1002870,"eDrive 40",1
10013749,1002789,"6.7 SWB",1
10015831,1003120,"기본형",1
10003665,1001227,"1.5 VVT",1
10004717,1001374,"가솔린 POP",1
10008619,1001799,2.7,1
10015485,1003042,"가솔린 4인승 하이리무진 시그니처",1
10015463,1003041,"2.5 TFSI 콰트로",1
10010125,1002210,"2WD 노블레스",1
10015461,1003040,"쿠페",1
10014427,1002548,"1.2 Pure Tech 알뤼르",1
10015308,1003018,"2WD 가솔린 1.5",1
10007444,1001295,"가솔린 2WD 2.0 T-GDI ",1
10007564,1001657,"1.4 터보 LTZ",1
10015128,1002988,"2.5 TFSI 콰트로 쿠페",1
10014858,1002941,"스쿨버스",1
10014710,1002933,"4.0 쿠페",1
10013936,1002811,"스탠다드",1
10013687,1002777,"가솔린 1.6 터보 2WD 모던",1
10005223,1001088,"25인",1
10013587,1002766,CEVO-C,1
10011474,1001658,"가솔린 2.0 2WD 트렌디",1
10015448,1003039,"GLC300 4MATIC",1
10015444,1003037,"2.5 HEV AWD",1
10015442,1003036,"2.4 4WD 듀얼 부스트 하이브리드",1
10015439,1003035,"프레스티지",1
10003877,1000850,"2WD 2.0 GVS",1
10015422,1003033,"xDrive 30 xLine",1
10015418,1003032,"1.2 Pure Tech 알뤼르",1
10015405,1003031,"1.6 2WD 익스클루시브",1
10008627,1001800,"3.0 S",1
10010673,1002335,"3.0 V6",1
10014538,1002917,"1톤",1
10015397,1003030,"1.6T 2WD 프레스티지",1
10015255,1003004,"1.5 BlueHDi",1
10004457,1001249,"1.7 VGT 디럭스",1
10014976,1002950,"4.0 TFSI 콰트로",1
10011265,1001685,A200,1
10007990,1001704,"GLA200 CDI",1
10013693,1002778,"2WD 모던",1
10014515,1002908,"SE 클래식",1
10011815,1002555,"1.6 트렌디",1
10003861,1000819,"디젤 2WD 300X",1
10006916,1001028,"2.2 D",1
10015391,1003029,"1.6T 2WD 익스클루시브",1
10008364,1001758,"2.8 콰트로",1
10008446,1001769,"1.6 TDI 블루모션",1
10005487,1001092,"1.4 터보 LTZ",1
10015314,1003022,"가솔린 2.5T 2WD 익스클루시브",1
10005274,1001409,"일반",1
10003604,1001412,"N20 디럭스",1
10003647,1000857,1.5,1
10004618,1001146,"2.4 GDI 기본형",1
10014636,1002750,M,1
10013504,1002745,3.9,1
10015355,1003027,"가솔린 2.5T 2WD 프레스티지",1
10015344,1003026,"가솔린 2.5T AWD",1
10015340,1003025,E5,1
10017180,1003013,"스탠다드 2WD",1
10015045,1002965,"EQE 300",1
10014487,1002901,"3.0 V6",1
10013331,1002715,"2.0 트렌디",1
10016205,1003163,"1.0톤",1
10015951,1003139,"1.0톤/킹캡/초장축",1
10007132,1001558,"승용밴",1
10005225,1000907,"15~17인",1
10015313,1003021,"1.5 EX-L 2WD",1
10015289,1003012,"2.5 HEV 4WD",1
10010471,1002290,"1.6 HDi MCP",1
10013933,1002810,"디젤 2.2 2WD",1
10007241,1001580,"가솔린 2WD 1.6 TX",1
10013853,1002798,"2.5T 가솔린 2WD",1
10014144,1002755,"50 콰트로",1
10015276,1003009,"EQE350 4MATIC",1
10009636,1002070,"1.5 디젤",1
10006888,1001029,3.0D,1
10015274,1003008,"가솔린 1.35 터보 2WD",1
10008163,1001715,"1M 쿠페",1
10015260,1003005,"스탠다드",1
10008552,1001791,"1.4 TSI",1
10015253,1003003,"1.0 가솔린",1
10005156,1001297,"2.0  2WD RX5",1
10003705,1001418,"1.6 GDI 스타일",1
10015247,1003002,"프리미엄",1
10015239,1002998,"1.5 GDI-T 2WD",1
10015235,1002997,"가솔린 1.6 터보",1
10014199,1002862,"4.0 TFSI  콰트로 ",1
10014161,1002851,6.0,1
10011359,1001716,"118d 조이",1
10013618,1002770,"5톤이상",1
10010055,1002198,"2.0 디젤 론지튜드 AWD",1
10010189,1002222,1.6,1
10011904,1002564,"2.0 TDI",1
10005178,1001152,"2WD RD400",1
10015223,1002996,"sDrive 20i xLine",1
10015211,1002994,"4.4 컴페티션",1
10005337,1001250,"2톤",1
10005339,1001316,"1톤",1
10015193,1002993,"1.2 터보 LS",1
10012016,1001090,K1,1
10004211,1001093,"2인승 가솔린",1
10017432,1002985,"퍼포먼스",1
10005355,1001095,"3.5톤",1
10004844,1001096,"1.8 DOHC",1
10014046,1002826,H1,1
10014029,1002821,GLA220,1
10005474,1000910,"1.4터보 LT",1
10005172,1001002,"9인 RD400",1
10013483,1002741,"밴",1
10013392,1002725,"4.0 V8",1
10004777,1001035,"1.6 SE",1
10014644,1001038,"LPI STD",1
10005435,1000942,"2.5톤이하",1
10005654,1000949,"CLS 320",1
10004343,1001006,"2WD 2.5 WGT ",1
10015136,1002992,"B5 모멘텀",1
10015129,1002989,"2.5 TFSI 콰트로 쿠페",1
10004265,1001009,GH270,1
10015102,1002977,"2.7 콰트로 아반트",1
10015101,1002976,"2.5 TFSI 콰트로",1
10015098,1002975,"2.0 TFSI 콰트로",1
10015099,1002974,"2.0 TFSI 콰트로",1
10015084,1002973,"EQS 450 4MATIC",1
10004604,1000963,"VG240 디럭스",1
10004666,1000964,"3.3 GDI 프레스티지",1
10015069,1002971,"3.0 TFSI 콰트로",1
10015154,1002970," 2.2 콰트로",1
10014864,1002945,"소형 전기 카고",1
10010250,1002241,90,1
10009462,1000859,"1.4 터보 L STAR",1
10005512,1000922,"1.4 LS",1
10005393,1000924,"대우",1
10016897,1002678,ED,1
10003757,1000925,1.8,1
10015115,1002983,"3.0 TFSI 콰트로",1
10011919,1000946,"CLA 200d",1
10015108,1002981,"4.2 콰트로",1
10015106,1002979,"4.2 FSI 콰트로",1
10014422,1002553,"1.2 Pure Tech 알뤼르",1
10015105,1002978,"스포트백 2.9 TFSI 콰트로",1
10015064,1002968,"4.0 TFSI 콰트로",1
10003965,1000915,"2WD EX250",1
10015055,1002966,"218d 어드밴티지",1
10006582,1000916,"3.0 2WD",1
10008601,1001796,2.5,1
10005294,1000892,"마이티",1
10013813,1002683,"A200d 세단",1
10012874,1002663,"CT6 3.6 SPORT",1
10004436,1000894,"1.8 가솔린",1
10014870,1002946,"가솔린 2.5 2WD",1
10013490,1002600,"xDrive 20i xLine",1
10014863,1002944,"소형 전기 밴",1
10014862,1002943,"저상 전기버스",1
10014861,1002942,"저상 전기마을버스",1
10005417,1000865,"기아",1
10005111,1000866,"2WD CX5",1
10014845,1002940,"740i sDrive M 스포츠",1
10003729,1000871,"4DR 1.3",1
10004281,1000873,"2.0 EX",1
10005492,1000879,"LPGI LS",1
10010190,1002223,1.6,1
10017443,1002807,"프리미엄 RWD",1
10005427,1000833,"대림",1
10013678,1002776,"스마트",1
10014154,1002768,"가솔린 4인승 하이리무진 시그니처",1
10005408,1000801,"국제",1
10012886,1002667,3.5t,1
10012813,1002656,N,1
10005170,1000802,"7인(LIMOUSINE)",1
10004694,1000810,MS,1
10005505,1000811,"2.0 LS",1
10004763,1000793,"1.5 EX",1
10015029,1002962,6.2,1
10016578,1002961,"eDrive 50 M 스포츠 리미티드",1
10015018,1002960,"EV 탑",1
10004663,1000796,"터보",1
10014876,1002947,"프리미엄",1
10010281,1002245,"2.7 TDV6 HSE",1
10005437,1000774,"4.5톤이하",1
10003472,1000776,2.0,1
10005323,1000778,"2톤",1
10014155,1002849,4.0,1
10005235,1000786,"35인",1
10005368,1000787,"마이티2.5톤",1
10004864,1000862,LX,1
10005662,1001022,"CLS 250",1
10004826,1000917,"1.8 DOHC",1
10013527,1002749,"GLS 400d 4MATIC",1
10004362,1001226,"2WD 2.0 LX",1
10003684,1001345,HDeI,1
10007715,1001684,A140,1
10013837,1002685,"50 TDI 콰트로",1
10008159,1001714,"116i 해치백",1
10015003,1002957,"2밴 (2인승)",1
10014536,1002916,E3,1
10014528,1002914,"2밴",1
10014527,1002912,"1톤 카고",1
10014524,1002911,"3.0 TFSI 콰트로",1
10005383,1000923,"기아",1
10004699,1001172,"시티",1
10007621,1001665,"1.8 TFSI",1
10009916,1002165,STD,1
10012794,1002649,"2.5 2WD",1
10012723,1002636,"xDrive 30d 디자인 퓨어 엑셀런스 6인승",1
10012669,1002624,"1.6 플러그인 HEV 노블레스",1
10012689,1002629,"2.0 TDI 엘레강스 프리미엄",1
10003484,1001131,Q20,1
10015123,1002986,"2.0 TFSI 콰트로 쿠페",1
10006799,1001367,"트럭",1
10012754,1002643,"5.2 V10 플러스 쿠페",1
10013069,1002648,"디젤 1.7 dCi SE 2WD",1
10006573,1000887,2.0,1
10005695,1000956,GLK220,1
10003651,1001071,1.5,1
10008228,1001728,"sDrive 28i",1
10010043,1002197,"3.6 라레도",1
10011630,1002461,"LPI 디럭스",1
10011769,1002549,"디젤 1.5 SE",1
10014442,1002892,"M240i xDrive 쿠페",1
10013536,1002738,"HEV 1.6 2WD 프레스티지",1
10006567,1000884,1.6,1
10007977,1001702,"스마트",1
10010014,1002196,2.5,1
10017533,1002354,2.0,1
10014989,1002953,"M1 EV",1
10014504,1002903,"컴패티션",1
10017115,1002886,"스탠다드레인지 싱글모터",1
10012283,1001116,"2.0 GDI 유니크",1
10010304,1002248,"1.8 STANDARD",1
10013599,1002743,"40 TDI 콰트로",1
10003734,1001007,"4DR 1.3",1
10013662,1002774,"2WD 2.5 플래티넘",1
10013382,1002722,BC211,1
10016891,1002570,"sDrive 20i",1
10005314,1001257,"5.5~10톤",1
10012846,1002615,"2.0 스포츠 2도어",1
10014670,1002930,"1.5 쿠퍼",1
10005706,1001023,ML250,1
10010770,1002374,3.9,1
10013733,1002784,"알뤼르",1
10005441,1001177,"3.5톤",1
10014477,1002897,"스탠다드",1
10014443,1002854,"11인승 어린이 보호차량",1
10004940,1001327,PE,1
10011238,1001579,"2.5 V6",1
10013924,1002808,"디젤 2.2 2WD",1
10011442,1002505,"2WD 가솔린 TX",1
10016854,1002679,RWD,1
10013330,1002552,"스탠다드",1
10003588,1001292,1.8,1
10012674,1002626,N,1
10012410,1002616,"T4 4WD 모멘텀",1
10014523,1002910,"3.0 TFSI 콰트로",1
10014502,1002902,"EQS 350",1
10014062,1002830,"G400 d",1
10014058,1002829,"1.6 터보HEV 2WD",1
10010320,1002251,6.8,1
10017417,1002533,"P360 다이나믹 HSE",1
10014055,1002828,"1.6 가솔린 2WD",1
10009575,1002048,"프레스티지",1
10010841,1002395,D2,1
10012131,1002599,N,1
10005429,1001181,"5톤이하",1
10014418,1001700,"매트리스 2.0",1
10013090,1002605,"CLS 300d AMG Line",1
10004958,1001214,PE,1
10003594,1001363,N20,1
10008025,1001707,"318i 세단",1
10008094,1001709,520i,1
10005263,1001246,LD,1
10012237,1002603,"디젤 2.2 2WD",1
10008311,1001753,"1.8 TFSI",1
10008455,1001771,1.8,1
10009516,1002036,"2.4 GDI 프레스티지",1
10010882,1002401,"1.6 D2",1
10010887,1002402,"2.0 D4",1
10014484,1002898,"어드밴티지",1
10014416,1002889,"에어",1
10014210,1002868,"6.2 하이컨트리 4WD",1
10014067,1002833,"SMART EV Z",1
10014065,1002832,1.0,1
10014038,1002823,"420i 쿠페 M 스포츠",1
10013991,1002819,"3.3 GDI 2WD",1
10013986,1002818,"그린필드",1
10010179,1002217,1.4,1
10010215,1002233,SE,1
10013685,1002309,"2WD 가솔린 1.5 A1",1
10013741,1002786,"2.3 AWD 리미티드",1
10012809,1002654,"2.7 셀렉트 AWD",1
10013973,1002800,"2.0 프리미엄 럭셔리",1
10016734,1002963,"트렌디",1
10007346,1001606,"가류1",1
10015071,1002894,"3.0 TFSI 콰트로",1
10014444,1002893,"가솔린 2WD LS",1
10014002,1002627,"1.6 터보 모던",1
10015231,1002891,"1.5 BlueHDi GT",1
10008476,1001774,2.0,1
10014431,1002890,"1.5 BlueHDi 알뤼르",1
10014397,1002887,"가솔린 1.6 터보 2WD",1
10014118,1002844,"GT 콰트로",1
10003520,1001397,"HG240 LUXURY",1
10007421,1001623,"디젤 2WD SE",1
10013658,1002634,320i,1
10011913,1002565,"밴",1
10016851,1002928,"2500 2.0 가솔린",1
10015431,1002926,"EQB 300 4MATIC",1
10004707,1001300,MS,1
10014519,1002909,"3.0 D350 SWB",1
10007227,1001578,"1.6 TCE",1
10010572,1002312,LP700-4,1
10005284,1001462,"디젤",1
10007118,1001554,"GT 320D",1
10014201,1002864,"3.0 TDI 콰트로",1
10011015,1002422,"단축 STD",1
10014200,1002863,"4.0 TFSI  콰트로 ",1
10014724,1002423,"2.0 P250 SE",1
10011574,1002516,"2WD 2.0 KX",1
10005278,1001434,600,1
10013779,1002791,"가솔린 2.0T 2WD",1
10011037,1002424,"1.4 터보",1
10012082,1002596,"1.5 투어링 4WD",1
10007607,1001664,1.8,1
10014192,1002858,"트렌디",1
10014157,1002850,4.0,1
10014121,1002845,"스탠다드 2WD",1
10011046,1002425,"디젤 2WD SE",1
10015301,1002842,3.6,1
10015268,1002836,"1.0 가솔린",1
10013731,1002783,"알뤼르",1
10007600,1001663,2.7,1
10009418,1002020,"2.0 GDi 유니크",1
10012601,1002317,0.9,1
10013409,1002731,"3.0 TDI 프리미엄",1
10011061,1002427,"3.3 T-GDI",1
10011819,1002556,"가솔린 1.6 터보",1
10015007,1002959,"D300 HSE 다이나믹",1
10014341,1001627,DACHI,1
10010327,1002256,"4.0 GT",1
10014185,1002824,"218d 어드밴티지",1
10013285,1002703,"프리미엄",1
10014940,1002645,"1.5 BlueHDI GT",1
10007553,1001655,"노면청소차",1
10008185,1001720,"쿠페",1
10010771,1002375,3.9,1
10011134,1002447,"1.5 터보 LS",1
10014391,1002448,"D200 S",1
10008174,1001717,"220D 쿠페",1
10014401,1002888,"디젤 2.2 2WD",1
10013307,1002449,"E300e 익스클루시브",1
10013975,1002817,"노블레스 라이트",1
10013965,1002814,"1.6 가솔린 트랜디",1
10010321,1002252,6.8,1
10011847,1002560,"모던",1
10013631,1002772,"스마트",1
10008470,1001773,"1.8 TSI",1
10011171,1002455,"1.7 VGT 프레스트지",1
10011180,1002456,"35 TDI 콰트로 컴포트",1
10011728,1002546,"2.0 D240 S",1
10013377,1002721,"디젤 3.0 2WD",1
10014384,1002883,D240,1
10014382,1002882,e-AWD,1
10014377,1002881,"젠",1
10014267,1002787,"럭셔리 플러스",1
10013668,1002775,"가솔린 1.6 터보 2WD 스마트",1
10012064,1002589,"6.0 W12",1
10007996,1001705,GT,1
10013586,1002765,4.4,1
10013289,1002463,"GLS450 4MATIC",1
10013321,1002710,"4.0 V8",1
10011925,1002568,"1.5 터보",1
10007841,1001693,"E200 엘레강스",1
10011922,1002567,"젠",1
10011914,1002566,"디젤1.6 2WD LS",1
10010176,1002216,"기본형",1
10010298,1002247,"2.0 SI4 HSE",1
10011288,1002474,"SLC 200",1
10011295,1002475,"1.6 터보 스타일",1
10011866,1002562,"2WD 어반 9인승",1
10008428,1001764,1.4,1
10013565,1002756,"35 TDI",1
10008090,1001708,"M3 세단",1
10008328,1001754,"2.0 TDI",1
10011338,1002483,"2.5톤",1
10012643,1002618,"가솔린 1.3 E-터보 LS",1
10017215,1002593,"4.0 V8 SE PHEV",1
10011416,1002496,"프리미엄",1
10011431,1002499,I,1
10011671,1002071,2.7L,1
10015117,1002984,"4.0 TDI 콰트로",1
10011360,1002487,"3.6 프리미엄 AWD",1
10008281,1001739,"xDrive 30d",1
10010835,1002394,T5,1
10011887,1002426,2.2D,1
10013905,1002806,"2.5 2WD",1
10014970,1002802,"1.5 TSI",1
10015456,1002590,AWD,1
10011423,1002498,"가솔린 2.0 터보 2WD",1
10013269,1002702,"2.5 프리미엄",1
10012240,1002604,"2.5 하이브리드",1
10010480,1002293,"1.6 HDi",1
10013150,1002480,EV,1
10013076,1002429,"4도어 43 4MATIC+",1
10014365,1002880,"에어",1
10014049,1002827,"스탠다드",1
10014361,1002406,"2.0 D5 AWD",1
10011600,1002518,"디젤 2WD CX5",1
10012748,1002557,"3.3 GDI 2WD",1
10011605,1002519,CX5(2WD),1
10011609,1002520,"2WD LT ",1
10011366,1002489,2.0,1
10014655,1002462,"2.0 GT AWD",1
10014256,1002871,"xDrive 40",1
10012023,1002526,"가솔린 1.0 터보 트렌디",1
10012008,1002527,"30 TDI",1
10013424,1002734,"디젤 2.2 2WD 트렌디",1
10009448,1002023,"1.6 GDI 트랜디",1
10011662,1002528,2.2D,1
10013417,1002733,"1.3 TCe LE",1
10009777,1002122,5.3,1
10010476,1002292,"1.6 BlueHDi 알뤼르",1
10011195,1002458,"가솔린 1.4 LS",1
10017121,1002534,"2.7 AWD 리저브",1
10012671,1002625,I,1
10011709,1002535,"4.5톤이하",1
10011849,1002561,"가솔린 7인승 리무진 프레지던트",1
10017304,1002797,"S450 4MATIC",1
10014586,1002623,"1.6 HEV 트렌디",1
10015270,1002633,"1.2 PureTech ",1
10014497,1002767,"베이스",1
10010201,1002227,"기본형",1
10011269,1002470,"25인",1
10010898,1002404,D3,1
10011842,1002559,"1.4 터보 모던",1
10017042,1002632,"이토비",1
10012900,1002671,"1.6 스마트",1
10013335,1002714,"1.6 터보 트렌디",1
10014389,1002673,"P250 S",1
10013246,1002698,3.9,1
10013799,1002719,"118d 조이",1
10009421,1002021,"2.0 GDi 유니크",1
10013319,1002708,"4.0 PHEV AWD",1
10012775,1002647,3.0,1
10015165,1002812,"LPG 카고 모던",1
10012058,1002587,"프레스티지",1
10012020,1002579,1.6,1
10011992,1002576,"2.0 가솔린 2WD",1
10011410,1002495,"1.6 터보 2WD",1
10012860,1002580,"620d 럭셔리",1
10014491,1002631,"2.4 2WD 리미티드",1
10010145,1002213,SE,1
10012034,1002582,"xDrive 18d",1
10012955,1002585,"D180 S",1
10014165,1002853,"3.5T GDI 2WD",1
10013240,1002696,"GL400 4MATIC",1
10013720,1002780,"35 TDI",1
10010095,1002205,"3.0 쿠페",1
10010168,1002215,SE,1
10012070,1002592,"3.9 V8",1
10012079,1002594,"6.7 V12",1
10013446,1002737,"45 TDI 콰트로 프리미엄",1
10010106,1002206,2.1,1
10010188,1002221,1.6,1
10010222,1002236,"2.7 TDV6 SE",1
10012905,1002672,"2.0 T5 AWD",1
10012963,1002674,"4WD 플레티넘",1
10011364,1002488,2.0,1
10011979,1002485,"520i 럭셔리",1
10014202,1002865,"4.0 TFSI  콰트로 ",1
10012359,1002608,"디젤 2.2 2WD",1
10012396,1002610,"2.3 S",1
10013495,1002701,"40 TDI",1
10013623,1002771,"1.3 TCe SE",1
10010074,1002200,"3.0 CRD",1
10010161,1002214,"기본형",1
10010203,1002228,"기본형",1
10010325,1002254,6.8,1
10010335,1002257,GT,1
10014693,1002617,"2.9 4",1
10012893,1002669,"가솔린 1.6 터보 2WD",1
10013003,1002681,"T5 모멘텀",1
10013368,1002720,"2WD 1.2 터보 가솔린 LS",1
10009934,1002171,"3.5 SE",1
10011772,1002550,"2WD 디젤 2.2",1
10013046,1002621,"2WD 가솔린 1.5 C3",1
10013298,1002705,"840i xDrive M 스포츠 쿠페",1
10011337,1002482,"V6 3.5",1
10013303,1002706,"EQC 4MATIC",1
10013121,1002686,"카레라",1
10013535,1002718,"xDrive 40i M 스포츠",1
10013723,1002781,"1.4 TSI 프리미엄",1
10014258,1002872,"M 스포츠",1
10013563,1002684,"40 TDI 콰트로 프리미엄 스포트백",1
10013228,1002694,"3.6 익스트림 2WD",1
10014023,1002727,"P250 S",1
10013767,1002790,"디젤 2.2 2WD 럭셔리",1
10014982,1002873,C200,1
10010234,1002239,2.0,1
10012718,1002635,"xDrive 30d xLine",1
10014232,1002753,"디젤 2.2 2WD 익스클루시브",1
10012843,1002661,"2.3 13인승",1
10012733,1002638,"슈프림",1
10013643,1002736,"45 TDI 콰트로 프리미엄",1
10013458,1002739,"2.5 가솔린 터보 2WD",1
10016869,1002875,"2.3 아우터 뱅크스",1
10014984,1002952,"2.4 스탠다드",1
10013883,1002229,1.5,1
10017039,1002507,AWD,1
10014434,1002336,2.0,1
10012738,1002639,"sDrive 20i 스포츠",1
10014953,1002640,2.0,1
10017184,1002641,"sDrive 20i",1
10013137,1002687,"GLE 300d 4MATIC",1
10014004,1002688,"모던",1
10014355,1002675,"1.5 BlueHDi GT",1
10013466,1002740,"1.6 스마트",1
10012833,1002660,"2WD 가솔린 1.5",1
10011807,1002554,"디젤 2.0 2WD",1
10014137,1002569,"B5 AWD 모멘텀",1
10012824,1002659,"프레스티지",1
10012819,1002658,"가솔린 2.5 GDI",1
10014106,1002429,"4.0 C 로드스터",10
10017465,1003522,"가솔린 M9 2WD",10
10011947,1002485,"520d xDrive 럭셔리 플러스",10
10015470,1003042,"가솔린 9인승 시그니처",10
10008319,1001753,2.8,10
10013397,1002198,"2.4 리미티드 AWD",10
10009381,1001169,"1.4VVT 프리미어",10
10016754,1003396,"2.0 쿠퍼 SD ALL4",10
10011023,1002422,"장축 어린이",10
10005392,1000924,"현대",10
10007615,1001664,"2.4 카브리올레",10
10012372,1001035,"디젤 2.0 CDX BLUE & BLACK EDITION",10
10016890,1002570,"sDrive 1.8d",10
10013470,1002740,"1.6 LPI 스마트",10
10013558,1002753,"디젤 2.2 4WD 프레스티지",10
10008335,1001754,"3.0 TDI 콰트로",10
10013619,1002771,"2.0 LPe SE",10
10007848,1001693,"E250 CDI 4MATIC",10
10010278,1002244,"4.4 SDV8 AB 다이나믹",10
10007286,1001023,"ML250 블루텍 4매틱",10
10012848,1002045,"GLC 300 4MATIC 쿠페",10
10008632,1001800,"4.8 S",10
10012220,1002602,"320d ED에디션",10
10013839,1002456,"50 TDI 콰트로 프리미엄",10
10008100,1001709,530iS,10
10012958,1001006,"4WD CRDI 레저팩",10
10012746,1002533,"3.0 TD6 런치 에디션",10
10011877,1002562,"2WD 캠핑카",10
10012290,1001224,"가솔린 3.0 수출형",10
10011187,1002457,"3.0 GDI 모던 베이직(렌터카)",10
10012632,1002555,"5도어 GT 플러스",10
10004638,1000962,"2.0 GDI 터보 노블레스",10
10008109,1001710,"520d xDrive 럭셔리",10
10012790,1002648,"가솔린 2.0 GDe RE 2WD",10
10016690,1003384,"리무진 장축 11인승",10
10011632,1002461,"터보 럭셔리",10
10007950,1001697,"B200 CDI 블루이피션시",10
10013728,1001653,"P300 R-다이나믹 HSE AWD",10
10009429,1001173,"에코 다이나믹스 트렌디",10
10008029,1001707,"320i 세단 럭셔리",10
10015757,1003054,"1.0톤/일반캡/장축/(CRDi)",10
10014342,1002719,"M135i xDrive 퍼스트 에디션",10
10011929,1002569,"D4 AWD 모멘텀",10
10011749,1002548,"2.0 BlueHDi GT",10
10004097,1001116,"1.7 VGT SMART",10
10004681,1000961,"1.6 VGT 프레스티지",10
10016617,1002930,"2.0 쿠퍼 S T1",10
10012650,1002618,"디젤 1.6 LT",10
10013948,1002687,"GLE 53 AMG 4MATIC 플러스",10
10010545,1002309,"2WD 디젤 1.6 IX",10
10010150,1002213,"오리지널",10
10003894,1001059,"4WD(2.2VGT) MLX",10
10015739,1003053,"1.25톤/장축",10
10005312,1001183,"라이노5톤",10
10014652,1002336,"3.0S Q4 모데나",10
10011163,1001656,"디젤 1.6 LTZ",10
10003672,1001227,"5DR 1.6 VVT 스포츠",10
10004361,1001164,"디젤 4WD 2.2 TLX",10
10014412,1002615,"2.0 루비콘 4도어 런치 에디션",10
10012488,1001771,"4.0 W8 4모션",10
10007205,1001570,"35 TDI 콰트로 다이나믹 스포츠백",10
10016285,1003181,"1.4톤/킹캡/초장축/(CRDi)",10
10014689,1002931,"2.0 쿠퍼 SD",10
10011127,1001647,"2.0 CVVT 스마트",10
10010124,1001370,"이동목욕차",10
10011392,1001567,"35 TDI 콰트로 다이나믹",10
10004303,1000816,"가솔린 4WD KV460",10
10007428,1001623,"가솔린 2WD LE",10
10014066,1001736,"xDrive 50i",10
10016049,1003220,"1톤/4WD/(LPG)",10
10014009,1001700,"V300 d",10
10011585,1002516,"2WD 2.2 RX",10
10014760,1002295,"2.0 HDI 알뤼르 럭셔리",10
10013438,1002621,"2WD 디젤 1.6 C3 플러스",10
10016853,1002928,"구급차",10
10004625,1001146,"LPI 3.0 프레스티지",10
10017350,1003044,"HEV 1.6 4WD H-픽",10
10012288,1002020,"1.7 VGT 프리미엄",10
10017110,1002616,"B4 AWD 블랙 에디션",10
10004330,1001295,"디젤 4WD 트렌디",10
10016935,1002756,"40 TFSI 스포트백 콰트로 프리미엄",10
10014224,1001429,"CVVL 블루세이버",10
10017227,1003022,"가솔린 2.5T 4WD H-픽",10
10007748,1001687,"SL63 AMG 블랙시리즈",10
10012497,1001772,"2.0 TDI 스페셜에디션",10
10010049,1002197,"4.7 리미티드",10
10011865,1001704,"GLA45 AMG 4MATIC 50TH 에디션",10
10013011,1001708,"M3 세단 컴패티션",10
10017163,1003030,"1.6T 4WD 시그니처 X-라인",10
10008561,1001791,"2.0 GTD 익스트림 에디션",10
10012036,1002582,"xDrive 20d M 스포츠",10
10012390,1001363,"F24 프리미어",10
10013275,1002702,"3.3 익스클루시브",10
10017298,1003027,"가솔린 2.5T 4WD 시그니처 X-라인",10
10014628,1002641,"xDrive 20i M 메시 에디션 ",10
10015514,1003045,"가솔린 1.6 터보 4WD 프리미엄",10
10004370,1001226,"2WD 2.2 리미티드",10
10004463,1001249,"2.0 LPI 프레스티지",10
10004563,1000930,"1.6 LPI",10
10015658,1003052,"1.25톤",10
10004427,1001406,"디젤 9인승 프레스티지",10
10003917,1001163,"가솔린 2.4",10
10003928,1001245,"디젤 2WD 2.2 모던",10
10010400,1002268,"2WD 3.7 그랜드 투어링",10
10007798,1001691,"C220 d 아방가르드",10
10011852,1002561,"디젤 7인승 리무진 VIP",10
10017340,1003046,"HEV 9인승 시그니처 X-라인",10
10004089,1000959,"1.7 VGT 유니크",10
10008615,1001798,"3.0 S 하이브리드",10
10015861,1003124,"1.4톤",10
10013376,1002720,"4WD 1.3 터보 가솔린 RS",10
10007896,1001695,"S350L 4MATIC",10
10011209,1001797,"4.8 S",10
10012435,1001020,"25 TDI 다이나믹 스포트백",10
10005697,1000956,"GLK 350",10
10012025,1002580,"640I XDRIVE 럭셔리",10
10004154,1001307,"5DR 1.6GDI 프레스티지",10
10014230,1001412,"N20 LPG (택시형)",10
10015673,1003050,"4WD/1.0톤/더블캡/장축",10
10017440,1003491,"스포트백 40 TFSI 콰트로 어드밴스드",10
10004970,1001228,"장애우용",10
10014405,1000966,"ML300 CDI",10
10010847,1002395,"T6 AWD",10
10004769,1000793,"1.6 DIAMOND",10
10007718,1001684,"A160 CDI",10
10004451,1001140,"디젤 VGT GLX",10
10009373,1001418,"1.6 VGT 모던",10
10015494,1002823,"420i 그란쿠페M 스포츠 퍼포먼스팩",10
10013344,1002714,"LPI 2.0 노블레스",10
10015974,1003142,"장축",10
10013800,1002600,"xDrive M40i",10
10009518,1002036,"3.3 GDI 노블레스",10
10008009,1001706,"320I 세단",10
10004662,1000796,"에코플러스 프레스티지",10
10008536,1001789,"2.0 GT 스포트 TDI AWD",10
10014654,1002462,"3.0 S AWD 모데나",10
10017238,1000787,"메가트럭 4.5톤",10
10012322,1001024,"가솔린 2WD LE",10
10010334,1002256,"6.0 플라잉스퍼",10
10016708,1002312,"LP780-4 울티메",10
10016323,1003166,"1.2톤/킹캡/초장축/(CRDi)",10
10005169,1000802,"11인 RD500",10
10004834,1000917,"디젤 2.0",10
10016960,1002647,"4.0 GTS 쿠페",10
10016644,1000879,"LPGI 렌터카형 디럭스팩",10
10008372,1001758,"3.2 FSI 콰트로",10
10013886,1002686,"카레라 4 카브리올레",10
10004423,1001382,"그랜드 하이리무진",10
10003640,1001463,"2.0 프리미엄",10
10011200,1002458,"디젤 1.6 LTZ",10
10011733,1002246,"2.0 TD4 컨버터블 SE 다이나믹",10
10015895,1003129,"장축",10
10012121,1000898,"이동검진차",10
10015202,1000902,"2.0 2WD 어드벤처 패키지",10
10014349,1002634,"320i 투어링 M 스포츠",10
10010469,1002289,"2.0 BlueHDi 펠린",10
10014426,1002553,"2.0 BlueHDi GT팩",10
10008170,1001716,"120d 스포츠 팩 1",10
10013529,1002635,"xDrive 40i xLine",10
10005305,1001080,"와이드복사 4톤",10
10011790,1001658,"디젤 2.0 2WD 노블레스 플러스",10
10004985,1001293,"2.0 LE ART",10
10014381,1002552,"1인승 밴",10
10014461,1002774,"AWD 2.5 마스터즈 아크로 에디션",10
10003838,1001309,"G380 파이니스트 에디션 AWD",10
10013676,1002775,"가솔린 1.6 터보 4WD N Line 모던",10
10012892,1001659,"2.0 디젤 리미티드 하이 AWD",10
10003698,1001380,"M16 GDI 프리미엄",10
10003988,1000841,"9인(LPG)",10
10007876,1001694,S430L,10
10015169,1002812,"2WD 디젤 투어러 모던",10
10009467,1000859,"해치백 1.4 터보 LS 스탠다드",10
10011727,1002546,"3.0 P380 R-다이나믹 SE",10
10012304,1000850,"2.0 가솔린 2WD GVS",10
10009785,1002122,"리무진",10
10011648,1001719,"420d 그란쿠페 비전 100",10
10013153,1002047,"740d xDrive 디자인 퓨어 엑설런스",10
10011962,1002475,"2.0 스마트 스페셜",10
10005012,1000974,"가솔린 2WD SE",10
10016933,1003136,"1.2톤/킹캡/초장축/표준형/(싱글컴프)",10
10003868,1000819,"가솔린 2WD 380VX",10
10003524,1001397,"HG330 CELEBRITY",10
10016836,1002903,"M4 CSL",10
10015704,1003051,"1.0톤/표준캡/초장축/(CRDi)",10
10007390,1001620,"1.7 디젤 럭셔리",10
10012923,1002673,"D180 런치 에디션",10
10007234,1001578,"2.0 LPLI LE",10
10012681,1002627,"2.0 스마트",10
10013018,1001705,"GT 30d xDrive 익스클루시브",10
10013422,1002733,"1.6 GTe LE Plus",10
10013130,1002617,"3.0 4 스포츠 투리스모",10
10011640,1002527,"55 TDI 콰트로 스포트",10
10016819,1002778,"4WD 어드벤처",10
10013139,1000921,"6인승 가솔린 2.7 골드",10
10012974,1002335,"GTS 3.8 V8 그란스포츠",10
10010259,1002242,"5.0 SC VOGUE SE LWB",10
10012126,1002505,"2WD 디젤 기어Ⅱ",10
10011750,1000946,"CLA 220 AMG LINE",10
10012633,1002449,"E300 익스클루시브 스탠다드",10
10008410,1001760,"40 TFSI 콰트로",10
10013355,1002718,"xDrive 30d M 스포츠",10
10011976,1001696,"S 400L d",10
10016521,1003357,"1.0톤/프리미엄",10
10011034,1002423,"3.5T R-SPORT AWD",10
10014788,1001717,"M240iX 쿠페",10
10013927,1002797,"S350 d",10
10013034,1002636,"xDrive 40i M 스포츠",10
10007196,1001569,"35 TDI 콰트로 오프로드",10
10007630,1001665,"2.0 TFSI S-LINE 콰트로",10
10011610,1002520,"4WD LT",10
10011690,1001580,"디젤 2WD 1.6 엣지 에디션",10
10014733,1002883,"110 D300 HSE",10
10010271,1002243,"V8 5.0 VOGUE",10
10009506,1001327,"1.5 dCi LE",10
10009645,1002071,5.4L,10
10010200,1002226,JCW,10
10012315,1001297,"2.2 4WD RX7",10
10007759,1001689,"C230 AMG",10
10014975,1002507,P85,10
10004651,1001145,"2.0 LPI 럭셔리",10
10017379,1002214,"브릭레인 에디션",10
10012623,1002225,"그린 파크",10
10013367,1000923,"인터내셔널",10
10016768,1000888,"BH380 수출형",10
10014610,1002734,"디젤 2.2 4WD 그래비티",10
10013828,1002768,"가솔린 9인승 하이리무진 시그니처",10
10011664,1002425,"가솔린 2WD SE",10
10005510,1000811,"LPGi 2.0 LTZ",10
10016302,1003186,"슈퍼캡/초장축/(CRDi)",10
10015141,1002992,"B6 AWD 얼티메이트 브라이트",10
10007777,1001690,"C220 CDI 쿠페",10
10005482,1001092,"디젤 2.0 LTZ+",10
10008588,1001792,GT1,10
10014266,1002824,"220i 그란쿠페 M스포츠",10
10007981,1001702,"바이퓨얼 스마트",10
10012311,1002021,"1.7 VGT 프리미엄",10
10003971,1000915,"4WD JX290 GOLD",10
10014561,1002777,"가솔린 1.6 터보 4WD 어드벤처",10
10004670,1000964,"3.8 GDI 프레지던트",10
10015449,1003039,"GLC220 d 4MATIC",10
10012477,1001764,"2.0 코스탈",10
10013736,1002313,"LP610-2 에보 RWD 스파이더",10
10008966,1001910,"1.8 SL",10
10005686,1000954,G350,10
10010103,1002205,"5.0 S 컨버터블",10
10004390,1001306,"디젤 4WD 2.2 프레스티지",10
10010034,1002196,"2.8 모파 에디션",10
10011895,1001720,"컨버터블 페인트워크 에디션",10
10016806,1003029,"1.6T 4WD 프레스티지 플러스",10
10007136,1001558,"ECO LS",10
10004853,1001096,"디젤 L6 2.0 CDX",10
10011081,1001022,"CLS 350 블루이피션시",10
10014616,1001554,"GT 320D xDrive M 스포츠 패키지 ",10
10003633,1001447,"LPI 스타일",10
10008247,1001732,"xDrive 30d M 스포츠",10
10007395,1001621,"2.0 프레스티지",10
10015002,1002448," P 250 SE",10
10011999,1001621,"2.0 스페셜 에디션",11
10007570,1001658,"디젤 2.0 2WD 노블레스 스페셜",11
10015862,1003124,"1.4톤/킹캡/초장축/(CRDi)",11
10012026,1002580,"640I XDRIVE M 스포츠",11
10011586,1002516,"2WD 2.2 DX",11
10012712,1002634,320d,11
10011691,1001580,"디젤 2WD 1.6 삼바 에디션",11
10011236,1000859,"해치백 1.4 터보 LS 스포츠",11
10012295,1001169,"위트 1.4VVT 스마트",11
10011896,1001720,"컨버터블 컴패티션",11
10004428,1001406,"디젤 9인승 노블레스",11
10007391,1001620,"1.7 디젤 프레스티지",11
10013452,1002527,"40 TFSI",11
10011853,1002561,"디젤 7인승 리무진 프레지던트",11
10003869,1000819,"가솔린 2WD 380VXL",11
10008589,1001792,GT2,11
10016050,1003220,"1톤/더블캡/4WD",11
10007760,1001689,C230K,11
10013345,1002714,"LPI 2.0 시그니처",11
10015975,1003142,"초장축",11
10016755,1003396,"2.0 쿠퍼 SD ALL4 클래식",11
10013358,1002718,"xDrive 30d M 스포츠 퍼스트 에디션",11
10014924,1001687,"SL63 AMG 4Matic +",11
10007248,1001463,"2.0 터보 스마트",11
10007197,1001569,"45 TDI 콰트로",11
10005665,1001022,"CLS 350 CDI",11
10017221,1003029,"1.6T 4WD H-픽",11
10004424,1001382,"리무진 디젤",11
10011867,1002562,"4WD 어반 9인승",11
10008464,1001772,"2.0 TFSI",11
10011497,1002458,"디젤 1.6 프리미어",11
10013530,1002635,"xDrive 40i M 스포츠",11
10015677,1003050,"4WD/1.0톤/킹캡/장축",11
10008967,1001910,"1.8 S 크롬에디션",11
10011145,1002448,"35t R-Sport",11
10013971,1002816,"2.5톤",11
10014151,1002076,"디젤 2.0",11
10007255,1001397,"아제라(수출형)",11
10010165,1002214,"베이스워터",11
10014293,1002226,"JCW 라이트",11
10014657,1002335,"GTS 3.8 네리시모 에디션",11
10008320,1001753,"2.8 콰트로",11
10011151,1002449,"E300 익스클루시브",11
10004155,1001307,"1.4 디젤 해치백",11
10013524,1002615,"2.0 루비콘 4도어 레콘 에디션",11
10003634,1001447,"LPI 스마트",11
10014708,1002395,"T6 이그제큐티브 AWD",11
10008030,1001707,"320i 세단 스포츠",11
10004771,1000793,"1.6 5DR",11
10011803,1002336,"3.0S Q4 그란루쏘",11
10012453,1002617,"4.0 터보",11
10005382,1000923,"현대",11
10013301,1002582,"xDrive 20i 어드밴티지",11
10013620,1002771,"2.0 LPe SE Plus",11
10004197,1001173,"밴",11
10015705,1003051,"1.0톤/표준캡/초장축/(TCi)",11
10009646,1002071,5.7L,11
10003964,1000921,"2.7 9인 LPG",11
10004854,1001096,"디젤 L6 2.0 익스클루시브",11
10010151,1002213,"메이페어",11
10003895,1001059,"4WD(2.2VGT) SLX",11
10008171,1001716,"120d 스포츠 팩 2",11
10011698,1001020,"35 TDI",11
10010279,1002244,"3.0 SDV6 HSE 다이나믹 하이브리드",11
10008373,1001758,"3.7 콰트로",11
10008411,1001760,"40 TFSI 콰트로 프리미엄",11
10003670,1001227,"2.0 VVT 골드",11
10007287,1001023,"ML350 블루텍 4매틱",11
10011301,1002475,"2.0 모던",11
10008633,1001800,"4.8 4S",11
10005376,1000787,"현대4.5톤",11
10015597,1002313,"LP640-2 STO",11
10004098,1001116,"1.7 VGT MODERN",11
10007235,1001578,"2.0 LPLI RE",11
10012639,1001659,"2.0 디젤 론지튜드 블랙 에디션 AWD",11
10003498,1001224,"가솔린 3.5 수출형",11
10015379,1003027,"디젤 2.2 2WD 프레스티지",11
10016303,1003186,"슈퍼캡/초장축/(TCi)",11
10011450,1002505,"2WD 디젤 기어 에디션",11
10011930,1002569,"D4 AWD 인스크립션",11
10012960,1001006,"4WD CRDI 영팩",11
10014462,1002774,"AWD 3.3 GT",11
10014301,1002733,"1.6 GTe RE 베이직",11
10007993,1001705,535i,11
10011473,1002457,"3.3 GDI 셀러브리티",11
10014617,1001554,"GT 320d xDrive M 스포트",11
10011227,1002462,"3.0 S AWD 프리미엄",11
10008248,1001732,"xDrive 35d",11
10012246,1001798,"3.0 S E-하이브리드",11
10014620,1002047,"740e sDrive M 스포츠",11
10007849,1001693,"E250 블루텍 4MATIC 아방가르드",11
10013947,1002687,"GLE 53 AMG 4MATIC 플러스 쿠페",11
10016691,1003384,"마을버스 장축 21인승(전중문)",11
10012924,1002673,"D180 퍼스트 에디션",11
10011210,1001797,"4.8 GTS",11
10017618,1002903,"M4 CS xDrive",11
10011128,1001647,"2.0 CVVT 프리미엄",11
10007616,1001664,"2.5 TDI",11
10014322,1001695,"S350L 블루텍 4MATIC",11
10013061,1001293,"2.0 LE 파노라마",11
10012575,1002256,"6.0 플라잉스퍼 스피드",11
10009459,1000898,"캠핑카",11
10017466,1003522,"가솔린 M9 4WD",11
10012267,1001146,"LPI 3.0 디럭스",11
10003886,1000850,"2.7 가솔린 4WD GOLD",11
10010050,1002197,5.2,11
10015471,1003042,"가솔린 9인승 그래비티",11
10015758,1003054,"1.0톤/일반캡/장축/(터보)",11
10011612,1002520,"4WD GT",11
10014173,1000966,"ML300 CDI 4MATIC 그랜드 에디션",11
10011395,1001764,2.5,11
10009374,1001418,"1.6 VGT 프리미엄",11
10007429,1001623,"가솔린 2WD RE",11
10007562,1001656,"디젤 2.0 LT 디럭스팩",11
10012171,1002600,"xDrive M40d",11
10012391,1001363,"F24S 럭셔리",11
10004464,1001249,"2.0 LPI 노블레스",11
10013125,1002686,"카레라 4S",11
10013276,1002702,"3.3 캘리그래피",11
10011665,1002425,"가솔린 2WD LE",11
10012792,1002648,"가솔린 2.0 GDe RE 시그니처 2WD",11
10004090,1000959,"1.7 VGT PYL",11
10013634,1000816,"보레고(수출형)",11
10013029,1002641,"xDrive 25i 어드밴티지",11
10005027,1001024,"가솔린 2WD SE25",11
10014386,1002883,"110 D300 X-다이나믹 HSE",11
10016324,1003166,"1.4톤",11
10013477,1002555,"5도어 GT 프레스티지",11
10016704,1001370,"이동업무차",11
10005164,1000802,"11인 PLATINUM",11
10014122,1002768,"가솔린 9인승 하이리무진(특장업체)",11
10011633,1002461,"터보 프레스티지",11
10015740,1003053,"1.25톤/초장축",11
10016820,1002778,"4WD N-Line 프리미엄",11
10010036,1002196,"2.8 블랙 에디션",11
10014761,1002295,"2.0 HDI PRESTIGIOUS",11
10013439,1002621,"2WD 디젤 1.6 C5",11
10012942,1002225,"도미니크 에디션",11
10012503,1001710,"520d xDrive 럭셔리 플러스",11
10008101,1001709,530d,11
10014033,1002779,"GLB 200d",11
10017532,1003181,4WD,11
10012269,1000796,"에코 다이나믹스 프레스티지",11
10010546,1002309,"2WD 디젤 1.6 RX",11
10013471,1002740,"1.6 LPI 모던",11
10004378,1001226,"2WD 2.2 트랜디",11
10015052,1002753,"디젤 2.2 4WD 프레스티지 초이스",11
10014010,1001700,"V300 d 4MATIC",11
10014035,1002824,"220i 그란쿠페 어드밴티지",11
10010260,1002242,"5.0 SC AB",11
10015424,1002647,"3.0 S E-하이브리드",11
10008558,1001791,"2.0 GTI",11
10004652,1001145,"2.0 LPI 프레스티지",11
10005496,1000879,"LPGI 택시형 LS",11
10011734,1002246,"2.0 TD4 컨버터블 HSE 다이나믹",11
10010952,1001306,"디젤 4WD 2.2 노블레스",11
10003972,1000915,"4WD VX350",11
10014690,1002931,"2.0 쿠퍼 SD ALL4",11
10012222,1002602,"320d 모던",11
10013103,1001570,"35 TDI 콰트로 리미티드 에디션 스포트백",11
10010272,1002243,"V8 5.0 SUPERCHARGED",11
10005687,1000954,"G350 CDI",11
10012316,1001297,"2.2 4WD 노블레스",11
10014324,1001694,"S430L 4MATIC",11
10003692,1001380,"M16 LPI",11
10013260,1002422,"캠핑카",11
10011977,1001696,"S 400L d 4MATIC",11
10015505,1003044,"HEV 1.6 4WD 인스퍼레이션",11
10008537,1001789,"2.5 레빗",11
10015897,1003129,"초장축",11
10012682,1002627,"2.0 프리미엄",11
10007951,1001697,"B200 CDI 블루이피션시 스포츠팩",11
10015170,1002812,"2WD 디젤 투어러 스마트",11
10011762,1001309,"3.8 수출형",11
10017229,1003022,"가솔린 2.5T 4WD H-픽 블랙 익스테리어",11
10011377,1002289,"2.0 BlueHDi GT Line",11
10017068,1002552,"휠체어 리프트/슬로프",11
10010104,1002205,"5.0 R 컨버터블 AWD",11
10014027,1002456,"55 TFSI 콰트로",11
10009519,1002036,"3.3 GDI 노블레스 스페셜",11
10013677,1002775,"가솔린 1.6 터보 4WD N Line 인스퍼레이션",11
10011352,1002485,"520d xDrive M 스포츠",11
10004634,1000962,2.4,11
10014345,1001717,"M235i 쿠페",11
10015659,1003052,"1.25톤/슈퍼캡/초장축",11
10007720,1001684,"A170 CDI",11
10014114,1001708,"M3 세단 컴패티션 퍼스트 에디션",11
10005485,1001092,"디젤 2.0 LTZ+ 더 퍼펙트 블랙",11
10012357,1001558,"ECO LS 베이직",11
10008336,1001754,"3.0 FSI 콰트로",11
10016709,1002312,"LP780-4 로드스터 울티메",11
10014562,1002777,"가솔린 1.6 터보 4WD N line 프리미엄",11
10013314,1002533,"3.0 SD6 SE",11
10017335,1003030,"하이리무진 (특장업체)",11
10004452,1001140,"디젤 VGT GLX LIMITED",11
10016882,1002797,"S350 d 4MATIC",11
10013032,1002636,"xDrive 40i 디자인 퓨어 엑셀런스 6인승",11
10011936,1002570,"xDrive 20d",11
10014849,1002823,"420i 컨버터블  온라인 익스클루시브",11
10010058,1002198,"2.4 론지튜드 AWD",11
10003929,1001245,"디젤 2WD 2.2 프리미엄",11
10003989,1000841,"11인(LPG)",11
10003815,1000888,BH460,11
10007443,1001295,"디젤 4WD 에이스",11
10017354,1003045,"가솔린 1.6 터보 4WD H-픽",11
10016618,1002930,"2.0 쿠퍼 S 레솔루트 에디션",11
10003918,1001163,"LPI 2.7",11
10014897,1000956,"GLK 350 4Matic",11
10013789,1002734,"가솔린 2.5T 2WD 트렌디",11
10011027,1002423,"2.0D 프레스티지",11
10013987,1001080,"더쎈 4톤",11
10012849,1002045,"GLC 300 4MATIC AMG LINE 쿠페",11
10016523,1003357,"1.2톤",11
10016955,1002992,"B6 AWD 울트라",11
10004837,1000917,"디젤 2.0 익스클루시브",11
10015203,1000902,"2.0 2WD 퍼펙트 블랙",11
10017073,1002546,"3.0 P400 다이나믹 SE",11
10004357,1001164,"디젤 4WD 2.2 LIMITED",11
10010401,1002268,"4WD 3.7 스포츠",11
10008010,1001706,"320I 세단 CP",11
10007799,1001691,"C220 d 익스클루시브",11
10005310,1001183,"메가트럭5톤",11
10007631,1001665,"2.0 TFSI 카브리올레",11
10014972,1002507,85D,11
10012120,1001736,"xDrive 40e I 퍼포먼스",11
10015536,1003046,"HEV 하이리무진 9인승 노블레스",11
10007781,1001690,"C230 아방가르드",11
10004682,1000961,"1.6 VGT 노블레스",11
10007184,1001567,"45 TDI 콰트로",11
10005653,1000946,"CLA 45 AMG 4MATIC",11
10008178,1001719,"420d 쿠페 럭셔리",11
10012831,1002618,"하이브리드 1.8 LT",11
10005013,1000974,"가솔린 2WD LE",11
10017439,1003491,"스포트백 40 TFSI 콰트로 S-라인",11
10007982,1001702,"바이퓨얼 럭셔리",11
10005311,1001183,"현대5톤",12
10010035,1002196,"2.8 폴라 에디션",12
10013951,1002687,"GLE 63 S AMG 4MATIC 플러스 쿠페",12
10004833,1000917,"LPG 2.0",12
10012791,1002648,"가솔린 2.0 GDe 프리미에르 2WD",12
10011804,1002336,"3.0S Q4 그란스포츠",12
10013640,1001554,"GT 320D xDrive M 스포트 프리미엄",12
10011211,1001797,"4.8 터보",12
10005504,1000902,"2.2 2WD LS",12
10009396,1001169,"위트 1.4VVT 모던",12
10015598,1002313,"LP640-2 테크니카",12
10011764,1001309,"3.8 수출형 AWD",12
10011355,1001578,"2.0 LPLI 기본형",12
10015380,1003027,"디젤 2.2 2WD 노블레스",12
10004099,1001116,"1.7 VGT PREMIUM",12
10014608,1001569,"45 TDI 콰트로 프레스티지",12
10015763,1003054,"1.0톤/초장축/(CRDi)",12
10010677,1002335,"S Q4 3.0 V6",12
10007563,1001656,"디젤 2.0 LTZ",12
10005015,1000974,"가솔린 2WD RE",12
10015741,1003053,"더블캡",12
10010470,1002289,"2.0 BlueHDi GT",12
10017223,1003029,"1.6T 4WD H-픽 블랙 익스테리어",12
10015515,1003045,"가솔린 1.6 터보 4WD 인스퍼레이션",12
10009454,1001293,"2.0 LE S/S 컬렉션",12
10014421,1001700,"2.0 CDI",12
10007396,1001621,"2.0 노블레스",12
10003930,1001245,"디젤 2WD 2.2 익스클루시브",12
10004091,1000959,"1.7 VGT D 스펙",12
10017441,1003491,"스포트백 45 TFSI 콰트로 S-라인",12
10017352,1003044,"HEV 1.6 4WD 블랙 익스테리어",12
10004007,1001370,"엠블런스",12
10015660,1003052,"1.25톤/장축",12
10014776,1001708,"M3 세단 컴패티션 M xDrive",12
10008337,1001754,"3.0 TFSI 콰트로",12
10004453,1001140,"디젤 VGT PREMUM",12
10012184,1001696,"S 350L",12
10011860,1001406,"디젤 9인승 노블레스 스페셜",12
10015701,1003051,"1.0톤/표준캡/장축/(CRDi)",12
10014181,1002824,"M235i  그란쿠페 퍼포먼스 에디션",12
10015537,1003046,"HEV 하이리무진 9인승 시그니처",12
10015863,1003124,"1.4톤/표준캡/초장축/(CRDi)",12
10004201,1001173,"바이퓨얼 스마트",12
10003901,1001059,"4WD(2.2VGT) 스타일팩",12
10012105,1002561,"디젤 7인승 하이리무진 VIP",12
10015679,1003050,"4WD/1.0톤/킹캡/초장축",12
10015197,1001736,"sDrive 35i",12
10007778,1001690,"C220 CDI 블루이피션시",12
10012195,1002047,"740e i퍼포먼스 M 스포츠",12
10015425,1002647,"3.0 S E-하이브리드 쿠페",12
10013364,1002714,"LPI 2.0 (렌터카) 스탠다드",12
10009468,1000859,"해치백 1.4 터보 LT 최고급형",12
10005028,1001024,"가솔린 2WD LE25",12
10013645,1001717,"M235i 그란 쿠페 xDrive",12
10013928,1002797,"S400 d 4MATIC",12
10007392,1001620,"1.7 디젤 노블레스",12
10016671,1003129,"상승내장탑",12
10015273,1002774,"AWD 3.3 GT 트리뷰트 에디션",12
10009380,1001418,"1.6 VGT 텐밀리언 리미티드",12
10017074,1002546,"3.0 P400 다이나믹 HSE",12
10011334,1002036,"3.3 GDI 리미티드 플러스",12
10013787,1002615,"2.0 루비콘 4도어 사지 에디션",12
10004335,1001295,"디젤 4WD 프레스티지",12
10011752,1002198,"2.4 론지튜드 하이 AWD",12
10014727,1002673,"2.0 TD4 HSE 5DR",12
10011647,1001719,"420d 쿠페 M 스포츠",12
10014097,1002733,"1.6 GTe RE",12
10016821,1002778,"4WD N-Line 인스퍼레이션",12
10011393,1001567,"45 TDI 콰트로 다이나믹",12
10012713,1002634,"320d 럭셔리",12
10013033,1002636,"xDrive 40i 디자인 퓨어 엑셀런스 7인승",12
10013315,1002533,"3.0 SD6 HSE",12
10011587,1002516,"2WD 2.2 익스트림",12
10014567,1002740,"1.6 LPI 인스퍼레이션",12
10013829,1002718,"xDrive 40d M 스포츠",12
10003673,1001227,"5DR 2.0 VVT 레이싱",12
10008538,1001789,R32,12
10010051,1002197,"5.7 헤미",12
10011490,1002507,75D,12
10014054,1002552,"캠핑카",12
10017113,1002992,"B6 AWD 울트라 브라이트",12
10011240,1001146,"3.3 GDI 수출형",12
10014921,1001687,"SL65 AMG",12
10011353,1002485,"520d xDrive M 스포츠 플러스",12
10014294,1002226,"JCW T51 에디션",12
10003699,1001380,"M16 LPI 스타일",12
10013959,1002635,"xDrive 40i M 스포츠 온라인 익스클루시브",12
10010152,1002213,"베이커스트릿",12
10013478,1002555,"5도어 GT 시그니처",12
10004657,1000796,"바이퓨얼 디럭스",12
10011176,1001022,"CLS 350 d 4MATIC",12
10012247,1001798,"3.0 S E-하이브리드 플래티넘 에디션",12
10009655,1002076,2.3,12
10008412,1001760,"40 TFSI 콰트로 스포츠",12
10012569,1002205,"5.0 SVR 컨버터블 AWD",12
10013559,1002753,"디젤 2.2 4WD 캘리그래피",12
10004855,1001096,"LPG L6 2.0 SE",12
10011228,1002462,"3.0 S AWD 럭셔리",12
10012959,1001006,"4WD CRDI 최고급형",12
10016692,1003384,"마을버스 장축 23인승(중후문)",12
10013223,1000962,"2.4 수출형",12
10011462,1002449,"E300 AMG LINE",12
10011189,1002457,"2.2 VGT 모던",12
10007850,1001693,"E300 엘레강스",12
10014028,1002456,"55 TFSI 콰트로 프리미엄",12
10007761,1001689,C230V,12
10008374,1001758,"4.0 TFSI 콰트로 LWB",12
10013349,1002045,"GLC 300 4MATIC 프리미엄",12
10008634,1001800,"4.8 터보",12
10016674,1000787,"더쎈4톤",12
10004379,1001226,"2WD 2.2 프레스티지",12
10012915,1002244,"P400e HSE 다이나믹",12
10009647,1002071,6.2L,12
10007606,1001145,"2.0 LPI 노블래스",12
10013621,1002771,"2.0 LPe LE",12
10008463,1001772,"2.0 TSI",12
10017232,1003042,"가솔린 9인승 시그니처 X-라인",12
10017188,1001705,"535i xDrive",12
10011373,1002214,"세븐 에디션",12
10014025,1002816,"3.5톤",12
10014012,1002448,"5.0 SVR",12
10010132,1001558,"ECO LT",12
10005218,1000898,"기타",12
10007632,1001665,"2.4 FSI 카브리올레",12
10007249,1001463,"2.0 터보 익스클루시브",12
10014802,1001706,"320i 컨버터블",12
10003816,1000888,BH500,12
10011666,1002425,"가솔린 2WD RE",12
10014563,1002777,"가솔린 1.6 터보 4WD N line 인스퍼레이션",12
10014587,1001020,"35 TDI 스포트백",12
10011692,1001580,"디젤 4WD 1.6 TX",12
10016788,1002225,"언톨드 에디션",12
10008172,1001716,"120d M 스포츠",12
10016524,1003357,"1.2톤/킹캡/초장축/(CRDi)",12
10007897,1001695,"S400L 하이브리드",12
10011028,1002423,"2.0D 프레스티지 AWD",12
10011869,1002562,"4WD 웨건 11인승",12
10011791,1001658,"디젤 2.0 2WD 스타일 에디션",12
10012856,1002641,"xDrive 25i M 스포츠",12
10003533,1001397,"HG220 MODERN",12
10012128,1002505,"2WD 디젤 기어 플러스",12
10010261,1002242,"5.0 SC AB LWB",12
10003635,1001447,"LPI 모던",12
10012454,1002617,"4.0 터보 이그제큐티브",12
10012429,1001023,"ML350 4MATIC 익스클루시브",12
10003870,1000819,"가솔린 4WD 380X",12
10013915,1002775,"가솔린 2.0 2WD 스마트",12
10003990,1000841,"12인(LPG)",12
10008559,1001791,"2.0 GTI 익스트림 에디션",12
10011921,1000946,"CLA 45 AMG 4MATIC 50주년 에디션",12
10010292,1002246,"2.2 SD4 퓨어",12
10010950,1001659,"2.0 75TH 스페셜에디션",12
10011974,1001697,B220,12
10012683,1002627,"2.0 프리미엄 패밀리",12
10005165,1000802,"11인 EZ SPECIAL",12
10016325,1003166,"1.4톤/킹캡/초장축/(CRDi)",12
10010333,1002256,"4.0 플라잉스퍼",12
10011404,1001306,"가솔린 2WD 2.0T-GDI 프레스티지",12
10011931,1002569,"D5 AWD 모멘텀",12
10013126,1002686,"카레라 4S 카브리올레",12
10011498,1002458,"디젤 1.6 퍼펙트 블랙",12
10013972,1002582,"xDrive 20i xLine",12
10004775,1000793,"디젤 2.0 LUX",12
10012114,1002309,"4WD 가솔린 1.6 AX",12
10014709,1002395,"T6 인스크립션 AWD",12
10014813,1002823,"420d 그란쿠페",12
10014631,1002570,"xDrive 20d xLine",12
10004425,1001382,"리무진 가솔린",12
10010402,1002268,"4WD 3.7 투어링",12
10007877,1001694,S500,12
10007617,1001664,2.6,12
10003887,1000850,"수출형",12
10016804,1003022,"가솔린 2.5T 4WD 프레스티지 플러스",12
10011614,1002520,"4WD RT",12
10013709,1002779,"GLB 220",12
10007206,1001570,"40 TFSI 콰트로 쿠페",12
10008249,1001732,"xDrive 35d 하이",12
10017467,1003522,"가솔린 M9 그랜드 스타일 2WD",12
10013607,1002768,"가솔린 11인승 프레스티지",12
10007284,1000954,"G350 블루텍",12
10011302,1002475,"2.0 프리미엄 스페셜",12
10008036,1001707,"320d 세단",12
10013790,1002734,"가솔린 2.5T 2WD 프레스티지",12
10017274,1003186,"슈퍼캡/4WD",12
10013453,1002527,"40 TFSI 프리미엄",12
10013055,1002621,"2WD 디젤 1.6 C5 플러스",12
10012223,1002602,"320d 스포츠",12
10014387,1002883,"110 P300",12
10008321,1001753,3.0,12
10009478,1000879,"LPGI 택시형 디럭스팩",12
10015171,1002812,"2WD 디젤 라운지 프레스티지",12
10012392,1001363,"F24S 프리미어",12
10007525,1001647,"1.6 e-VGT 스타일",12
10008102,1001709,535i,12
10012320,1001623,"가솔린 2WD R4U 에디션",12
10016051,1003220,"1톤/더블캡/장축",12
10007721,1001684,"A180 CDI",12
10013277,1002702,"LPI 3.0 프리미엄",12
10016620,1002930,"2.0 쿠퍼 S 씨사이드 에디션",12
10008590,1001792,GT3,12
10013637,1001710,"520d xDrive 럭셔리 플러스 프로",12
10011813,1001691,"C220 d 쿠페",12
10013278,1002702,"LPI 3.0 프리미엄 초이스",13
10007397,1001621,"2.0 노블레스 스페셜",13
10003674,1001227,"1.5 VGT",13
10017239,1001183,"마이티 5.1톤",13
10010105,1002205,"5.0 프로젝트7",13
10003636,1001447,"LPI 프리미엄",13
10011635,1002527,"45 TFSI",13
10012946,1002214,"체크메이드",13
10017036,1002582,"xDrive 20i xLine 스페셜에디션",13
10013710,1002779,"GLB 250 4MATIC",13
10013473,1002740,"1.6 LPI 스타일(렌터카)",13
10017468,1003522,"가솔린 M9 그랜드 스타일 4WD",13
10015459,1002797,"S450 d 4MATIC",13
10012684,1002627,"2.0 프리미엄 밀레니얼",13
10003597,1001363,"V33 프리미어",13
10015506,1003044,"HEV 1.6 4WD N Line 프리미엄",13
10012455,1002617,"4.0 터보 스포츠 투리스모",13
10004658,1000796,"바이퓨얼 럭셔리",13
10011871,1002562,"4WD 웨건 12인승",13
10011937,1002570,"xDrive 20d M 스포츠",13
10016052,1003220,"1톤/더블캡/장축/4WD",13
10015661,1003052,"1.25톤/초장축",13
10016526,1003357,"1.2톤/표준캡/초장축/(CRDi)",13
10008614,1001798,"3.0 디젤",13
10011693,1001580,"디젤 4WD 1.6 VX",13
10014183,1002824,"M235i xDrive",13
10017278,1003166,"냉동윙바디",13
10004336,1001295,"디젤 4WD 노블레스",13
10013224,1001146,"3.3 수출형",13
10008338,1001754,"3.2 FSI",13
10008398,1001760,"45 TDI 콰트로",13
10012977,1002335,"S Q4 3.0 V6 그란루쏘",13
10007803,1001691,"C220 블루텍 아방가르드",13
10007995,1001705,530d,13
10004429,1001406,"디젤 9인승 하이리무진",13
10014120,1002225,"언타이드 슈트에디션",13
10004653,1001145,"2.0 LPI 장애인전용",13
10013094,1002449,"E400 쿠페",13
10015319,1003022,"가솔린 2.5T 4WD 캘리그래피",13
10007122,1001554,"GT 328I",13
10014646,1002198,"2.4 80주년 기념 에디션",13
10014437,1002336,"3.0S Q4 네리시모 에디션",13
10012890,1001659,"2.4 리미티드",13
10008322,1001753,"3.0 TDI",13
10007898,1001695,"S450L 4MATIC",13
10013350,1002045,"GLC 300 4MATIC 프리미엄 쿠페",13
10012332,1002516,"2WD 2.2 삼바 에디션",13
10015381,1003027,"디젤 2.2 2WD 시그니처",13
10011932,1002569,"D5 AWD 인스크립션",13
10008103,1001709,540i,13
10011212,1001797,"4.8 터보 S",13
10015142,1002992,"D4 모멘텀",13
10014343,1001716,M140i,13
10015707,1003051,"1.2톤",13
10011394,1001567,"45 TDI 콰트로 오프로드 에디션",13
10011405,1001306,"가솔린 2WD 2.0T-GDI 노블레스",13
10007137,1001558,"ECO LTZ",13
10015538,1003046,"HEV 하이리무진 7인승 시그니처",13
10014372,1002686,"카레라 4 GTS",13
10003707,1001418,"1.6 LPI 스타일",13
10011776,1001173,"바이퓨얼 스마트 트렌디",13
10008635,1001800,"4.8 터보 이그제큐티브",13
10007971,1001700,3.2,13
10010403,1002268,"4WD 3.7 그랜드 투어링",13
10003898,1001059,2WD(2.7LPI),13
10011499,1002458,"디젤 1.6 블레이드",13
10008037,1001707,"320d 세단 ED에디션",13
10004776,1000793,"디젤 2.0 플래티넘",13
10007283,1001022,"CLS 400",13
10012336,1002309,"4WD 가솔린 1.6 IX",13
10012776,1002647,"3.0 E-하이브리드",13
10011457,1002047,"740Ld xDrive",13
10011029,1002423,"2.0D 포트폴리오",13
10010848,1002395,2.0T,13
10011761,1001578,"2.0 LPLI 최고급형",13
10007633,1001665,"2.7 TDI",13
10013821,1002777,"디젤 2.0 2WD 모던",13
10007618,1001664,"2.8 콰트로",13
10014815,1002823,"420d xDrive 그란쿠페",13
10012106,1002561,"디젤 7인승 하이리무진 프레지던트",13
10014661,1001708,"M3 세단 컴패티션 M xDrive 상파울로에디",13
10015682,1003050,"4WD/1.0톤/표준캡/장축",13
10013667,1002774,"AWD 3.3 GT 마스터즈 터보 패키지",13
10015048,1002771,"2.0 LPe 필",13
10007725,1001684,"A200 CDI",13
10013294,1002636,"xDrive 50i M 스포츠",13
10012265,1001620,"1.7 디젤 노블레스 스페셜",13
10009522,1000888,GP380,13
10015487,1003042,"가솔린 9인승 하이리무진 시그니처",13
10011229,1002462,"3.0 S AWD 스포츠",13
10012323,1002425,"가솔린 2WD RE 시그니처",13
10004856,1001096,"LPG L6 2.0 SX",13
10014234,1002753,"가솔린 2.5T 2WD 익스클루시브",13
10015742,1003053,"더블캡/장축",13
10005029,1001024,"가솔린 2WD RE25",13
10009548,1001710,"520d xDrive M 에어로다이나믹",13
10012224,1002602,"320d 럭셔리",13
10007779,1001690,"C220 CDI 아방가르드",13
10016593,1000962,"2.0 수출형",13
10010153,1002213,"브릭레인 에디션",13
10014728,1002673,"2.0 SI4 HSE 다이나믹 쿠페",13
10011447,1002505,"4WD 가솔린 LX",13
10013684,1002648,"가솔린 2.0 GDe 볼드에디션",13
10008011,1001706,"323I 세단",13
10015761,1003054,"1.0톤/장축/(CRDi)",13
10012491,1001772,"2.0 TSI 프리미엄",13
10017328,1002635,"xDrive 40i M 스포츠 퍼스트 에디션",13
10010262,1002242,"5.0 SC AB 블랙 LWB",13
10014731,1002883,"110 P300 X-Dynamic SE",13
10011190,1002457,"2.2 VGT 프리미엄",13
10016693,1003384,"마을버스 초장축 23인승(전중문)",13
10015161,1002812,"2WD 디젤 라운지 인스퍼레이션",13
10008250,1001732,"xDrive 35d M 스포츠",13
10007526,1001647,"1.6 e-VGT 스마트",13
10016603,1002615,"2.0 루비콘 4도어 얼 클리어 코트",13
10013916,1002775,"가솔린 2.0 2WD 모던",13
10012431,1000954,"G350 D 스포츠패키지",13
10003534,1001397,"HG220 PREMIUM",13
10012686,1001169,"위트 1.4VVT 모던 스페셜",13
10007207,1001570,"40 TFSI 콰트로 카브리올레",13
10013316,1002533,"3.0 SD6 HSE 럭셔리",13
10005014,1000974,"가솔린 2WD 페어웨이",13
10017442,1003491,"스포트백 45 TFSI 콰트로 S-라인 블랙",13
10016304,1003186,"장축",13
10014629,1002641,"xDrive M35i",13
10005467,1000859,"해치백 1.4 RS 터보",13
10014908,1001023,"ML550 4Matic",13
10013791,1002734,"가솔린 2.5T 2WD 노블레스",13
10011746,1002507,70D,13
10014673,1002930,"2.0 쿠퍼 S MC15",13
10003871,1000819,"가솔린 4WD 380VX",13
10010037,1002196,"2.8 X 에디션",13
10005375,1000787,"복사4톤",13
10013056,1002621,"2WD 디젤 1.6 C7",13
10005503,1000902,"2.2 2WD LT",13
10013814,1002485,"523d 럭셔리",13
10012116,1002520,"4WD KX",13
10014133,1002546,"3.0 P400 R-다이나믹 SE",13
10008179,1001719,"420d xDRIVE 쿠페 스포츠",13
10010790,1001382,"어린이보호차",13
10011480,1002036,"3.3 GDI 리미티드 에디션",13
10004838,1000917,"LPG L6 2.0",13
10017387,1002718,"xDrive 40d M 스포츠 프로",13
10010294,1002246,"2.2 SD4 프레스티지",13
10013608,1002768,"가솔린 11인승 노블레스",13
10003992,1000841,"7인(휘발유)",13
10007571,1001658,"디젤 2.0 4WD 트렌디",13
10017356,1003045,"가솔린 1.6 터보 4WD 블랙 익스테리어",13
10011763,1001309,"5.0 수출형",13
10009471,1000879,"1.6 디젤 LS",13
10003641,1001463,"2.4 스타일",13
10015396,1003029,"1.6T 4WD 캘리그래피",13
10007929,1001696,"S 400L",13
10007851,1001693,"E300 아방가르드",13
10017045,1003129,"1톤/롱바디",13
10008591,1001792,"GT3 RS",13
10007762,1001689,C240,13
10007149,1001020,"35 TDI 다이나믹",13
10012714,1002634,"320d M 스포츠",13
10003700,1001380,"M16 LPI 스마트",13
10008375,1001758,"4.2 TDI 콰트로",13
10004380,1001226,"2WD 2.2 노블레스",13
10009656,1002076,"가솔린 3.0",13
10003931,1001245,"디젤 4WD 2.2 스마트",13
10007878,1001694,"S500 4MATIC",13
10010052,1002197,"6.2 헤미 SRT-8",13
10004977,1001293,"2.0 RE",13
10011963,1002475,"2.0 익스트림 셀렉션",13
10013646,1001717,"M235i 그란 쿠페 xDrive M 퍼포먼스 에디션",13
10008562,1001791,"2.0 R",13
10013365,1002714,"LPI 2.0 (렌터카) 트렌디",13
10007972,1001700,3.5,14
10005020,1000974,"가솔린 2WD 보스",14
10013398,1002198,"3.2 트레일호크 AWD",14
10005379,1000787,"라이노5톤",14
10010053,1002197,"6.4 헤미 SRT-8",14
10012636,1002205,"P300 쿠페",14
10013815,1002485,"523d M 스포츠",14
10012202,1001024,"가솔린 2WD 살로몬 에디션",14
10013974,1002779,"AMG GLB 35 4MATIC",14
10015143,1002992,"D4 인스크립션",14
10016305,1003186,"초장축",14
10013622,1002771,"2.0 LPe RE",14
10008376,1001758,"4.2 TDI 콰트로 LWB",14
10013474,1002740,"1.6 LPI 스마트(렌터카)",14
10014851,1002570,"xDrive 20d M 스포츠 프로",14
10015460,1002797,"S450 d 4MATIC AMG Line",14
10009523,1000888,GP500,14
10014973,1002507,60D,14
10013822,1002777,"디젤 2.0 2WD 프리미엄",14
10013868,1002225,"새빌 로 에디션",14
10008012,1001706,"323CI 컨버터블",14
10016527,1003357,"1.4톤",14
10005688,1000954,G400,14
10007994,1001705,550i,14
10013647,1001717,"218d 그란 쿠페 어드밴티지",14
10013999,1002627,"2.0 프리미엄 플러스",14
10011578,1002516,"4WD 2.0 KX",14
10014826,1001146,"3.5 수출형",14
10011030,1002423,"2.0D 포트폴리오 AWD",14
10012225,1002602,"320d M 스포츠",14
10007763,1001689,"C240 4MATIC",14
10012726,1002636,"M50d 6인승",14
10008592,1001792,"50TH 에디션",14
10008399,1001760,"45 TDI 콰트로 다이나믹",14
10012123,1002505,"4WD 가솔린 기어Ⅱ",14
10007572,1001658,"디젤 2.0 4WD 프레스티지",14
10011620,1002520,"4WD TX",14
10004839,1000917,"LPG L6 2.0 DELUXE",14
10007527,1001647,"1.6 e-VGT 스마트 스페셜",14
10004659,1000796,"바이퓨얼 프레스티지",14
10014696,1002617,"4.0 터보 S",14
10014184,1002824,"M235i xDrive M퍼포먼스 에디션25th",14
10008323,1001753,"3.0 콰트로",14
10007899,1001695,S500,14
10010156,1002213,"블랙 수트 에디션",14
10014526,1002533,"3.0 SD6 랜드마크 에디션",14
10003872,1000819,"가솔린 4WD 380VXL",14
10011854,1002561,"디젤 9인승 럭셔리",14
10013084,1001690,"C220 CDI 아방가르드 에디션 C",14
10008636,1001800,"4.8 터보 S",14
10014314,1002546,"3.0 P400 R-다이나믹 HSE",14
10013012,1001708,"M3 세단 CS",14
10003993,1000841,"9인(휘발유)",14
10013917,1002775,"가솔린 2.0 2WD 인스퍼레이션",14
10009375,1001418,"1.6 LPI 스마트",14
10014490,1002634,"320d M스포츠 퍼포먼스팩 ",14
10013279,1002702,"LPI 3.0 익스클루시브",14
10016053,1003220,"1톤/더블캡/초장축",14
10010293,1002246,"2.2 SD4 다이나믹",14
10014597,1002714,"LPI 2.0 (장애인용)",14
10013154,1002047,"740Ld xDrive 디자인 퓨어 엑설런스",14
10008038,1001707,"320d 세단 내비 패키지",14
10016786,1002718,"xDrive 40d M 스포츠 온라인 익스클루시브",14
10014734,1002883,"110 P400 X",14
10015426,1002647,"3.0 E-하이브리드 플래티넘 에디션",14
10011880,1002562,"4WD 리무진",14
10005464,1000859,"해치백 1.6 L",14
10012118,1002458,"디젤 1.6 레드라인",14
10007619,1001664,"2.8 카브리올레",14
10017225,1003022,"가솔린 2.5T 4WD 캘리그래피 블랙 잉크",14
10011751,1001732,"xDrive 20i",14
10012913,1002242,"5.0 SC SV AB 다이나믹",14
10009657,1002076,"가솔린 4.0",14
10013531,1002569,"T5 AWD 모멘텀",14
10011056,1002309,"4WD 가솔린 1.6 RX",14
10012891,1001659,"2.4 리미티드 AWD",14
10014373,1002686,"카레라 4 GTS 카브리올레",14
10004772,1000793,"디젤 웨건",14
10010849,1002395,2.4,14
10014249,1001145,"2.0 LPI 택시형",14
10015685,1003050,"1.2톤/킹캡/초장축",14
10014817,1002823," 420d xDrive 그란쿠페 스포츠",14
10013869,1002635,M50i,14
10011303,1002475,"2.0 터보 스마트",14
10005714,1001023,"ML55 AMG",14
10013609,1002768,"가솔린 11인승 시그니처",14
10013683,1001710,"520d xDrive M 에어로다이나믹 프로",14
10003598,1001363,"N20 VGT",14
10012978,1002335,"S Q4 3.0 V6 그란스포츠",14
10015709,1003051,"1.2톤/킹캡/초장축/(CRDi)",14
10011406,1001306,"가솔린 4WD 2.0T-GDI 프레스티지",14
10003897,1001059,"2WD(2.4가솔린)",14
10007879,1001694,S500L,14
10009397,1001169,"위트 1.4VVT 프리미엄",14
10012000,1001173,"바이퓨얼 트렌디",14
10011649,1001719,"420d xDRIVE 쿠페 M 스포츠",14
10008339,1001754,"3.2 FSI 콰트로",14
10015516,1003045,"가솔린 1.6 터보 4WD N Line 프리미엄",14
10013718,1002045,"GLC 300 e 4MATIC",14
10011899,1001578,"2.0 LPLI 고급형",14
10007930,1001696,"S 400L 4MATIC",14
10015662,1003052,"더블캡",14
10015507,1003044,"HEV 1.6 4WD N Line 인스퍼레이션",14
10017469,1003522,"가솔린 M9 그랜드 스타일 롱 데크 4WD",14
10015558,1001554,"GT 330i xdrive",14
10011765,1001309,"5.0 수출형 AWD",14
10013222,1001227,"2.0 엘란트라(수출형)",14
10013302,1002582,"xDrive 20i M 스포츠",14
10016892,1001406,"디젤 9인승 하이리무진(특장업체)",14
10012259,1001691,"C220 블루텍 AV 파노라마 썬루프",14
10014328,1001382,"캠핑카",14
10011121,1001621,"2.0 시그니처",14
10011694,1001580,"디젤 4WD 1.6 LX",14
10014671,1002930,"2.0 쿠퍼 S 사이드워크 ",14
10003932,1001245,"디젤 4WD 2.2 모던",14
10004986,1001293,"2.0 RE ART",14
10014630,1002641,"xDrive M35i 퍼스트 에디션",14
10013225,1002036,"3.3 GDI 수출형",14
10015743,1003053,"더블캡/초장축",14
10015173,1002812,"2WD 디젤 라운지 리무진",14
10009472,1000879,"1.6 디젤 LT",14
10005500,1000902,"2.2 4WD LT",14
10008612,1001797,"4.2 S 디젤",14
10014463,1002774,"AWD 3.3 GT 아크로 에디션",14
10012784,1002648,"2.0 LPe SE 2WD",14
10016694,1003384,"어린이버스 장축 29인승",14
10013215,1001447,"LPI 프리미엄 스페셜",14
10014818,1000962,"1.7 수출형",14
10004331,1001295,"수출형",14
10011192,1002457,"3.0 LPI 모던",14
10015762,1003054,"1.0톤/장축/(터보)",14
10003701,1001380,"M16 LPI 모던",14
10013777,1002621,"2WD 디젤 1.6 R-플러스",14
10011636,1002527,"45 TFSI 프리미엄",14
10012702,1002462,"3.0 S AWD 그란루쏘",14
10015539,1003046,"HEV 하이리무진 4인승 시그니처",14
10011117,1001620,"1.7 디젤 시그니처",14
10013508,1002336,"3.0S Q4 리벨레 에디션",14
10003642,1001463,"2.4 익스클루시브",14
10013801,1002753,"가솔린 2.5T 2WD 프리미엄",14
10015472,1003042,"디젤 7인승 아웃도어",14
10015382,1003027,"디젤 2.2 2WD 시그니처 그래비티",14
10013792,1002734,"가솔린 2.5T 2WD 시그니처",14
10011482,1001798,"3.0 디젤 플래티넘 에디션",14
10012492,1001772,"2.0 TSI 스포츠",14
10007634,1001665,"3.0 FSI 콰트로",14
10010022,1002196,"3.6 루비콘 2DR",14
10012437,1001020,"35 TDI 다이나믹 스포트백",14
10017219,1003029,"1.6T 4WD 캘리그래피 블랙 잉크",14
10012634,1002449,"E400 카브리올레",14
10003525,1001397,"LPG HG300 프라임",14
10004857,1001096,"LPG L6 2.0 CDX",14
10015327,1001716,"116i 5도어",14
10007852,1001693,"E300 아방가르드 스포츠 패키지",14
10013528,1001022,"CLS 400 AMG Line",14
10016867,1001709,550i,14
10016604,1002615,"2.0 루비콘 4도어 리미티드 에디션 레인",14
10010163,1002214,"캠든",14
10004365,1001226,"4WD 2.0 LX",14
10011579,1002516,"4WD 2.0 RX",15
10007635,1001665,"3.0 TDI 콰트로",15
10013823,1002777,"디젤 2.0 2WD 인스퍼레이션",15
10007404,1001621,"2.0 터보 노블레스 스페셜",15
10008039,1001707,"320d 세단 모던",15
10017299,1003027,"디젤 2.2 2WD 시그니처 X-라인",15
10013356,1002718,M50d,15
10003994,1000841,"리무진",15
10015473,1003042,"디젤 7인승 노블레스",15
10013610,1002768,"디젤 7인승 노블레스",15
10016054,1003220,"1톤/일반캡/4WD",15
10014390,1002546,"5.0 SV AB 다이나믹",15
10011385,1001719,"420d xDRIVE 그란쿠페",15
10012656,1002621,"2WD 디젤 1.6 샤이니",15
10013793,1002734,"가솔린 2.5T 2WD 그래비티",15
10013802,1002753,"가솔린 2.5T 2WD 프리미엄 초이스",15
10013857,1002214,"킹스로드 에디션",15
10013213,1000819,"가솔린 3.8 수출형",15
10014042,1002823,"420d 쿠페 M 스포츠",15
10008570,1001792,"카레라 4",15
10012747,1002242,"5.0 SC SV AB LWB",15
10009376,1001418,"1.6 LPI 모던",15
10003933,1001245,"디젤 4WD 2.2 프리미엄",15
10007853,1001693,"E300 블루텍 하이브리드",15
10008467,1001772,"2.5(7세대)",15
10015144,1002992,"D5 AWD 모멘텀",15
10008637,1001800,"4.8 터보 S 이그제큐티브",15
10012340,1001227,"1.5 VVT GLS",15
10012302,1001059,"4WD(2.4가솔린) 수출형",15
10007386,1001620,"2.0 LPI 럭셔리",15
10007804,1001691,"C220 블루텍 익스클루시브",15
10011695,1001580,"디젤 4WD 1.6 엣지 에디션",15
10004858,1001096,"LPG L6 2.0 익스클루시브",15
10003696,1001380,"1.6GDI 블루세이버",15
10012785,1002648,"2.0 LPe LE 2WD",15
10009440,1000796,EV,15
10005378,1000787,"현대5톤",15
10012189,1001696,"S 400 4MATIC 쿠페",15
10011407,1001306,"가솔린 4WD 2.0T-GDI 노블레스",15
10007764,1001689,C280,15
10011166,1001753,"3.0 TDI 콰트로",15
10004633,1000962,"LPI 2.0",15
10013092,1002449,"E450 카브리올레",15
10012730,1002636,"M50d 퍼스트 에디션 7인승",15
10009475,1000879,"1.6 디젤 LTZ",15
10007573,1001658,"디젤 2.0 4WD 노블레스",15
10005018,1000974,"가솔린 2WD 어드벤쳐",15
10011446,1002505,"4WD 가솔린 기어 에디션",15
10010023,1002196,"3.6 루비콘 4DR",15
10015768,1003054,"1.0톤/더블캡",15
10013717,1002045,"GLC 300 e 4MATIC 쿠페",15
10016695,1003384,"어린이버스 초장축 33인승",15
10015175,1002812,"4WD 디젤 투어러 스마트",15
10012638,1001659,"2.4 론지튜드 하이",15
10008377,1001758,"4.2 FSI 콰트로",15
10007528,1001647,"1.6 e-VGT 프리미엄",15
10015663,1003052,"더블캡/장축",15
10009517,1002036,"디젤 R 2.2 프레스티지",15
10010850,1002395,"2.5T AWD",15
10012703,1002462,"3.0 S AWD 그란스포츠",15
10015686,1003050,"1.2톤/표준캡/초장축",15
10013962,1002485,"523d xDrive 럭셔리",15
10008340,1001754,"4.2 FSI 콰트로",15
10011855,1002561,"디젤 9인승 프레스티지",15
10008400,1001760,"50 TDI 콰트로",15
10017505,1002883,"110 P635 옥타",15
10014064,1002533,"3.0 D250 S",15
10011938,1002570,"xDrive 30d",15
10008013,1001706,"323CI 쿠페",15
10013532,1002569,"T5 AWD 인스크립션",15
10012685,1002627,"2.0 인스퍼레이션",15
10010547,1002309,"4WD 디젤 1.6 AX",15
10004840,1000917,"LPG L6 2.0 SUPREME",15
10015710,1003051,"1.2톤/표준캡/초장축/(CRDi)",15
10005666,1001022,"CLS 500",15
10007244,1001463,"1.7 E-VGT 스타일",15
10013131,1002617,"4.0 GTS",15
10013590,1001020,"35 TDI 다이나믹 스포츠에디션",15
10003526,1001397,"LPG HG300 이그젝큐티브",15
10010054,1002197,"70TH 에디션",15
10012533,1001705,"550i xDrive",15
10011304,1002475,"2.0 터보 익스클루시브",15
10004202,1001173,"바이퓨얼 디럭스",15
10013515,1002423,"2.0D 체커드 플래그 에디션",15
10011194,1002457,"3.0 LPI 익스클루시브",15
10015517,1003045,"가솔린 1.6 터보 4WD N Line 인스퍼레이션",15
10017414,1002336,"3.0S Q4 트리뷰트",15
10014353,1001382,"휠체어리프트/슬로프",15
10012637,1002205,"P300 컨버터블",15
10007880,1001694,"S500L 4MATIC",15
10004366,1001226,"4WD 2.0 TLX",15
10012393,1001363,"N20 VGT 디럭스",15
10003632,1001447,"LPI 장애인용",15
10011458,1002047,"740Ld xDrive M 스포츠",15
10013282,1002702,"LPI 3.0 모던(렌터카)",15
10017470,1003522,"가솔린 M9 롱 데크 4WD",15
10013007,1002602,"320d M 스포츠 쉐도우",15
10007973,1001700,3.7,15
10012364,1000902,"2.2 4WD LT 스마트",15
10007620,1001664,"3.0 콰트로",15
10011879,1002562,"4WD 캠핑카",15
10013399,1002198,"3.2 오버랜드 AWD",15
10013023,1002582,"xDrive 25i 어드밴티지",15
10015205,1002615,"2.0 루비콘 4도어 하이 벨로시티 에디션",15
10013902,1002520,"4WD TX 플러스",15
10013648,1001717,"218d 그란 쿠페 M 스포츠",15
10013062,1001293,"2.0 RE 파노라마",15
10005689,1000954,G500,15
10015491,1002635,M60i,15
10007780,1001690,"C220 CDI 4MATIC",15
10011483,1001798,"4.2 S 디젤",15
10003741,1001169,"위트 1.4VVT 프리미어",15
10016798,1003046,"HEV 하이리무진(특장업체)",15
10013128,1002647,"3.0 E-하이브리드 쿠페",15
10014568,1002740,"1.6 LPI 모던(렌터카)",15
10007900,1001695,S500L,15
10014096,1002225,"이즐링턴 에디션",15
10007090,1001406,"디젤 9인승 아웃도어",15
10008244,1001732,"xDrive 28i",15
10008110,1001710,"520d 투어링",15
10016528,1003357,"1.4톤/킹캡/초장축/(CRDi)",15
10014666,1002930,"2.0 쿠퍼 S JCW",15
10013704,1002634,"320d 투어링",15
10005465,1000859,"해치백 1.6 LS",15
10013510,1002335,"S Q4 3.0 V6 제냐 페레테스타",15
10005715,1001023,"ML63 AMG",15
10011638,1002527,"45 TFSI 콰트로 프리미엄",15
10013887,1002686,"타르가 4",15
10010154,1002213,"얼그레이",15
10014081,1002775,"가솔린 2.0 2WD 2.0 N",15
10004367,1001226,"4WD 2.0 리미티드",16
10007800,1001691,"C220 d 4MATIC",16
10007387,1001620,"2.0 LPI 프레스티지",16
10015383,1003027,"디젤 2.2 4WD 프레스티지",16
10015176,1002812,"4WD 디젤 투어러 모던",16
10015430,1002883,"130 D300 X-Dynamic SE",16
10009473,1000879,"1.6 디젤 다이나믹",16
10017245,1000787,"파비스 5.5톤",16
10012438,1001020,"35 TDI 다이나믹 스포트백 스포츠 에디션",16
10017358,1003045,"가솔린 1.6 터보 4WD N Line",16
10011856,1002561,"디젤 9인승 노블레스",16
10008341,1001754,"35 TDI",16
10013611,1002768,"디젤 7인승 시그니처",16
10015145,1002992,"D5 AWD 인스크립션",16
10005667,1001022,"CLS 550",16
10003531,1001397,"LPG HG300 MODERN",16
10008111,1001710,523i,16
10013918,1002775,"가솔린 2.0 4WD 스마트",16
10013803,1002753,"가솔린 2.5T 2WD 프레스티지",16
10007901,1001695,"S500L 블루이피션시",16
10011939,1002570,"xDrive 30d M 스포츠",16
10005466,1000859,"해치백 1.6 LT",16
10011621,1002520,"4WD RX",16
10010548,1002309,"4WD 디젤 1.6 IX",16
10014554,1002777,"디젤 2.0 2WD 어드벤처",16
10003995,1000841,"엠블런스",16
10014852,1001732,"xDrive 35i",16
10012303,1001059,"2.7(가솔린) 수출형",16
10014270,1002636,M50i,16
10008571,1001792,"카레라 4 블랙에디션",16
10012493,1001772,"3.2 V6 4모션",16
10012394,1001363,"N20 VGT 럭셔리",16
10015427,1002647,"3.0 E-하이브리드 쿠페 플래티넘 에디션",16
10014171,1002648,"2.0 LPe LE 시그니처 2WD",16
10008040,1001707,"320d 세단 스포츠",16
10011172,1001647,"1.6 LPI 스타일(렌터카)",16
10014667,1002930,"2.0 쿠퍼 S JCW 런치팩",16
10013283,1002702,"LPI 3.0 프리미엄(렌터카)",16
10016055,1003220,"1톤/킹캡/4WD",16
10013794,1002734,"가솔린 2.5T 4WD 트렌디",16
10011792,1001658,"디젤 2.0 4WD 노블레스 플러스",16
10017093,1002635,"M60i 퍼스트 에디션",16
10012657,1002621,"2WD 디젤 1.6 딜라이트",16
10011837,1001696,"S 450L",16
10013085,1001690,"C220 CDI 4MATIC 에디션 C",16
10017471,1003522,"디젤 M5 2WD",16
10007636,1001665,"3.2 FSI",16
10007577,1001659,"2.4 론지튜드",16
10008378,1001758,"4.2 FSI 콰트로 RSE",16
10013888,1002686,"타르가 4S",16
10007765,1001689,"C280 4MATIC",16
10012926,1002205,"P380 R-다이나믹 쿠페",16
10014656,1002335,"Q4 모데나",16
10014148,1002823,"420d 그란쿠페 M 스포츠",16
10010851,1002395,2.8T,16
10012914,1002242,"P400e Vogue SE",16
10014578,1001760,"50 TDI 콰트로 컴포트",16
10004859,1001096,"LPG L6 2.0 디럭스",16
10011025,1001463,"1.7 E-VGT 케어플러스",16
10012226,1002602,"320d M 퍼포먼스 에디션",16
10007854,1001693,"E300 4MATIC 아방가르드",16
10014220,1001447,"LPI 택시형",16
10013871,1002225,"도이치 에디션",16
10012125,1002505,"4WD 가솔린 기어 플러스",16
10011031,1002423,"3.0D 포트폴리오",16
10013509,1002462,"3.0 S AWD 제냐 페레테스타",16
10016529,1003357,"1.4톤/표준캡/초장축/(CRDi)",16
10014350,1002634,"320d 투어링 럭셔리",16
10012969,1002196,"3.6 루비콘 레콘 에디션",16
10012405,1002615,"2.0 사하라 4도어",16
10014726,1002533,"3.0 D250 SE",16
10014278,1002214,"패디 홉커크 에디션",16
10013359,1002718,"M50d 퍼스트 에디션",16
10011637,1002527,"45 TFSI 스포트",16
10011152,1002449,"E300 4MATIC 아방가르드",16
10008014,1001706,"325I 세단",16
10016981,1002627,"2.0 경찰용",16
10016811,1002045,"GLC 300e 4MATIC 쿠페 프리미엄 패키지",16
10010155,1002213,"에스프레소",16
10010038,1002197,"2.7 디젤 라레도",16
10011696,1001580,"디젤 4WD 1.6 삼바 에디션",16
10011305,1002475,"1.7 디젤 스타일",16
10013963,1002485,"523d xDrive M 스포츠",16
10009537,1000954,"G500 카브리올레",16
10008638,1001800,"4.8 GTS",16
10013024,1002582,"xDrive 25i M 스포츠",16
10012460,1002617,"4.0 4S 디젤",16
10008324,1001753,"3.2 콰트로",16
10017075,1002546,"2.0 P400E 다이나믹 SE",16
10011335,1002036,"디젤 R 2.2 리미티드",16
10013472,1002740,"1.6 LPI 모던(장애인)",16
10003621,1001429,"F20 터보 GDI",16
10011580,1002516,"4WD 2.0 DX",16
10012815,1002562,"하이루프",16
10014824,1002047,"740Le i퍼포먼스",16
10014916,1001694,"S500L AMG",16
10013038,1002569,"T6 AWD R-디자인",16
10017607,1003046,"기타 특장차량",16
10015711,1003051,"1.4톤",16
10009455,1001293,"2.0 RE S/S 컬렉션",16
10004206,1001173,"바이퓨얼 디럭스 트렌디",16
10015664,1003052,"더블캡/초장축",16
10004430,1001406,"디젤 11인승 디럭스",16
10011191,1002457,"3.0 LPI 모던 베이직(렌터카)",16
10003934,1001245,"디젤 4WD 2.2 익스클루시브",16
10010680,1002336,"3.0 디젤",16
10015769,1003054,"1.0톤/더블캡/(CRDi)",16
10015474,1003042,"디젤 7인승 시그니처",16
10011120,1001621,"2.0 터보 GT LINE",16
10011363,1001719,"420d xDRIVE 그란쿠페 스포츠 ",16
10009387,1001169,"1.6GDI 모던",16
10015204,1000902,"2.2 4WD LT 프리미엄",16
10013649,1001717,"218d 그란 쿠페 M 스포츠 25th",16
10012373,1000917,"LPG L6 2.0 SE",16
10011452,1002505,"4WD 디젤 TX",17
10011571,1002516,"4WD 2.0 CVS",17
10012699,1002462,"3.8 GTS AWD",17
10012436,1001020,"35 TFSI 다이나믹",17
10003532,1001397,"LPG HG300 PREMIUM",17
10011173,1001647,"1.6 LPI 스마트(렌터카)",17
10008041,1001707,"320d 세단 럭셔리",17
10014801,1001706,"325i 쿠페",17
10011933,1002569,"T6 AWD 모멘텀",17
10015775,1003054,"1.0톤/더블캡/초장축/(CRDi)",17
10013080,1001691,"C220 d 4MATIC AMG Line",17
10011306,1002475,"1.7 디젤 스마트",17
10013284,1002702,"LPI 3.0 익스클루시브(렌터카)",17
10012837,1002621,"2WD 디젤 1.6 딜라이트 플러스",17
10017503,1001293,"2.0 LPLi 장애인용 RE",17
10014374,1002686,"타르가 4 GTS",17
10016056,1003220,"1톤/킹캡/장축",17
10007855,1001693,E350,17
10012262,1001621,"2.0 터보 GT",17
10012456,1002617,"2.9 4 E-HEV",17
10013442,1002570,"xDrive 30e",17
10009389,1001169,"1.6GDI 프리미엄",17
10007245,1001463,"1.7 E-VGT 스마트",17
10010549,1002309,"4WD 디젤 1.6 RX",17
10011639,1002527,"45 TFSI 콰트로 스포트",17
10007766,1001689,C320,17
10013901,1002520,"4WD RX 플러스",17
10014367,1002213,"젠 Z 에디션",17
10007388,1001620,"2.0 LPI 노블레스",17
10007574,1001658,"디젤 2.0 4WD 노블레스 스페셜",17
10010698,1001754,"35 TDI 콰트로",17
10003996,1000841,"이지무브 리프트",17
10004203,1001173,"바이퓨얼 디럭스 스페셜",17
10013919,1002775,"가솔린 2.0 4WD 모던",17
10017095,1003045,"가솔린 하이리무진(특장업체)",17
10011872,1002562,"어린이보호차",17
10014107,1001059,"4WD(3.5가솔린) 수출형",17
10014823,1002485,"523d 투어링",17
10012863,1002457,"3.0 LPI 모던(렌터카)",17
10012329,1002045,"GLC 350 e 4MATIC",17
10012395,1001363,"N20 VGT 엘레강스 스페셜",17
10012925,1002205,"P380 R-다이나믹 컨버터블",17
10004841,1000917,"LPG L6 2.0 SX",17
10004860,1001096,"LPG L6 2.0 슈프림",17
10010852,1002395,2.9,17
10013238,1002047,"740Le i퍼포먼스 M 스포츠",17
10016623,1002930,"2.0 쿠퍼 S JCW T1",17
10003618,1001429,"F24 GDI",17
10011284,1002336,"3.0 디젤 스포츠",17
10007881,1001694,S600,17
10013795,1002734,"가솔린 2.5T 4WD 프레스티지",17
10005380,1000787,"라이노5.5톤",17
10011463,1002449,"E300 4MATIC 아방가르드인텔리전트드라이브",17
10015177,1002812,"4WD 디젤 라운지 프레스티지",17
10008379,1001758,"4.2 FSI 콰트로 LWB",17
10004431,1001406,"디젤 11인승 럭셔리",17
10012786,1002648,"2.0 LPe RE 2WD",17
10014890,1001022,"CLS 550 4Matic",17
10012227,1002602,"320d xDrive",17
10013707,1002635,"xDrive 45e xLine",17
10011857,1002561,"디젤 9인승 노블레스 스페셜",17
10008401,1001760,"50 TDI 콰트로 프리미엄",17
10011479,1002036,"디젤 R 2.2 리미티드 에디션",17
10016732,1002214,"페이버드",17
10008116,1001710,525d,17
10007637,1001665,"3.2 FSI 콰트로",17
10014556,1002777,"디젤 2.0 2WD N Line 프리미엄",17
10007782,1001690,C230V,17
10014658,1002335,"트로페오",17
10008465,1001772,"3.6 V6 4MOTION",17
10014930,1002582,"xDrive 28i",17
10015713,1003051,"1.4톤/킹캡/초장축/(CRDi)",17
10007902,1001695,"S500L 데지뇨 에디션",17
10015146,1002992,"D5 AWD R-디자인",17
10014955,1002533,"3.0 D300 HSE",17
10011838,1001696,"S 450L 4MATIC",17
10008572,1001792,"카레라 4 카브리올레",17
10014565,1002627,"2.0 N Line 디자인에디션",17
10012662,1001719,"420d xDRIVE 그란쿠페 럭셔리",17
10015053,1002753,"가솔린 2.5T 2WD 프레스티지 초이스",17
10009538,1000954,G500L,17
10010020,1002196,"3.6 스포츠",17
10005501,1000902,"2.2 4WD LTZ",17
10017493,1002883,"130 P400 아웃바운드",17
10014869,1002718,"xDrive 40i",17
10017472,1003522,"디젤 M5 4WD",17
10014547,1002768,"디젤 7인승 아웃도어 노블레스",17
10016790,1002225,"파이널 에디션",17
10015384,1003027,"디젤 2.2 4WD 노블레스",17
10016605,1002615,"2.0 사하라 4도어 파워 탑",17
10013705,1002634,"320d 투어링 M 스포츠",17
10014340,1002823,"420d 그란쿠페 M 스포츠 퍼스트 에디션",17
10014596,1001753,"3.2 FSI 콰트로",17
10009474,1000879,"1.6 디젤 퍼펙트 블랙",17
10014481,1002636,"M50i 프로즌 블랙 에디션",17
10015475,1003042,"디젤 7인승 그래비티",17
10015428,1002647,"4.0 터보 E-하이브리드",17
10012301,1001245,"가솔린 2.4 (수출용)",17
10004381,1001226,"4WD 2.0 트랜디",17
10010039,1002197,"3.0 디젤 라레도",17
10013423,1001696,"S 450 4MATIC 쿠페",18
10012228,1002602,"320d 투어링",18
10011981,1001620,"2.0 LPI 노블레스 스페셜",18
10004842,1000917,"LPG L6 2.0 EXCLUSIVE",18
10004382,1001226,"4WD 2.0 프레스티지",18
10007906,1001695,"S500L AMG SP",18
10015476,1003042,"디젤 9인승 프레스티지",18
10011650,1001719,"420d xDRIVE 그란쿠페 비전 100",18
10013168,1002462,"3.8 트로페오",18
10014589,1001758," 6.0 FSI 콰트로",18
10012845,1002036,"디젤 R 2.2 노블레스",18
10013911,1002627,"2.5 터보 N Line 프리미엄",18
10011453,1002505,"4WD 디젤 VX",18
10010040,1002197,"3.0 디젤 리미티드",18
10011174,1001647,"1.6 LPI 모던(장애인용)",18
10011834,1000902,"2.2 4WD 다이나믹 레드",18
10015518,1003045,"디젤 2.0 2WD 모던",18
10016365,1002883,"130 P400 X Dynamic HSE",18
10015178,1002812,"4WD 디젤 라운지 인스퍼레이션",18
10011793,1001658,"디젤 2.0 4WD 스타일 에디션",18
10015715,1003051,"1.4톤/표준캡/초장축/(CRDi)",18
10007405,1001621,"1.7 디젤 디럭스",18
10014895,1000954,G550,18
10014993,1002561,"디젤 9인승 하이리무진(특장업체)",18
10011615,1002520,"4WD 샤토",18
10003745,1001169,"1.6GDI 프리미어",18
10004978,1001293,"2.0 LPLi SE PLUS",18
10012715,1002634,"320d xDrive",18
10014947,1002225,"JCW ALL4",18
10012787,1002648,"2.0 LPe RE 시그니처 2WD",18
10012457,1002617,"2.9 4 E-HEV 이그제큐티브",18
10013081,1001691,"C220 d 4MATIC 익스클루시브",18
10014036,1002823,"430i 쿠페 M 스포츠",18
10012658,1002621,"2WD 디젤 1.6 판타스틱",18
10012627,1001020,"40 TFSI",18
10004861,1001096,"LPG L6 2.0 ",18
10013889,1002686,"터보 S",18
10005488,1000879,"2.0 디젤 LS",18
10007767,1001689,"C320 4MATIC",18
10007856,1001693,"E350 4MATIC",18
10007638,1001665,"30 TDI",18
10007576,1000841,"캠핑카",18
10011873,1002562,"어린이보호차 LPi",18
10012864,1002457,"3.0 LPI 익스클루시브(렌터카)",18
10012330,1002045,"GLC 350 e 4MATIC 프리미엄",18
10011934,1002569,"T6 AWD 인스크립션",18
10011374,1002213,"세븐 에디션",18
10007783,1001690,C250,18
10004204,1001173,"바이퓨얼 럭셔리",18
10007882,1001694,S600L,18
10014945,1002214," 파인 레더 에디션",18
10012130,1002449,"E300 4MATIC 익스클루시브 스텐다드",18
10008573,1001792,"카레라 4 카브리올레 블랙에디션",18
10013796,1002734,"가솔린 2.5T 4WD 노블레스",18
10003643,1001463,"LPI 스마트",18
10013296,1002047,"740Le xDrive",18
10014599,1001754,"40 TDI",18
10017473,1003522,"디젤 M5 롱 데크 4WD",18
10005381,1000787,"기타",18
10013920,1002775,"가솔린 2.0 4WD 인스퍼레이션",18
10008402,1001760,"50 TDI 콰트로 스포츠",18
10014816,1002768,"디젤 7인승 하이리무진 시그니처",18
10004432,1001406,"디젤 11인승 프레스티지",18
10015349,1002636,"M50i 다크쉐도우 에디션",18
10008325,1001753,"4.2 콰트로",18
10014868,1002718,"xDrive 40d",18
10012850,1002615,"2.0 오버랜드 4도어",18
10015540,1002205,"P380 컨버터블 퍼스트 에디션",18
10011572,1002516,"4WD 2.0 CVT",18
10007086,1001397,"LPG HG300 익스클루시브",18
10008015,1001706,"325CI 쿠페",18
10015147,1002992,"T5 모멘텀",18
10014558,1002777,"디젤 2.0 2WD N Line 인스퍼레이션",18
10015328,1002196,"3.6 스포츠 2DR",18
10011797,1002336,"3.0 디젤 럭셔리",18
10003599,1001363,"N20 LPG",18
10008042,1001707,"320d 세단 블랙 앤 화이트",18
10003619,1001429,LPI,18
10013542,1002702,"LPI 3.0 모범형(택시형)",18
10014821,1002485,"523d 투어링 xDrive 럭셔리",18
10013708,1002635,"xDrive 45e M 스포츠",18
10010853,1002395,3.2,18
10016965,1002533,"3.0 D300 R-다이나믹 HSE",18
10015774,1003054,"1.0톤/더블캡/초장축",18
10013804,1002753,"가솔린 2.5T 2WD 캘리그래피",18
10008117,1001710,"525d xDrive",18
10010674,1002335,"디젤 3.0",18
10005668,1001022,"CLS 63 AMG",18
10016057,1003220,"1톤/킹캡/장축/4WD",18
10014634,1002570,"xDrive 30e xLine",18
10015429,1002647,"4.0 터보 E-하이브리드 쿠페",18
10011307,1002475,"1.7 디젤 모던",18
10015385,1003027,"디젤 2.2 4WD 시그니처",18
10003902,1001059,"2WD(2.0 E-VGT) CLX",18
10012305,1001429,"블루세이버",19
10004433,1001406,"디젤 11인승 노블레스",19
10013443,1002570,"xDrive 30e M 스포츠",19
10016963,1002617,"2.9 4 E-HEV 플래티넘 에디션",19
10011459,1002047,"740Li xDrive",19
10004979,1001293,"2.0 LPLi LE",19
10003527,1001397,"LPG HG300 장애인용",19
10005489,1000879,"2.0 디젤 LT",19
10012716,1002634,"320d xDrive 럭셔리",19
10011573,1002516,"4WD 2.0 CVX",19
10015304,1002768,"디젤 7인승 하이리무진(특장업체)",19
10003644,1001463,"LPI 모던",19
10004383,1001226,"4WD 2.0 노블레스",19
10011798,1002336,"3.0 디젤 그란루쏘",19
10014886,1001689,C350,19
10011835,1000902,"2.2 4WD 시티패키지",19
10011308,1002475,"1.7 디젤 프리미엄",19
10005690,1000954,"G55 AMG",19
10015148,1002992,"T5 인스크립션",19
10012976,1002335,"디젤 3.0 그란루쏘",19
10007784,1001690,"C250 아방가르드",19
10007406,1001621,"1.7 디젤 럭셔리",19
10014126,1002214,"피카딜리 에디션",19
10012628,1001020,"40 TFSI 프리미엄",19
10016058,1003220,"1톤/킹캡/초장축",19
10013912,1002627,"2.5 터보 N Line 익스클루시브",19
10015307,1001647,"1.6 LPI 법인전용(렌터카)",19
10011230,1002462,"3.0 디젤 AWD",19
10011619,1002520,"4WD 익스트림",19
10015716,1003051,4WD,19
10014590,1001758,"6.0 FSI 콰트로 LWB",19
10012331,1002045,"GLC 350 e 4MATIC AMG LINE",19
10013050,1002621,"4WD 가솔린 1.5 C3",19
10003903,1001059,"2WD(2.0 E-VGT) MLX",19
10015477,1003042,"디젤 9인승 노블레스",19
10007857,1001693,"E350 블루텍 4MATIC",19
10016968,1002812,"4WD 디젤 라운지 리무진",19
10015386,1003027,"디젤 2.2 4WD 시그니처 그래비티",19
10015772,1003054,"1.0톤/더블캡/장축/(CRDi)",19
10015519,1003045,"디젤 2.0 2WD 프리미엄",19
10011153,1002449,"E300 4MATIC 익스클루시브",19
10015347,1002718,"xDrive M60i",19
10014088,1002615,"2.0 오버랜드 4도어 파워탑",19
10007639,1001665,"30 TDI 콰트로",19
10011624,1000841,"어린이 보호차",19
10007883,1001694,"S600L 리무진",19
10015329,1002196,"3.6 스포츠 4DR",19
10012107,1002561,"디젤 9인승 하이리무진 럭셔리",19
10012903,1002213,"도미니크 에디션",19
10017482,1003522,"디젤 M9 그랜드 스타일 2WD",19
10010854,1002395,"3.2 AWD",19
10013543,1002702,"LPI 3.0 고급형(택시형)",19
10011455,1002505,"4WD 디젤 LX",19
10008574,1001792,"카레라 4S",19
10008118,1001710,"525d 투어링",19
10012865,1002457,"3.0 LPI 프리미엄 스페셜(장애인용)",19
10014252,1001620,"2.0 LPI 택시형",19
10015492,1002635,"xDrive 50e xLine",19
10014822,1002485,"523d 투어링 xDrive M 스포트",19
10011876,1002562,"앰뷸런스",19
10004843,1000917,"LPG L6 2.0 CDX",19
10007801,1001691,"C220 d 4MATIC 에스테이트",19
10013797,1002734,"가솔린 2.5T 4WD 시그니처",19
10012415,1001022,"CLS 63 AMG 4MATIC",19
10014812,1001719,"428i 그란쿠페",19
10008016,1001706,"325CI 컨버터블",19
10014037,1002823,"430i 쿠페 퍼스트 에디션",19
10014317,1001696,"S 500",19
10013952,1002648,"2.0 LPe 프리미에르",19
10009386,1001169,"1.6GDI 탑",19
10014235,1002753,"가솔린 2.5T 4WD 익스클루시브",19
10011935,1002569,"T8 AWD 인스크립션",19
10008342,1001754,"40 TDI 콰트로",19
10007903,1001695,"S500L 4MATIC",19
10012383,1001363,"N20 LPG 밸류",19
10017389,1002533,"3.0 D350 다이나믹 HSE",19
10009520,1002036,"3.0 LPI 럭셔리",19
10015033,1002636,"M60i M스포츠 프로",19
10013890,1002686,"터보 S 카브리올레",19
10013824,1002777,"디젤 2.0 4WD 모던",19
10010041,1002197,"3.0 디젤 오버랜드",19
10008043,1001707,"320d 세단 M 스포츠",19
10008413,1001760,"50 TFSI 콰트로",19
10012229,1002602,"320d 투어링 M 스포츠",19
10016466,1003323,"컨버터블",2
10010723,1002354,"3.0 V6",2
10010472,1002290,"1.6 e-HDi MCP",2
10016041,1003220,"1.3톤/킹캡",2
10011773,1002550,"4WD 디젤 2.2",2
10014694,1002617,"2.9 4 이그제큐티브",2
10009866,1002147,4.3,2
10013042,1001736,"xDrive 30d SAC 에디션",2
10013360,1002719,"118d 조이 퍼스트 에디션",2
10015809,1003195,"1톤",2
10012559,1000972,"2.2D 스타일",2
10015451,1002886,"롱레인지 싱글모터",2
10016106,1003189,"더블캡/초장축/(TCi)",2
10005158,1001297,"2.0  2WD RX7",2
10008229,1001728,"sDrive 30i",2
10010221,1002235,1.3,2
10006887,1001029,2.0,2
10015398,1003030,"1.6T 2WD 노블레스",2
10016585,1002604,"2.5 하이브리드 LE",2
10014529,1002914,"4밴",2
10012670,1002624,"1.6 플러그인 HEV 노블레스 스페셜",2
10008219,1001725,735,2
10013460,1002739,"2.5 가솔린 터보 AWD",2
10013686,1002309,"2WD 가솔린 1.5 A3",2
10010283,1002245,"3.0 SDV6",2
10013489,1002742,"CLA 250 4MATIC",2
10017249,1002767,4,2
10017457,1003522,"가솔린 M5 4WD",2
10004959,1001214,SE,2
10004143,1001265,"1.4 5DR DOHC",2
10015285,1002849,"4.0 S",2
10015392,1003029,"1.6T 2WD 프레스티지",2
10012313,1001280,SE,2
10016069,1003221,4WD,2
10007622,1001665,"1.8 TFSI 카브리올레",2
10007402,1001621,"1.6 터보 프레스티지",2
10015666,1003096,"1.0톤/슈퍼캡/초장축",2
10008564,1001792,"카레라 블랙에디션",2
10016082,1003225,"1.0톤/킹캡/초장축/플러스형",2
10014537,1002916,E5,2
10016810,1003186,"일반캡/초장축/(CRDi)",2
10007246,1001463,"1.6 터보 스타일",2
10016084,1003226,"1.0톤/킹캡/초장축/(CRDi)",2
10014604,1002920,"40 프리미엄",2
10016086,1003227,"슈퍼캡/초장축",2
10016089,1003228,"1.0톤/킹캡/초장축",2
10014664,1002930,"1.5 쿠퍼 클래식",2
10016896,1002678,EQ,2
10016294,1003185,"초장축",2
10006908,1000985,"2.7 D",2
10003575,1001053,2.0,2
10013234,1001766,1.2,2
10016093,1003231,"슈퍼캡/초장축/(CRDi)",2
10010593,1002317,1.2,2
10007347,1001606,"가류2",2
10015233,1002991,"40 TFSI 프리미엄",2
10005273,1001387,"파워텍",2
10012835,1002660,"2WD 디젤 1.6",2
10004363,1001226,"2WD 2.0 TLX",2
10010251,1002241,110,2
10004354,1001164,"가솔린 2WD 2.4",2
10016112,1003236,"1.2톤",2
10014423,1002553,"1.2 Pure Tech GT Pack",2
10016118,1003241,"1.0톤/킹캡/장축/4WD/(CRDi)",2
10014980,1001872,"2.4 쿠페",2
10013732,1002783,"GT Line",2
10013734,1002784,"GT Line",2
10016120,1003242,"1.3톤",2
10016123,1003243,"1.2톤",2
10016126,1003244,LPG,2
10006568,1000884,2.0,2
10005277,1001420,"파워텍",2
10013679,1002776,"모던",2
10013436,1002621,"2WD 가솔린 1.5 C3 플러스",2
10011816,1002555,"1.6 럭셔리",2
10016662,1002853,"3.5T GDI e-S/C 2WD",2
10003480,1001131,L20,2
10005663,1001022,"CLS 250 CDI",2
10016137,1003247,"기본형",2
10013552,1002753,"디젤 2.2 2WD 프리미엄",2
10016140,1003248,"1.0톤/표준캡/초장축",2
10016143,1003249,"일반캡/초장축",2
10004011,1001396,"5인승",2
10005365,1001236,"3.5톤",2
10016146,1003250,"1.2톤",2
10016148,1003251,"베스트 영상홍보",2
10008221,1001726,"Z-3 2.0",2
10005370,1000787,"프런티어2.5톤",2
10016152,1003252,"일반캡",2
10007199,1001570,"2.0 TDI 콰트로 다이나믹 스포츠백",2
10012906,1002672,"2.0 T5 프로 AWD",2
10008471,1001773,"1.8 TSI 스포츠",2
10016163,1003253,"일반형",2
10016278,1003181,"1.0톤",2
10015066,1002910,"3.0 TFSI",2
10017272,1003180,"1.0톤/표준캡",2
10016168,1003254,"롱카고",2
10016170,1003255,"일반캡",2
10016269,1003179,"초장축",2
10012604,1002196,"2.5 루비콘 2DR",2
10016182,1003256,"기본형",2
10016196,1003259,"일반캡",2
10016209,1003260,"1톤/(LPG)",2
10005432,1001235,"4톤이상",2
10016214,1003262,"롱카고",2
10013663,1002774,"2WD 2.5 마스터즈",2
10016216,1003263,"일반캡",2
10008239,1001731,"X-3 2.5",2
10014501,1002902,"EQS 450+",2
10014649,1002926,"EQB 300 4MATIC AMG 라인",2
10016228,1003268,"롱카고",2
10005319,1000778,"2.5톤",2
10016866,1002830,"G450 d",2
10016230,1003269,"일반캡",2
10013602,1002768,"가솔린 7인승 노블레스",2
10007382,1001620,"2.0 럭셔리",2
10007431,1001624,"1.6 터보 GDI",2
10014625,1002829,"1.6 터보HEV 4WD",2
10011196,1002458,"가솔린 1.4 LT",2
10016232,1003270,"1.3톤/(LPG)",2
10013299,1002705,"840i xDrive M 스포츠 그란쿠페",2
10003572,1000837,2.0,2
10010396,1002268,"4WD 3.5 투어링",2
10003473,1000776,2.4,2
10017022,1001448,"프라임",2
10005438,1000774,"5톤이상",2
10011443,1002505,"2WD 가솔린 VX",2
10008801,1001869,1.8,2
10016289,1003281,"기본형",2
10017419,1002533,"P300 S",2
10014056,1002828,"1.6 가솔린 4WD",2
10016264,1003178,"더블캡/초장축",2
10016329,1003283,"1.0톤/더블캡/초장축/(CRDi)",2
10008234,1001730,"xDrive 20d 4WD",2
10012087,1000902,"2.0 2WD LS디럭스팩",2
10008447,1001769,"2.0 TDI",2
10008553,1001791,"1.4 TSI 프리미엄",2
10012243,1001798,"3.6 플래티넘 에디션",2
10016343,1003285,"슈퍼캡/장축",2
10014265,1002875,"2.7 아우터 뱅크스",2
10013229,1002694,"3.6 익스트림 4WD",2
10005696,1000956,"GLK220 CDI",2
10016338,1003287,"1톤/표준캡",2
10010263,1002242,"3.0 SDV6 VOGUE SE 하이브리드",2
10010840,1002394,R,2
10012739,1002639,"sDrive 20I M 스포츠",2
10010842,1002395,D3,2
10016348,1003289,"1.0톤/킹캡/장축/2WD",2
10012411,1002616,"T4 4WD R-디자인",2
10012839,1002035,"가솔린 2.0 프라임",2
10013834,1002582,"xDrive 18d xLine",2
10007869,1001694,S320,2
10015094,1002950,"4.0 TFSI 콰트로 디자인",2
10014380,1001709,520d,2
10008255,1001734,"3.0 I",2
10017584,1003291,"1.2톤",2
10016390,1003293,"킹캡/장축/4WD/일반형",2
10010229,1002237,"4.0 V6 HSE",2
10004664,1000796,"터보 럭셔리",2
10013496,1002701,"40 TDI 프리미엄",2
10014716,1002114,"4.6 리무진",2
10016097,1003173,"1.0톤/킹캡/초장축/표준형",2
10009761,1002115,"3.0 프리미엄",2
10016357,1003171,"수동식/슈퍼캡/초장축",2
10014539,1002917,"1.2톤",2
10017593,1003545,"4.0 V8 GT 스피드",2
10015019,1002960,"EV 픽업",2
10017426,1003518,"4.4 투어링",2
10010246,1002240,"2.0 TD4 SE",2
10016393,1003294,"슈퍼캡/장축/4WD/일체형 적재함",2
10015030,1002962,"6.2 ESV",2
10015388,1003028,523d,2
10016396,1003296,"표준캡/초장축/4WD",2
10012814,1002656,Q,2
10008026,1001707,"318i 투어링",2
10016398,1003297,"1.2톤/표준캡/초장축/2WD",2
10004764,1000793,"1.5 LUX",2
10014050,1002827,"스탠다드 AWD",2
10016406,1003298,"더블캡/초장축/2WD",2
10016414,1003299,"스탠다드형/킹캡/초장축",2
10013217,1002627,"1.6 터보 스마트",2
10005022,1001024,"디젤 2WD LE",2
10016418,1003300,"더블캡/초장축",2
10017253,1003301,"더블캡",2
10014073,1001101,"1.6 GDI",2
10017059,1003451,"2.2 4WD",2
10005253,1001372,FX120,2
10016359,1003170,"슈퍼캡/초장축",2
10016427,1003303,"스탠다드/킹캡/초장축/(듀얼컴프)",2
10004966,1001228,SE,2
10016431,1003304,"일반캡/초장축/(트윈컴프)",2
10016352,1003167,"전동식/킹캡/초장축",2
10010883,1002401,"2.0 D3",2
10008472,1001774,"2.0 FSI",2
10014660,1002901,"3.0 V6 첼로",2
10005345,1001350,"2.5톤",2
10005506,1000811,"2.0 LT",2
10016463,1003309,"하이형(양문형)/킹캡/초장축",2
10014068,1002833,"SMART EV D2P",2
10014409,1002605,"CLS 300d 4MATIC",2
10011789,1002482,"V6 3.7",2
10004558,1000930,"가솔린 1.6 CVVT SI",2
10015222,1002996,"sDrive 20i M 스포츠",2
10017377,1002823,"420i 쿠페 M 스포츠 프로",2
10010336,1002257,"GT 스피드",2
10004695,1000810,MD,2
10008091,1001708,"M3 쿠페",2
10015333,1002071,"3.0L 디젤",2
10013984,1002818,"블루스카이",2
10016905,1002786,"2.3 AWD ST-라인",2
10017427,1003023,"레이블",2
10010096,1002205,"3.0 S 쿠페",2
10010216,1002233,"기본형",2
10016315,1003166,"1.0톤",2
10005171,1000802,"9인(LIMOUSINE)",2
10005340,1001316,"1.2톤",2
10014358,1002406,"2.0 B5 AWD",2
10012397,1002610,"2.3 L",2
10012551,1001891,"2.5 하이브리드",2
10003920,1001245,"디젤 2WD 2.0 모던",2
10013122,1002686,"카레라 카브리올레",2
10007601,1001663,3.5,2
10005411,1000801,"라이노",2
10015072,1002894,"3.0 TFSI 콰트로 스포츠백",2
10007435,1001626,"디젤 2.0 4WD",2
10014639,1002600,"xDrive 20i M 스포츠",2
10003583,1001271,"2.0 ",2
10016446,1003312,"전동식/킹캡/초장축",2
10014445,1002893,"가솔린 2WD LT",2
10016448,1003313,"전동식/슈퍼캡/초장축",2
10010299,1002247,"2.2 TD4 HSE",2
10010219,1002234,ALL4,2
10003878,1000850,"2WD 2.0 GOLD",2
10014753,1002891,"1.5 BlueHDi GT Line",2
10016372,1003165,"1.0톤/킹캡/초장축",2
10016453,1003317,"킹캡/초장축/수직형(2단)",2
10017560,1003540,"50 xDrive M 스포츠 프로",2
10010573,1002312,"LP700-4 로드스터",2
10014432,1002890,"1.5 BlueHDi GT",2
10013884,1002703,"프리미엄 초이스",2
10014417,1002889,"어스",2
10016456,1003318,"슈퍼캡/초장축",2
10016458,1003319,"표준캡/초장축/2WD",2
10016460,1003320,"일반캡/초장축/2WD",2
10013743,1002787,"이그제큐티브",2
10005270,1001349,"도시표준",2
10007450,1000833,"드림",2
10011296,1002475,"1.6 터보 스마트",2
10004081,1000824,"익스트림",2
10003847,1001136,"1.6 GDI PYL",2
10013838,1002685,"50 TDI 콰트로 LWB",2
10010323,1002253,"6.8 T",2
10016211,1003164,"슈퍼캡/초장축",2
10016477,1003329,"저상탑",2
10017040,1003331,"일반캡/초장축",2
10003911,1001163,"디젤 2WD 2.0 MLX",2
10012360,1002608,"디젤 2.2 4WD",2
10012578,1002251,"6.8 스피드",2
10013942,1002244,"P360 HSE 다이나믹",2
10016486,1003336,"슈퍼캡/초장축(CRDi)",2
10016489,1003338,"1.0톤/표준캡/초장축/플러스형",2
10005493,1000879,"LPGI LT",2
10013724,1002781,"1.4 TSI 프레스티지",2
10013484,1002741,"밴 스페셜",2
10003685,1001345,HDeII,2
10005283,1001462,CNG,2
10005220,1000898,"16인",2
10004795,1000812,"2.0 DOHC",2
10010265,1002243,"3.7 TDV8 VOGUE",2
10016502,1003343,"킹캡/초장축",2
10016506,1003344,"일반캡/초장축(CRDi)",2
10016510,1003346,"일반캡/초장축",2
10003666,1001227,"1.5 VVT 디럭스",2
10004279,1000873,"2.0 GX",2
10014211,1002868,"6.2 다크나이트 4WD",2
10015156,1002864,"3.0 TDI 콰트로 스포트백",2
10016206,1003163,"1.0톤/킹캡/초장축/(CRDi)",2
10005279,1001434,TURBO,2
10013978,1002236,"3.0 SCV6 HSE",2
10008312,1001753,2.0,2
10009419,1002020,"2.0 GDi PYL",2
10016726,1002863,"4.0 TFSI  콰트로 퍼포먼스",2
10003730,1000871,"5DR 1.3",2
10003952,1001135,"디젤(E-VGT)2WD",2
10011016,1002422,"단축 DLX",2
10007608,1001664,1.8T,2
10015221,1002423,"2.0 P250 SE AWD ",2
10015414,1002940,"740i sDrive 디자인퓨어 엑셀런스",2
10014108,1002684,"40 TFSI 콰트로 스포트백",2
10011575,1002516,"2WD 2.0 RX",2
10014859,1002941,"렌터카",2
10013780,1002791,"가솔린 2.0T 4WD",2
10005116,1000866,"2WD CX5 CLUB",2
10016889,1002570,"xDrive 20i 기본형",2
10016512,1003357,"1.0톤/다용도복합",2
10005418,1000865,"대우",2
10017408,1003513,"컴패티션 투어링 M xDrive",2
10014751,1001659,"1.3 리미티드 FWD",2
10014701,1002789,"6.7 EWB",2
10012901,1002671,"1.6 모던",2
10016202,1003162,"1.0톤/킹캡/초장축/일반형",2
10011367,1002489,"S 2.5",2
10011245,1002463,"GLS350 D 4MATIC",2
10017613,1002872,"M 스포츠 스페셜 에디션",2
10011041,1002424,"1.6 터보",2
10014871,1002946,"가솔린 3.5 2WD",2
10012690,1002629,"2.0 TDI 엘레강스 프레스티지",2
10007796,1001691,"C200 아방가르드",2
10007167,1001561,"5.2 V10 쿠페",2
10004435,1000894,"1.8 LPG",2
10007565,1001657,"1.8 LTZ",2
10014158,1002850,"4.0 S",2
10014299,1002845,"스탠다드 AWD",2
10013381,1002722,BC211M,2
10005299,1000892,"타이탄",2
10011203,1001775,"2.0 TDI 블루모션",2
10014162,1002851,"6.0 스피드",2
10010235,1002239,3.9,2
10010481,1002293,"1.6 e-HDi",2
10010194,1002225,Mid,2
10011047,1002425,"디젤 2WD LE",2
10014119,1002844,"GT 콰트로 프리미엄",2
10015302,1002842,"3.6 L",2
10015269,1002836,"1.0 가솔린 터보",2
10012749,1002557,"3.3 GDI AWD",2
10009369,1001418,"1.6 GDI 스마트",2
10015986,1003148,"1.0톤",2
10016198,1003160,"슈퍼캡/초장축/(CRDi)",2
10005035,1000973,"디젤 1.5 LE",2
10015438,1003034,2.0,2
10016544,1003358,"1.0톤/킹캡/초장축",2
10017187,1003359,"xDrive 40",2
10003659,1001165,"1.5 DOHC 디럭스",2
10008191,1001721,"630 컨버터블",2
10015375,1002687,"GLE 350 4MATIC",2
10009525,1000887,"2.3 에코부스트 리미티드 4WD",2
10014475,1002897,"롱레인지 ",2
10011888,1002426,"2.2D AWD",2
10015454,1002667,"2.5t ",2
10014186,1002824,"218d M 스포츠",2
10011062,1002427,"3.3 T-GDI AWD",2
10013019,1002580,"620d M 스포츠",2
10007333,1001599,2.2,2
10011920,1000946,"CLA 200d 4MATIC",2
10004829,1000917,"2.0 L6 ",2
10011848,1002560,"프리미엄",2
10015277,1003009,"EQE500 4MATIC",2
10014404,1002888,"디젤 2.2 4WD",2
10014962,1002932,"트윈 얼티메이트 AWD",2
10010177,1002216,"5도어 기본형",2
10003500,1001288,Q270,2
10016552,1003360,"3.0 AWD",2
10016190,1003158,"슈퍼캡/초장축/(TCi)",2
10016616,1003361,"HEV 1.6 카고 5인승",2
10016633,1003362,"2.3 에코부스트 프리미엄 컨버터블",2
10008365,1001758,"3.0 LWB",2
10010233,1002238,"4.0 V8I",2
10010328,1002256,"4.0 GT S",2
10010484,1002294,"2.0 GT Line",2
10016899,1001802,EQ,2
10012825,1002659,"노블레스",2
10014711,1002933,"4.0 스파이더",2
10013688,1002777,"가솔린 1.6 터보 2WD 프리미엄",2
10014880,1002948,"1.6 GTe E-TECH 인스파이어",2
10008106,1001710,520d,2
10009432,1001306,"디젤 2WD 2.0 럭셔리",2
10016574,1003365,"E220d 4MATIC",2
10003966,1000915,"2WD EX290",2
10015453,1002725,"4.0 V8 707",2
10007186,1001568,"2.0 TDI 콰트로 오프로드",2
10009686,1002085,"EDDIE BAUER 2WD",2
10016683,1003366,"CLE 200 카브리올레",2
10009750,1002110,"2.0 프리미엄 2WD",2
10016598,1003367,"가솔린 2.0T 4WD",2
10016186,1003157,"1.25톤/일반캡",2
10005416,1001166,"2.5톤",2
10004415,1001382,"그랜드 GLX",2
10015056,1002966,"218d 럭셔리",2
10011135,1002447,"1.5 터보 LT",2
10012810,1002654,"2.7 리저브 AWD",2
10014392,1002448,"D200 SE",2
10016608,1003370,"2.0 HEV XLE",2
10004640,1001118,"럭셔리",2
10015077,1002968,"4.0 TFSI 콰트로 스포츠",2
10016626,1003372,"1.6 GTe 에볼루션",2
10004243,1000881,"2.0 LS",2
10005475,1000910,"1.4터보 LTZ",2
10014803,1001706,"316i 세단",2
10012894,1002669,"가솔린 1.6 터보 4WD",2
10016630,1003373,"1.6 GTe 테크노",2
10016173,1003156,"1.0톤/킹캡/초장축/(CRDi)",2
10005264,1001304,LDX,2
10013976,1002817,"노블레스",2
10009463,1000859,"1.4 터보 LS 고급형",2
10013070,1002648,"디젤 1.7 dCi RE 2WD",2
10015162,1002812,"LPG 투어러 모던",2
10013716,1002449,"E300e 4MATIC 익스클루시브",2
10015097,1002862,"4.0 TFSI 콰트로 익스클루시브",2
10013966,1002814,"1.6 가솔린 프레스티지",2
10012964,1002675,"2.0 BlueHDi GT Line",2
10015107,1002980,"4.0 콰트로 아반트",2
10017043,1002632,"카고",2
10015109,1002981,"4.2 콰트로 아반트",2
10016654,1003375,"1.5 GDI-T 4WD",2
10017451,1003524,"LPG 슈퍼캡/초장축",2
10009861,1001887,1.2,2
10005436,1000942,"3톤이상",2
10015113,1002982,"3.0 TFSI 콰트로 스포트백",2
10003758,1000925,2.0,2
10017097,1003377,"2.0 TDI",2
10015125,1002987,"쿠페 2.0 TFSI 콰트로 컴피티션",2
10017615,1002564,"2.0 TSI 4모션",2
10013546,1002750,"M 컴패티션",2
10013632,1002772,"모던",2
10017565,1003541,"카고 모던",2
10013270,1002702,"2.5 프리미엄 초이스",2
10010305,1002248,1.8,2
10015228,1001801,"가솔린 2.9 S",2
10016657,1000924,"대흥",2
10005391,1000923,"대우",2
10005513,1000922,"1.4 LT",2
10016166,1003155,"일반캡/초장축",2
10010899,1002404,D4,2
10016666,1003378,"롱 레인지",2
10003648,1000857,"1.5 골드",2
10016670,1003379,"2.0 하이브리드 투어링",2
10011169,1002455,"2.0 LPI 럭셔리",2
10016791,1002226,"언톨드 에디션",2
10013378,1002721,"디젤 3.0 AWD",2
10017546,1003496,"SE 일렉트릭",2
10008423,1001764,1.8,2
10004109,1000845,"1.5 Si DLX",2
10016975,1003154,"1.0톤/표준캡/초장축/표준형",2
10010137,1001406,"가솔린 7인승 하이리무진",2
10017323,1002219,"페이버드",2
10017590,1001967,"2.4 듀얼 부스트 하이브리드",2
10015067,1002970,2.7,2
10016676,1003381,"2.9 V6 4 E-HEV",2
10011185,1002457,"2.4 GDI 모던",2
10017086,1003382,"프리미엄",2
10004671,1000964,"3.3 GDI 이그제큐티브",2
10015330,1002674,"4WD 플레티넘 그래비티",2
10014399,1002887,"가솔린 1.6 터보 4WD",2
10017399,1002883,"D240 SE",2
10015070,1002971,"3.0 TFSI 콰트로 스포트백",2
10012840,1002567,"스틸",2
10012065,1002590,75D,2
10004608,1000963,"VG270 디럭스",2
10012238,1002603,"디젤 2.2 4WD",2
10014938,1001582,"1.4 TFSi",2
10011365,1002488,"S 2.5",2
10015085,1002973,"EQS 450 4MATIC 런치에디션",2
10005699,1000966,"ML270 CDI",2
10014378,1002881,"인텐스 에코",2
10016686,1003384,"자가용 장축 25인승",2
10009460,1002024,"듀에고EX",2
10016157,1003153,"슈퍼캡/초장축/(CRDi)",2
10010191,1002223,JCW,2
10005422,1001078,"압착식",2
10013937,1002811,"스탠다드 4WD",2
10015100,1002974,"2.0 TFSI 콰트로 스포츠백",2
10011222,1002462,"3.0 AWD",2
10011781,1002552,"디럭스",2
10012406,1002615,"2.0 스포츠 4도어",2
10004266,1001009,GH330,2
10016154,1003152,"1.0톤/킹캡/초장축/(CRDi)",2
10012917,1002673,"P250 SE",2
10016150,1003151,"1.0톤/킹캡/초장축/표준형",2
10015103,1002977,"4.2 FSI 콰트로",2
10005292,1001222,"션샤인(HD)",2
10003735,1001007,"5DR 1.3",2
10016563,1002766,"CEVO-C SE",2
10015130,1002989,"2.5 TFSI 콰트로 로드스터",2
10014941,1002429,"4도어 53 4MATIC+",2
10014865,1002765,"4.4 컴페티션",2
10015137,1002992,"B5 인스크립션",2
10004344,1001006,"2WD 2.5 VGT",2
10016699,1003385,"영업용 초장축 23인승",2
10015992,1003149,"더블캡",2
10016705,1003386,"1.0톤/표준캡/초장축",2
10014985,1002952,"2.4 프리미엄",2
10013925,1002808,"디젤 2.2 4WD",2
10016717,1003390,"2.4 4WD",2
10003626,1001447,"CVVL 블루세이버",2
10005176,1001002,"9인 RD500",2
10003998,1001055,"3인(CRDi)",2
10016736,1003392,"롱레인지 2WD",2
10011270,1002470,"리무진17인",2
10009553,1002045,"GLC 220 d 4MAITC 프리미엄",2
10016738,1003393,"롱레인지 4WD",2
10007751,1001689,C180,2
10013078,1002474,"SLC 250",2
10003677,1001302,"1.6 VVT S16",2
10005445,1001260,"캠핑트레일러",2
10012719,1002635,"xDrive 30d M 스포츠",2
10016740,1003394,"럭셔리",2
10016744,1003396,"1.5 클래식",2
10011181,1002456,"35 TDI 콰트로 프리미엄",2
10010146,1002213,"기본형",2
10014316,1002797,"S450L 4MATIC",2
10004778,1001035,"1.6 SX",2
10011868,1002562,"2WD 웨건 11인승",2
10009659,1002077,"컨버터블",2
10008602,1001796,2.7,2
10012956,1002585,"D180 SE",2
10012992,1002679,"스탠다드 레인지 플러스",2
10013566,1002756,"35 TDI 프리미엄",2
10015983,1003147,"1.0톤/킹캡/초장축/표준형(싱글컴프)",2
10013425,1002734,"디젤 2.2 2WD 프레스티지",2
10017571,1003542,"카고 모던",2
10005707,1001023,"ML280 CDI",2
10014111,1002030,"2.5 AWD 하이브리드",2
10009126,1001949,2.8,2
10015482,1002229,"1.5 언테임드 에디션",2
10010578,1002313,"LP610-4 스파이더",2
10005361,1001133,"물차",2
10015981,1003146,"1.0톤/킹캡/초장축/(CRDi)",2
10016756,1003397,"2.0 S ALL4 페이버드",2
10016762,1003398,"스마트",2
10016765,1003399,"프리미엄",2
10015979,1003145,"1.0톤/킹캡/초장축/표준형(듀얼컴프)",2
10014974,1002507,"플레이드",2
10004904,1000864,EL240,2
10016217,1003144,"1.4톤",2
10017153,1003402,"2WD S8",2
10011631,1002461,"LPI 럭셔리",2
10016780,1003403,2.0,2
10007843,1001693,"E200 아방가르드",2
10011339,1002483,"3.5톤",2
10016793,1003404,"인스퍼레이션",2
10010202,1002227,HIGH,2
10004148,1001307,"4DR 1.4MPI 디럭스",2
10014820,1002485,"520i 럭셔리 플러스",2
10012074,1002593,"4.0 V8",2
10004845,1001096,"2.0 L6",2
10012742,1002640,"2.5 스마트 2WD",2
10014047,1002826,H2,2
10011417,1002496,"익스클루시브",2
10011432,1002499,N,2
10016797,1003405,"롱레인지 듀얼모터",2
10012490,1001772,"1.8 TFSI",2
10005356,1001095,"4.5톤",2
10008959,1001910,14RS,2
10011890,1001720,"쿠페 퍼포먼스 사일렌서 에디션",2
10016807,1003408,"2.0 F 스포츠",2
10016813,1003409,"알티튜드",2
10016829,1003410,"가솔린 2.0 아이코닉 2WD",2
10016833,1003411,"하이브리드 1.5 아이코닉",2
10017490,1003526,1.8,2
10017444,1002807,"프리미엄 롱 레인지",2
10015092,1002865,"4.0 TFSI 콰트로 스포츠",2
10011361,1002487,"3.6 프리미엄 플러스 AWD",2
10016842,1003412,"500h 로열",2
10013906,1002806,"3.5 2WD",2
10016848,1003413,"3.5 2WD",2
10017433,1002985,4.0,2
10017240,1003414,"베스트 셀렉션",2
10013894,1002802,"2.0 TDI 스타일",2
10017496,1003527,"프레스티지",2
10005315,1001257,"10.5~15톤",2
10014643,1001038,"LPI DLX",2
10004954,1001026,SE,2
10016895,1003422,R,2
10011411,1002495,"1.6 터보 2WD 플럭스",2
10013872,1002800,"2.0 스포츠",2
10012574,1002589,"4.0 V8",2
10008497,1001779,"2.0 TDI 프리미엄",2
10013404,1002727,"P250 SE",2
10016902,1003423,"1.0 가솔린 터보",2
10005403,1001090,"미래",2
10008639,1001800,"3.0 S 하이브리드",2
10016907,1003424,"V6 퍼스트 에디션",2
10017365,1003503,"3.5톤",2
10003653,1001071,"1.5 골드",2
10005286,1001132,AM928,2
10016910,1003425,"EQS 680 SUV 나이트 시리즈",2
10017446,1003426,"폴고레",2
10017621,1002873,"C200 쿠페",2
10011420,1002497,"모던",2
10016986,1002745,"3.9 스파이더",2
10011424,1002498,"가솔린 2.0 터보 AWD",2
10011268,1001070,"1.6 GDI 트렌디",2
10007441,1001627,"SM캠핑운송트레일러",2
10012207,1002602,320i,2
10016926,1003427,"1.6 가솔린 4WD",2
10008506,1001781,"V6 3.0 TDI 블루모션",2
10016932,1003428,"1.6 터보HEV 4WD",2
10009313,1001996,"1.3 4WD",2
10010169,1002215,"기본형",2
10016929,1003429,"xDrive M35i",2
10013241,1002696,"GL450 4MATIC",2
10004676,1000961,"1.6 GDI 럭셔리",2
10016941,1003430,"xDrive 20 M 스포츠",2
10005351,1000941,"프런티어2.5톤",2
10014366,1002880,"어스",2
10012875,1002663,"CT6 3.6 PLATINUM",2
10017342,1003431,"4WD 에센셜",2
10007966,1001700,"113 CDI",2
10007190,1001569,"3.0 TDI 콰트로",2
10016973,1003433,"ALL4 페이버드",2
10013768,1002790,"디젤 2.2 2WD 프레스티지",2
10012844,1002661,"2.3 15인승",2
10015963,1003142,"더블캡",2
10016984,1003436,"4.0 V8 쿠페",2
10005333,1001250,"2.5톤",2
10017004,1003437,"2.5T 4WD 7인승",2
10017008,1003438,"HEV 2.5T 4WD 7인승",2
10003600,1001363,"N20 디럭스",2
10016989,1003439,4,2
10015194,1002993,"1.2 터보 LT",2
10016993,1003440,"55 콰트로",2
10014990,1002633,"1.5 BlueHDi",2
10009935,1002171,"3.5 SXT",2
10017090,1002165,"3.0 RHO",2
10017001,1003441,"플러스",2
10017011,1003442,"항속형 AWD",2
10017017,1003444,"페이버드",2
10015957,1003141,"1.25톤/일반캡",2
10003843,1001115,"2.0 VVT",2
10004447,1001140,"LPI GLX",2
10017310,1003445,"에센셜 5도어",2
10017034,1003447,"트로페오",2
10003689,1001380,"M16 GDI 럭셔리",2
10015953,1003139,"1.0톤/킹캡/초장축/표준형",2
10014284,1002218,"클래식",2
10010180,1002217,1.6,2
10012644,1002618,"가솔린 1.3 E-터보 LT",2
10009549,1001780,"V6 3.2",2
10014492,1002631,"2.4 AWD 스포츠",2
10017053,1003448,"울트라",2
10014297,1002228,"클래식 라이트",2
10007743,1001687,SL400,2
10017057,1003450,AWD,2
10011601,1002518,"디젤 4WD CX7",2
10005330,1001158,"3.5톤",2
10011606,1002519,CX7(4WD),2
10017061,1003452,"2.2 4WD",2
10011611,1002520,"2WD GT",2
10011912,1002565,"밴 베이직",2
10012795,1002649,"2.5 2WD 하이브리드",2
10008607,1001797,STD,2
10017063,1003453,3.0,2
10017077,1003454,"2.5 T-GDI 4WD",2
10013624,1002771,"1.3 TCe SE Plus",2
10017080,1003455,"랩터",2
10009408,1002019,"2.0 GDI PYL",2
10008173,1001717,"220d 쿠페 M 스포츠",2
10012951,1002289,"1.5 BlueHDi GT Line",2
10007991,1001704,"GLA200 CDI 4MATIC",2
10015650,1003052,"1.0톤/(터보)",2
10005301,1001080,"현대 3.5톤",2
10013467,1002740,"1.6 모던",2
10012759,1002645,"1.5 BlueHDI 알뤼르",2
10017088,1003458,AWD,2
10017030,1002749,"GLS 450 4MATIC",2
10012024,1002526,"가솔린 1.0 터보 프레스티지",2
10014193,1002858,"프레스티지",2
10013721,1002780,"35 TDI 프리미엄",2
10012009,1002527,"30 TDI 프리미엄",2
10013694,1002778,"2WD 프리미엄",2
10012672,1002625,N,2
10004700,1001172,"조이",2
10005007,1000974,"디젤 2WD LE",2
10017101,1003459,"롱레인지 2WD",2
10014698,1002647,"3.0 플래티넘 에디션",2
10006584,1000916,"Ghia 2WD",2
10011241,1001647,"1.6 GDI 밸류 플러스",2
10011390,1001567,"2.0 TDI 콰트로 다이나믹",2
10005065,1001338,"가솔린 2WD CW700",2
10009530,1000976,"R300 CDI 블루이피션시",2
10003491,1001224,"가솔린 S20",2
10008164,1001716,"118d 어반",2
10012734,1002638,"럭셔리",2
10011663,1002528,"2.2D AWD",2
10013418,1002733,"1.3 TCe RE",2
10017119,1003462,"4밴 (4인승)",2
10017117,1003463,"4밴 (4인승)",2
10017133,1003464,"(일반)트레일러",2
10017126,1003465,"포레스트리버캠핑트레일러",2
10017500,1003528,"아이코닉",2
10013410,1002731,"3.0 TDI 프레스티지",2
10011915,1002566,"디젤1.6 2WD LT",2
10012430,1002145,"GLE 350 4MATIC",2
10016785,1002718,"xDrive 40i M 스포츠 퍼스트 에디션",2
10010477,1002292,"2.0 BlueHDi 악티브",2
10017151,1003469,"익스클루시브 스페셜",2
10010892,1002402,"2.0 T5 AWD",2
10017269,1003137,"1.0톤/더블캡",2
10017296,1002871,"xDrive 45 M 스포츠",2
10004458,1001249,"1.7 VGT 럭셔리",2
10011926,1002568,"2.0 터보 스포츠",2
10011707,1002534,"3.0 AWD",2
10011710,1002535,"5톤이상",2
10017157,1003470,"SE 페이버드",2
10017160,1003471,"2.0 TSI R-라인 7인승",2
10004295,1000816,"디젤 2WD QV300",2
10017167,1003473,"1.6 가솔린 터보 4WD",2
10013390,1002594,"6.7 V12 블랙 배지",2
10014138,1002569,"B5 AWD 인스크립션",2
10015919,1003136,"1.0톤/다용도복합",2
10008251,1001733," xDrive 20d 라이트 패키지",2
10015046,1002965,"EQE 350+",2
10012132,1002599,Q,2
10017171,1003474,"에어",2
10009527,1002040,N,2
10009651,1002073,6.2,2
10015234,1002997,"가솔린 2.0",2
10015351,1002597,"2.0 TDI 프리미엄",2
10010075,1002200,"3.6 V6",2
10017194,1003476,"퍼포먼스 프리미엄",2
10013644,1002736,"50 TDI 콰트로 프리미엄",2
10012089,1002480,"EV LT",2
10010664,1002332,"MC 빅토리",2
10015240,1002998,"1.5 GDI-T 4WD",2
10017142,1002999,"프리미엄",2
10011742,1001685,"A200 AMG LINE",2
10004708,1001300,MD,2
10004118,1001056,1.8,2
10012665,1002623,"1.6 HEV 럭셔리",2
10015913,1003135,"더블캡",2
10013537,1002738,"HEV 1.6 2WD 노블레스",2
10015900,1003130,"1.0톤/슈퍼캡/초장축/일반형",2
10013004,1002681,"T5 인스크립션",2
10012820,1002658,"가솔린 3.0 GDI",2
10005245,1001230,BV120,2
10017202,1003477,"G450 d 매뉴팩처",2
10016987,1002698,"3.9 스파이더",2
10010290,1002246,"2.0 SI4 HSE",2
10017241,1003478,"S8 AWD",2
10017209,1003479,"T7 2WD",2
10011808,1002554,"디젤 2.0 4WD",2
10005226,1000907,"25인",2
10009756,1002112,"가솔린 2.0T",2
10009734,1002107,"2.5톤",2
10017344,1003002,"에스",2
10011475,1001658,"가솔린 2.0 2WD 노블레스",2
10010108,1002206,2.5,2
10008196,1001722,"640 그란쿠페",2
10017540,1003483,"롱레인지 4WD",2
10012975,1002335,"3.0 V6 그란루쏘",2
10017248,1003484,"5인승 플러스",2
10014682,1002931,"1.6 쿠퍼 S",2
10011843,1002559,"1.4 터보 모던 코어",2
10013332,1002715,"2.0 프레스티지",2
10014179,1002596,"2.0 하이브리드 EX-L 4WD",2
10012750,1002641,"xDrive 18d 어드벤티지",2
10004103,1001116,"2.0 GDI PYL",2
10016873,1002592,"M 3.9 V8",2
10015261,1003005,"롱레인지",2
10010057,1002198,"2.0 디젤 론지튜드 블랙 에디션 AWD",2
10015885,1003129,"더블캡",2
10013513,1002214,HIGH,2
10017257,1003485,"슈퍼캡/초장축",2
10009576,1002048,"노블레스",2
10017281,1003486,"롱 베이직 롱 레인지",2
10013669,1002775,"가솔린 1.6 터보 2WD 모던",2
10011729,1002546,"2.0 D240 SE",2
10015266,1003006,"2.0 N",2
10015882,1003128,"슈퍼캡/초장축",2
10014516,1002908,"SE 일렉트릭",2
10013336,1002714,"1.6 터보 프레스티지",2
10007242,1001580,"가솔린 2WD 1.6 VX",2
10017287,1003487,"퍼포먼스 S-라인",2
10011689,1001416,"프리미엄 컬렉션",2
10017511,1003529,"1.6 가솔린 터보 트렌디 4WD",2
10003614,1001429,"Y20 프라임",2
10017290,1003488,535i,2
10014141,1001628,"레스타 20인",2
10011744,1001653,"2.0D 프레스티지 AWD",2
10017292,1003489,"스피드",2
10017391,1002710,"4.0 V8 로드스터",2
10015275,1003008,"가솔린 1.35 터보 4WD",2
10009638,1002070,"5도어 1.5 디젤",2
10011820,1002556,"가솔린 2.0",2
10012675,1002626,Q,2
10015876,1003127,"1.25톤/일반캡",2
10013304,1002706,"EQC 4MATIC 1886 Edition",2
10017302,1003490,"AMG SL63 4Matic+",2
10007433,1001625,"익스클루시브",2
10004941,1001327,SE,2
10014505,1002903,"컴패티션 퍼스트 에디션",2
10009534,1000954,G230L,2
10015210,1002994,4.4,2
10005963,1001020,"2.0 TDI 다이나믹",2
10017048,1002737,"50 TDI 콰트로",2
10010947,1001117,"1.6 프레스티지",2
10005434,1001286,"3톤이상",2
10012486,1001771,"1.8 TURBO",2
10017435,1003491,"40 TDI 콰트로 S-라인",2
10015694,1003051,"1.0톤/롱바디",2
10004249,1001072,"2.0 R20",2
10007978,1001702,"디럭스",2
10015873,1003126,"1.0톤/킹캡/초장축",2
10015672,1003050,"1.0톤/더블캡/장축",2
10011997,1001675,"디젤 1.6 4WD",2
10007554,1001655,"압축진개차",2
10015546,1003047,"2.3 컨버터블",2
10015870,1003125,"1.0톤/킹캡/초장축/표준형",2
10013994,1002819,"3.3 GDI AWD",2
10004645,1001145,"2.0 럭셔리",2
10015282,1003010,"4.0 V8 GT S",2
10014435,1002336,"2.0 GT 하이브리드",2
10015443,1003036,"2.5 4WD 하이브리드",2
10007557,1001656,"1.4 터보 LTZ",2
10015423,1003033,"xDrive 30 M 스포츠",2
10015356,1003027,"가솔린 2.5T 2WD 노블레스",2
10015852,1003124,"1.0톤/킹캡/초장축/(CRDi)",2
10012472,1001789,"1.6 FSI",2
10017260,1003123,"1.0톤/더블캡",2
10004403,1001290,GLX,2
10004084,1000959,"2.0 GDI MODERN",2
10007551,1001654,"3.5톤",2
10015290,1003013,"롱레인지 2WD",2
10003956,1000921,"2.0 9인",2
10015529,1003046,"HEV 7인승 노블레스",2
10008393,1001760,"3.0 TDI 콰트로 다이나믹",2
10004610,1001032,"2.4 GDI 럭셔리",2
10005440,1001084,"5톤이상",2
10015841,1003122,"1.0톤/킹캡/초장축/표준형",2
10015838,1003121,"슈퍼캡/초장축",2
10003513,1001373,"Q270 DELUXE",2
10009040,1001931,"세단 S",2
10007922,1001696,"S 350 d 4MATIC",2
10007088,1001542,"2.0 모던",2
10015549,1002683,"A200 해치백",2
10011988,1002576,"1.6 디젤 2WD",2
10015309,1003018,"4WD 가솔린 1.5",2
10015832,1003120,"더블캡",2
10003889,1001059,"2WD(2.0VGT) MLX",2
10009383,1001169,"1.4VVT 스마트",2
10015624,1003068,"슈퍼캡/장축",2
10017347,1003500,"롱 레인지",2
10016588,1003021,"2.0 하이브리드 투어링 2WD",2
10010507,1002298,"2.0 HDI",2
10005241,1001144,BS106,2
10015004,1002957,"4밴 (4인승)",2
10014483,1002898,"조이",2
10014255,1002870,M50,2
10015509,1003045,"가솔린 1.6 터보 2WD 프리미엄",2
10013576,1001739,"xDrive 30d SAC 에디션",2
10010045,1002197,"3.6 리미티드",2
10007997,1001705,"GT EXCLUSIVE",2
10004195,1001173,"디럭스",2
10015315,1003022,"가솔린 2.5T 2WD 프레스티지",2
10004305,1000846,"아멕스",2
10012358,1001558,"승용밴 베이직",2
10015731,1003053,"1.0톤/롱바디",2
10015617,1003066,"1.0톤/킹캡/장축/(CRDi)",2
10003476,1001000,"2.4 ",2
10016132,1003110,"더블캡",2
10004440,1001083,"2.0 LPG",2
10015499,1003044,"HEV 1.6 2WD 프리미엄",2
10014904,1000955,"GL350 CDI 4Matic",2
10005442,1001177,"4.5톤",2
10004005,1001370,"12인승 왜건",2
10003830,1001309,"G330 프리미엄",2
10015630,1003070,"1.2톤/킹캡/초장축",2
10007119,1001554,"GT 320D 럭셔리",2
10017252,1003302,"더블캡",2
10008326,1001754,"2.0 TFSI",2
10015784,1003102,"1.0톤/슈퍼캡/초장축",2
10011277,1001719,"420i 쿠페 럭셔리",2
10009442,1002022,"3.3 GDI 이그제큐티브",2
10017415,1003038,"3.5 블랙에디션",2
10013600,1002743,"40 TDI 콰트로 프리미엄",2
10007236,1001579,"2.5 SE",2
10005247,1001294,BH116,2
10013934,1002810,"디젤 2.2 4WD",2
10012741,1002579,"1.6 터보 스포츠",2
10007974,1001701,"스탠다드",2
10004619,1001146,"2.4 GDI 프레스티지",2
10005486,1001092,"1.4 터보 LT",2
10015116,1002983,"3.0 TDI 콰트로",2
10012059,1002587,"노블레스",2
10004629,1000962,"2.0 디럭스",2
10005237,1001031,BF105,2
10015781,1003101,"1.0톤/슈퍼캡/초장축/스마트스페셜",2
10013854,1002798,"2.5T 가솔린 AWD",2
10015819,1003200,"1톤/4WD/3WAY형",2
10003810,1000888,"BH330 GRAND",2
10017313,1003492,"SE All4 페이버드",2
10015724,1003099,"1.0톤/더블캡/초장축",2
10015751,1003054,"1.0톤/(터보)",2
10003704,1001404,"2.0 GDI 프리미엄",2
10015341,1003025,E7,2
10008242,1001732,"xDrive 20d 하이",2
10008620,1001799,"2.7 블랙에디션",2
10015345,1003026,"가솔린 3.5T AWD",2
10009449,1002023,"1.6 GDI 노블레스",2
10013772,1001714,"118i 쿠페",2
10015722,1003098,"1.0톤/킹캡/초장축/2WD",2
10005262,1001246,LS,2
10003605,1001412,"N20 럭셔리",2
10015464,1003042,"가솔린 7인승 아웃도어",2
10005122,1001064,"2WD AX7",2
10010919,1002407,"2.5 T",2
10008518,1001786,"1.8 GL",2
10009879,1002151,5.3,2
10016579,1002961,"eDrive 50 M 스포츠",2
10013140,1002688,"스마트",2
10010126,1002210,"2WD VIP",2
10015462,1003040,"퍼스트 에디션",2
10017317,1003493,"40 TFSI 콰트로 S-라인",2
10009568,1002047,"730d xDrive 프리미엄",2
10014428,1002548,"1.2 Pure Tech GT Pack",2
10013263,1001718,"쿠페 M 퍼포먼스 스티어링 휠 에디션",2
10016799,1003056,"1.3톤/킹캡/초장축",2
10003841,1000958,"2.0 VVT",2
10003589,1001292,2.0,2
10005275,1001409,"파워텍",2
10009555,1002046,"1.6 GDI 트렌디",2
10009778,1002122,5.7,2
10005261,1001168,"31인",2
10014925,1002928,"319 CDi 유로코치 화이트",2
10005324,1000998,"2.5톤",2
10015585,1003057,"1.0톤/킹캡/초장축/(CRDi)",2
10003981,1000841,"7인(CRDi)",2
10013166,1002334,"4.7 MC",2
10014169,1002854,"15인승 어린이 보호차량",2
10011770,1002549,"디젤 1.5 LE",2
10014030,1002821,"GLA250 4MATIC",2
10011333,1002036,"2.4 GDI 리미티드",2
10017554,1003539," 220 그란쿠페 M 스포츠",2
10005430,1001181,"9.5톤이상",2
10016568,1001295,"가솔린 4WD 2.4 T-GDI ",2
10017492,1003039,"GLC300 4MATIC 아방가르드",2
10017370,1003059,"1.2톤",2
10004718,1001374,"가솔린 JAZZ",2
10007228,1001578,"2.0 PE",2
10008265,1001735,"xDrive 35d",2
10005232,1001089,"30~35인",2
10004973,1001293,"2.0 PE",2
10015610,1003063,"디럭스",2
10015440,1003035,"노블레스",2
10016366,1003065,"1.0톤/킹캡/장축/4WD/3WAY형",2
10017325,1003495,"S 페이버드",2
10004862,1000862,DELUXE,2
10005224,1001088,"기타",2
10015419,1003032,"1.2 Pure Tech GT",2
10006917,1001028,"3.0 D",2
10015406,1003031,"1.6 2WD 프레스티지",2
10005308,1001183,"라이노4.5톤",2
10015254,1003003,"밴",2
10016978,1003434,3.0,2
10009838,1002136,"컨버터블",2
10014759,1002295,"1.6 HDI Excellent",2
10015376,1002959,"P360 SE 다이나믹",2
10014352,1002643,"5.2 V10 퍼포먼스 쿠페 ",2
10009422,1002021,"2.0 GDi PYL",2
10014746,1002937,"F 스포츠",2
10016244,1003205,"1.2톤",2
10015014,1002230,"ALL4 언테임드 에디션",2
10015035,1002963,"스탠다드",2
10014915,1001695,S320L,2
10003528,1001397,"HG240 MODERN",2
10015814,1003197,LPG,2
10014877,1002947,"익스클루시브",2
10003862,1000819,"디젤 2WD 300VX",2
10007943,1001697,B160,2
10005414,1001052,"5톤이상",2
10005256,1000851,441,2
10016253,1003213,"1.25톤",2
10007422,1001623,"디젤 2WD LE",2
10015158,1002986,"45 TFSI 콰트로 쿠페",2
10005180,1001152,"2WD RD500",2
10012103,1002561,"가솔린 7인승 하이리무진 프레지던트",2
10014520,1002909,"3.0 D350 LWB",2
10005972,1001027,"2.0 TFSI 로드스터",2
10004212,1001093,"2인승 LPG",2
10014146,1002755,"50 콰트로 스포트백",2
10013369,1002720,"2WD 1.2 터보 가솔린 LT",2
10012724,1002636,"xDrive 30d 디자인 퓨어 엑셀런스 7인승",2
10005655,1000949,"CLS 350",2
10016019,1003217,DLX,2
10016028,1003218,"STD 롱카고",2
10017587,1002634,"320i 온라인 익스클루시브",2
10016033,1003219,LPG,2
10017189,1002569,"T8 AWD 울트라 브라이트",20
10013913,1002627,"2.5 터보 N Line 인스퍼레이션",20
10012384,1001363,"N20 LPG 디럭스",20
10012416,1001022,"CLS 63 S AMG 4MATIC",20
10015493,1002635,"xDrive 50e M 스포츠",20
10014579,1001760,"50 TFSI 콰트로 컴포트",20
10015520,1003045,"디젤 2.0 2WD 인스퍼레이션",20
10015209,1002648,"2.0 LPe le 2WD 밴",20
10013825,1002777,"디젤 2.0 4WD 프리미엄",20
10009521,1002036,"3.0 LPI 프레스티지",20
10012127,1002505,"4WD 디젤 기어Ⅱ",20
10013082,1001691,"C220 d 4MATIC 쿠페",20
10015771,1003054,"1.0톤/더블캡/장축",20
10007931,1001696,"S 500L",20
10005691,1000954,"G63 AMG",20
10007407,1001621,"1.7 디젤 프레스티지",20
10015478,1003042,"디젤 9인승 시그니처",20
10013805,1002753,"가솔린 2.5T 4WD 프리미엄",20
10013544,1002702,"LPI 3.0 고급형 VIP패키지(택시형)",20
10013612,1002768,"디젤 9인승 프레스티지",20
10013129,1002617,"2.9 4 E-HEV 스포츠 투리스모",20
10013866,1002520,"4WD 익스트림 스포츠",20
10011897,1002449,"E300 4MATIC 익스클루시브인텔리전트드라이",20
10004434,1001406,"디젤 11인승 하이리무진",20
10017474,1003522,"디젤 M7 2WD",20
10008044,1001707,"320d XDRIVE 세단",20
10013788,1002615,"2.0 오버랜드 4도어 사지 에디션",20
10011231,1002462,"3.0 디젤 AWD 프리미엄",20
10011875,1002562,"휠체어 리프트/슬로프",20
10010042,1002197,"3.0 디젤 오버랜드 서밋",20
10010021,1002196,"3.6 스포츠 사하라 4DR",20
10009390,1001169,"1.6GDI 블루세이버",20
10011799,1002336,"3.0 디젤 그란스포츠",20
10016059,1003220,"1톤/킹캡/초장축/(LPG)",20
10015718,1003051,"4WD/더블캡/장축",20
10007768,1001689,"C32 AMG",20
10011460,1002047,"740Li xDrive M SPORT 스포츠",20
10003904,1001059,"2WD(2.0 E-VGT) SLX",20
10011290,1002475,"LPI 스타일",20
10012230,1002602,"320d 투어링 M 퍼포먼스 에디션",20
10012866,1002457,"3.0 LPI 익스클루시브 스페셜(장애인용)",20
10008017,1001706,"325XI 세단",20
10017300,1003027,"디젤 2.2 4WD 시그니처 X-라인",20
10007785,1001690,"C250 AMG 패키지",20
10008380,1001758,"6.0 W12 콰트로",20
10011273,1001020,"스포트백 E-트론",20
10011973,1001397,"LPG HG300 택시형",20
10011581,1002516,"4WD 2.0 익스트림",20
10004371,1001226,"4WD 2.2 LX",20
10014039,1002823,"430i 컨버터블 퍼스트 에디션",20
10014100,1002485,"530i 럭셔리",20
10010855,1002395,"3.2 이그제큐티브",20
10007904,1001695,"S500L 4MATIC 데지뇨 에디션",20
10016983,1001647,"경찰용",20
10011643,1001719,"428i 쿠페 스포츠",20
10008575,1001792,"카레라 4S 카브리올레",20
10007640,1001665,"35 TDI 콰트로",20
10011836,1000902,"2.2 4WD 어드벤처 패키지",20
10007863,1001693,"E350 쿠페",20
10016967,1002812,"구급차",20
10011678,1002045,"AMG GLC 43 4MATIC",20
10013051,1002621,"4WD 가솔린 1.5 C5 프라임",20
10010166,1002214,"5도어 기본형",20
10005490,1000879,"2.0 디젤 LTZ",20
10014113,1002533,"3.0 P360 R-다이나믹 SE",20
10014253,1001620,"2.0 LPI 장애인용",20
10007884,1001694,"S55 AMG",20
10014633,1002570,"xDrive 30e M 스포츠 프로",20
10011272,1001463,"LPI 스타일",20
10012337,1001293,"2.0 LPLi LE S/S 컬렉션",20
10012612,1001754,"40 TFSI",20
10015031,1002213,"레솔루트 에디션",20
10015149,1002992,"T8 AWD 엑설런스",20
10012717,1002634,"320d xDrive M 스포츠",20
10012108,1002561,"디젤 9인승 하이리무진 프레스티지",20
10013798,1002734,"가솔린 2.5T 4WD 그래비티",20
10008119,1001710,"525d xDrive 투어링",20
10012432,1000954,"G63 AMG 에디션 463",21
10007786,1001690,C280,21
10014719,1002569,"T8 AWD 얼티메이트 브라이트",21
10014098,1002627,"2.5 터보 N Line 더 블랙",21
10011336,1002036,"3.0 LPI 디럭스",21
10015479,1003042,"디젤 9인승 그래비티",21
10009398,1001169,"위트 1.6GDI 프리미엄",21
10008045,1001707,"320d 쿠페",21
10008180,1001719,"428i 쿠페 M 스포츠",21
10014438,1002336,"3.8 트로페오",21
10011291,1002475,"LPI 모던",21
10014618,1002823,"430i 컨버터블 M 스포트",21
10017092,1002635,"xDrive 50e M 스포츠 스페셜 에디션",21
10015017,1001647,"수출용",21
10013155,1002047,"740Li xDrive 디자인 퓨어 엑설런스",21
10014178,1002812,"캠핑카",21
10004980,1001293,"2.0 LPLi RE",21
10011889,1001710,"525d xDrive M 스포츠 투어링",21
10011940,1002485,"530i 럭셔리 플러스",21
10007905,1001695,"S500L 블루이피션시 4MATIC",21
10005669,1001022,"CLS 63 AMG S",21
10011679,1002045,"AMG GLC 43 4MATIC 쿠페",21
10011583,1002516,"4WD 2.0 어드벤처",21
10012109,1002561,"디젤 9인승 하이리무진프레스티지하이루프",21
10016060,1003220,"1톤/표준캡/장축",21
10015521,1003045,"디젤 2.0 2WD N Line 프리미엄",21
10015150,1002992,"T8 AWD 인스크립션",21
10003905,1001059,"2WD(2.2 E-VGT) MLX",21
10013008,1002602,"320d 투어링 M 스포츠 쉐도우",21
10014323,1001694,"S55L AMG",21
10007408,1001621,"1.7 디젤 노블레스",21
10016920,1002617,"2.9 4S E-HEV",21
10017475,1003522,"디젤 M7 4WD",21
10008018,1001706,"328I 세단",21
10007769,1001689,"C36 AMG",21
10013514,1002214,"5도어 HIGH",21
10012385,1001363,"N20 LPG 럭셔리",21
10014931,1001665,"40 TDI 콰트로",21
10007864,1001693,"E350 카브리올레",21
10012100,1002457,"3.0 LPI 택시형",21
10005502,1000902,"2.4 2WD 가솔린 LT",21
10011454,1002505,"4WD 디젤 기어 에디션",21
10013806,1002753,"가솔린 2.5T 4WD 프리미엄 초이스",21
10007932,1001696,"S 500L 에디션1",21
10017137,1002196,"3.6 사하라 4DR",21
10015773,1003054,"4WD/더블캡/장축",21
10011874,1002562,"냉동차",21
10008414,1001760,"50 TFSI 콰트로 다이나믹",21
10013052,1002621,"4WD 가솔린 1.5 C5 플러스",21
10003645,1001463,"LPI 프리미엄",21
10014807,1002634,320e,21
10013826,1002777,"디젤 2.0 4WD 인스퍼레이션",21
10014074,1002615,"2.0 오버랜드 4도어 80주년 에디션",21
10012266,1001620,"2.0 LPI 디럭스",21
10015788,1002648,"퀘스트 2.0 LPe 2WD",21
10011232,1002462,"3.0 디젤 AWD 럭셔리",21
10008381,1001758,"6.0 W12 리무진",21
10013280,1002702,"LPI 3.0 프리미엄(장애인)",21
10011622,1002520,"4WD 아웃도어 에디션",21
10008578,1001792,"카레라 4 GTS",21
10010856,1002395,"4.4 AWD",21
10007091,1001406,"디젤 11인승 아웃도어",21
10014272,1002213,"레트로 블루 에디션",21
10015691,1003051,"4WD/더블캡/장축/1.0톤/CRDi",21
10005491,1000879,"2.0 디젤 스페셜 컬러 에디션",21
10011464,1002449,"E300 4MATIC AMG LINE",21
10013384,1001691,"C220 d 4MATIC 아방가르드",21
10014190,1002197,"3.0 디젤 25TH 스페셜 에디션",21
10008346,1001754,"40 TFSI 콰트로",21
10013613,1002768,"디젤 9인승 노블레스",21
10004372,1001226,"4WD 2.2 TLX",21
10011292,1002475,"LPI 프리미엄",22
10014346,1002634,"320e 럭셔리",22
10003742,1001169,"위트 1.6GDI 탑",22
10007802,1001691,"C250 d 4MATIC",22
10008046,1001707,"320d 투어링",22
10013750,1002569,"T8 AWD R-디자인",22
10007770,1001689,C43,22
10017145,1002812,"휠체어 리프트/슬로프",22
10013715,1002449,"E350 4MATIC 아방가르드",22
10003906,1001059,"2WD(2.2 E-VGT) SLX",22
10004373,1001226,"4WD 2.2 리미티드",22
10012129,1002505,"4WD 디젤 기어 플러스",22
10012110,1002561,"디젤 9인승 하이리무진 노블레스 스페셜",22
10010951,1000954,"G65 AMG",22
10011246,1001406,"어린이보호차량",22
10015522,1003045,"디젤 2.0 2WD N Line 인스퍼레이션",22
10008343,1001754,"45 TDI 콰트로",22
10008579,1001792,"카레라 4 GTS 카브리올레",22
10016956,1002992,"T8 AWD 얼티메이트",22
10010857,1002395,"4.4 AWD 이그제큐티브",22
10008181,1001719,"428i 컨버터블 M 스포츠",22
10007885,1001694,"S63 AMG",22
10012882,1002627,"LPI 스마트",22
10007907,1001695,S550,22
10012037,1002036,"3.0 LPI 노블레스",22
10007933,1001696,"S 500L 4MATIC",22
10017476,1003522,"디젤 M7 그랜드 스타일 2WD",22
10003646,1001463,"LPI 프리미엄 스페셜",22
10016061,1003220,"1톤/표준캡/장축/4WD",22
10012970,1002196,"3.6 윈터 에디션",22
10014555,1002777,"디젤 2.0 4WD 어드벤처",22
10007858,1001693,"E400 4MATIC",22
10011964,1000879,"2.0 디젤 플래티넘 패키지",22
10014819,1001620,"2.4 수출형",22
10012857,1002213,"파인 레더 에디션",22
10013807,1002753,"가솔린 2.5T 4WD 프레스티지",22
10011617,1002520,"4WD 어드벤처 60TH 에디션",22
10013572,1002045,"AMG GLC 63 4MATIC+",22
10011233,1002462,"3.0 디젤 AWD 스포츠",22
10015719,1003051,"4WD/킹캡/장축",22
10013297,1002047,740i,22
10012338,1001293,"2.0 LPLi RE S/S 컬렉션",22
10015770,1003054,"4WD/더블캡",22
10011588,1002516,"4WD 2.2 KX",22
10016661,1002562,"이동업무차",22
10016971,1002214,"5도어 레솔루트 에디션",22
10014594,1001758,"60 TFSI 콰트로",22
10011345,1002485,"530i M 스포츠",22
10015483,1003042,"디젤 9인승 하이리무진 시그니처",22
10014411,1002615,"2.0 오버랜드 4도어 파워탑 80주년 에디션",22
10008120,1001710,528i,22
10007641,1001665,"40 TFSI 콰트로",22
10014406,1002197,"3.0 디젤 75TH 스페셜 에디션",22
10014614,1002602,"320d GT 프리미엄 패키지",22
10013614,1002768,"디젤 9인승 시그니처",22
10012263,1001621,"1.7 디젤 노블레스 스페셜",22
10008415,1001760,"50 TFSI 콰트로 프레스티지",22
10008019,1001706,"328CI 쿠페",22
10016921,1002617,"2.9 4S E-HEV 이그제큐티브",22
10014040,1002823,"M440i xDrive 쿠페",22
10013053,1002621,"4WD 가솔린 1.5 C7",22
10013281,1002702,"LPI 3.0 익스클루시브(장애인)",22
10007787,1001690,"C280 4MATIC",22
10014231,1001363,"N20 LPG (장애인용)",22
10008121,1001710,"528i 세단",23
10011346,1002485,"530i M 스포츠 플러스",23
10007805,1001691,"C250 블루텍 4MATIC",23
10017477,1003522,"디젤 M7 그랜드 스타일 4WD",23
10009399,1001169,"위트 1.6GDI 블루세이버",23
10015523,1003045,"디젤 2.0 4WD 모던",23
10007771,1001689,"C55 AMG",23
10011965,1000879,"2.0 디젤 캠퍼 패키지",23
10011589,1002516,"4WD 2.2 RX",23
10015777,1003054,"4WD/슈퍼캡/장축",23
10007866,1001693,"E400 카브리올레",23
10014557,1002777,"디젤 2.0 4WD N Line 프리미엄",23
10012433,1000954,"G65 AMG 에디션 463",23
10015054,1002753,"가솔린 2.5T 4WD 프레스티지 초이스",23
10012883,1002627,"LPI 모던",23
10015697,1003051,"4WD/킹캡/장축/1.0톤/CRDi",23
10014164,1002214,"5도어 클래식 런치팩",23
10008047,1001707,"320d 투어링 M 스포츠",23
10012971,1002196,"3.6 JK 에디션",23
10015484,1003042,"디젤 하이리무진(특장업체)",23
10011644,1001719,"428i 컨버터블 비전 100",23
10015059,1002520,"4WD 어린이보호차",23
10012697,1002462,"3.0 디젤 AWD 그란 루쏘",23
10016062,1003220,"1톤/표준캡/초장축",23
10014612,1002602,"320d GT M 스포트 패키지",23
10011122,1001621,"1.7 디젤 시그니처",23
10003907,1001059,"4WD(2.2 E-VGT) CLX",23
10013865,1002047,"740i 디자인 퓨어 엑설런스",23
10014912,1001696,"S 550",23
10007886,1001694,"S65 AMG",23
10007696,1001406,"캠핑카",23
10011293,1002475,"LPI 스마트 (장애인용)",23
10007908,1001695,"S550 AMG",23
10014414,1002615,"2.0 오버랜드 4xe 4도어",23
10016824,1002621,"4WD 가솔린 1.5 C7 블랙에디션",23
10012943,1002213,"60주년 에디션",23
10008344,1001754,"50 TDI 콰트로",23
10014215,1001463,"LPI 스마트 (장애인용)",23
10012458,1002617,"4.0 터보 S E-HEV",23
10015034,1002449,"E350 4MATIC 익스클루시브",23
10014041,1002823,"M440i xDrive 쿠페 M 스포츠 퍼포먼스",23
10012111,1002561,"디젤 9인승 아웃도어 프레스티지",23
10014022,1002768,"디젤 9인승 하이리무진 시그니처",23
10012387,1001363,"N20 LPG (렌트카)",23
10014198,1002562,"픽업",23
10017155,1002634,"320e 럭셔리 이노베이션팩",23
10007788,1001690,C300,23
10014595,1001758,"6.3 FSI 콰트로",23
10008020,1001706,"328CI 컨버터블",23
10008580,1001792,"터보",23
10004384,1001226,"4WD 2.2 트랜디",23
10013573,1002045,"AMG GLC 63 S 4MATIC+ 쿠페",23
10004981,1001293,"2.0 LPLi 고급형",23
10008416,1001760,"50 TFSI 콰트로 프리미엄",23
10015152,1002992,"T8 AWD 얼티메이트 브라이트",23
10015720,1003051,"4WD/표준캡/장축",24
10008122,1001710,"528i 세단 스포츠",24
10014124,1002213,"피카딜리 에디션",24
10014279,1002214,"5도어 클래식",24
10008581,1001792,"터보 카브리올레",24
10014808,1001719,"428i xDrive 쿠페",24
10012459,1002617,"4.0 터보 S E-HEV 이그제큐티브",24
10008417,1001760,"50 TFSI 콰트로 스포츠",24
10007789,1001690,"C300 4MATIC",24
10010949,1002196,"3.6 75TH 스페셜 에디션",24
10008347,1001754,"50 TFSI 콰트로",24
10011774,1001406,"이지무브",24
10015488,1003042,"가솔린 하이리무진(특장업체)",24
10015214,1002768,"디젤 9인승 하이리무진 (특장업체)",24
10007865,1001693,"E400 쿠페",24
10015776,1003054,"4WD/슈퍼캡",24
10009392,1001169,"1.6VGT 스타일",24
10013776,1002621,"4WD 가솔린 1.5 R-플러스",24
10004385,1001226,"4WD 2.2 프레스티지",24
10013415,1002449,"E350 4MATIC AMG LINE",24
10008021,1001706,"330I 세단",24
10016063,1003220,4WD,24
10012256,1001691,"C300 4MATIC",24
10007398,1001621,"2.0 LPI 럭셔리",24
10014170,1002047,"740I M 스포츠 패키지 ",24
10014415,1002615,"2.0 오버랜드 4xe 4도어 파워 탑",24
10017478,1003522,"디젤 M7 그랜드 스타일 롱 데크 4WD",24
10017169,1002823,"M440i xDrive 쿠페 온라인 익스클루시브",24
10015213,1002520,"캠핑카",24
10007888,1001694,"S67 BRABUS",24
10011858,1002561,"디젤 11인승 디럭스",24
10011590,1002516,"4WD 2.2 DX",24
10014216,1001463,"LPI 모던 (장애인용)",24
10012884,1002627,"LPI 프리미엄",24
10017141,1000954,"G65 AMG 에디션 463 LUMMA CLR G770",24
10008048,1001707,"320d 투어링 M 퍼포먼스 에디션",24
10007934,1001696,"S 550L",24
10004982,1001293,"2.0 LPLi 최고급형",24
10014082,1002485,"530i xDrive 럭셔리",24
10008382,1001758,"6.3 FSI 콰트로 LWB",24
10003908,1001059,"4WD(2.2 E-VGT) MLX",24
10013808,1002753,"가솔린 2.5T 4WD 캘리그래피",24
10014613,1002602,"320d GT M 스포트 패키지 xDrive ",24
10007909,1001695,"S550 4MATIC",24
10012698,1002462,"3.0 디젤 AWD 그란 스포츠",24
10016957,1002992,"T8 AWD 울트라",24
10014347,1002634,"320e M 스포츠",24
10012386,1001363,"N20 LPG (택시형)",24
10015524,1003045,"디젤 2.0 4WD 프리미엄",24
10014559,1002777,"디젤 2.0 4WD N Line 인스퍼레이션",24
10011294,1002475,"LPI 모던 (장애인용)",24
10013464,1002627,"LPI 프리미엄 패밀리",25
10017362,1003042,"휠체어 리프트",25
10007399,1001621,"2.0 LPI 프레스티지",25
10016064,1003220,"더블캡",25
10014811,1001719,"430i 그란쿠페",25
10007790,1001690,C350,25
10008123,1001710,"528i 럭셔리",25
10013216,1001363,"3.3 수출형",25
10012029,1001169,"1.6VGT 스타일 플러스",25
10015293,1001691,"C300 4MATIC 쿠페",25
10008049,1001707,"320d XDRIVE 투어링",25
10012231,1002602,"320d xDRIVE 투어링",25
10014891,1001693,"E400 하이브리드",25
10014626,1002047,"745e 디자인 퓨어 엑설런스",25
10014213,1002475,"LPI 스타일 (택시형)",25
10008383,1001758,"50 TDI 콰트로",25
10011591,1002516,"4WD 2.2 익스트림",25
10008582,1001792,"터보 S",25
10011941,1002485,"530i xDrive 럭셔리 플러스",25
10015703,1003051,"4WD/표준캡/장축/1.0톤/CRDi",25
10007935,1001696,"S 550L 4MATIC",25
10007910,1001695,S550L,25
10013615,1002768,"디젤 11인승 프레스티지",25
10004386,1001226,"4WD 2.2 노블레스",25
10003909,1001059,"4WD(2.2 E-VGT) SLX",25
10015779,1003054,"4WD/일반캡/장축",25
10017198,1001406,"휠체어리프트/슬로프",25
10017479,1003522,"디젤 M7 롱 데크 4WD",25
10008403,1001760,"55 TDI 콰트로",25
10008345,1001754,"55 TDI 콰트로",25
10015525,1003045,"디젤 2.0 4WD 인스퍼레이션",25
10009451,1001293,"1.5 디젤D",25
10014339,1002823,"M440i xDrive 컨버터블",25
10017196,1001694,300SEL,25
10010025,1002196,"3.8 루비콘 2DR",25
10014217,1001463,"LPI 스타일 (택시형)",25
10013057,1002621,"4WD 디젤 1.6 C3",25
10013861,1002449,"E350 4MATIC AMG line 에디션",25
10010167,1002214,"5도어 슈프림 56",25
10011859,1002561,"디젤 11인승 프레스티지",25
10008022,1001706,"330CI 쿠페",25
10013630,1002213,"퓨어 버건디 에디션",25
10017154,1002634,"320e M스포츠 퍼포먼스팩",25
10014580,1001760,"55 TDI 콰트로 컴포트",26
10007867,1001693,"E550 카브리올레",26
10013511,1002213,"로즈우드 에디션",26
10007911,1001695,"S550L 4MATIC",26
10017480,1003522,"디젤 M9 2WD",26
10012502,1001710,"528i 럭셔리 플러스",26
10008384,1001758,"50 TDI 콰트로 LWB",26
10011465,1002449,"E400 4MATIC 익스클루시브",26
10014212,1002475,"LPI 모던 (택시형)",26
10008583,1001792,"터보 S 카브리올레",26
10012440,1001754,"아반트 35 TDI 콰트로",26
10013465,1002627,"LPI 프리미엄 밀레니얼",26
10014482,1002047," 745e i퍼포먼스 디자인 퓨어 엑설런스",26
10015526,1003045,"디젤 2.0 4WD N Line 프리미엄",26
10012030,1001169,"1.6VGT 밸류 플러스",26
10007791,1001690,"C350 4MATIC",26
10012248,1001691,C300,26
10011645,1001719,"430i 쿠페 M 스포츠",26
10014319,1001696,"S 550 4MATIC 쿠페",26
10007400,1001621,"2.0 LPI 노블레스",26
10011369,1002214,"5도어 MC20",26
10014218,1001463,"LPI 모던 (택시형)",26
10012333,1002516,"4WD 2.2 삼바 에디션",26
10011347,1002485,"530i xDrive M 스포츠",26
10017186,1001694,560,26
10014793,1001707,323i,26
10008023,1001706,"330CI 컨버터블",26
10012232,1002602,"320d xDRIVE 투어링 M 스포츠",26
10014804,1002634,330i,26
10012112,1002561,"디젤 11인승 하이리무진 프레스티지",26
10014101,1002768,"디젤 11인승 노블레스",26
10013058,1002621,"4WD 디젤 1.6 C5",26
10016065,1003220,"더블캡/(LPG)",26
10015778,1003054,"4WD/일반캡",26
10009452,1001293,"1.5 디젤D 스페셜",26
10010026,1002196,"3.8 루비콘 4DR",26
10014214,1002475,"LPI 프리미엄 (택시형)",27
10010028,1002196,"3.8 사하라 2DR",27
10007887,1001694,"BRABUS B11",27
10014219,1001463,"LPI 프리미엄 (택시형)",27
10014827,1002047,"745e i퍼포먼스 M스포츠",27
10014000,1002627,"LPI 프리미엄 플러스",27
10012945,1002213,"에스프레소 에디션",27
10008584,1001792,"타르가",27
10011370,1002214,"5도어 세븐 에디션",27
10016066,1003220,"더블캡/4WD",27
10012441,1001754,"아반트 35 TDI 콰트로 스포츠",27
10008404,1001760,"55 TDI 콰트로 다이나믹",27
10011982,1001621,"2.0 LPI 노블레스 스페셜",27
10015766,1003054,4WD,27
10017481,1003522,"디젤 M9 4WD",27
10013616,1002768,"디젤 11인승 시그니처",27
10014259,1001691,"C300e 4MATIC AMG Line",27
10012233,1002602,325d,27
10008024,1001706,"330XI 세단",27
10008050,1001707,"325i 세단",27
10015527,1003045,"디젤 2.0 4WD N Line 인스퍼레이션",27
10011348,1002485,"530i xDrive M 스포츠 플러스",27
10016822,1002621,"4WD 디젤 1.6 C5 플러스",27
10014581,1001758,"50 TDI 콰트로 NWB",27
10009393,1001169,"1.6VGT 스마트",27
10011375,1001710,"528i M 스포츠",27
10012708,1002634,"330i 럭셔리",27
10011467,1002449,"E400 4MATIC 쿠페",27
10011646,1001719,"430i 컨버터블 M 스포츠",27
10007912,1001695,"S550L 블루이피션시",27
10013859,1002561,"디젤 어린이 보호차 9인승",27
10012185,1001696,"S 560L",27
10007859,1001693,"E63 AMG",27
10007792,1001690,"C350 CGI 블루이피션시",27
10014327,1002768,"휠체어 리프트",28
10013326,1002449,"E450 4MATIC 익스클루시브",28
10013079,1001691,C350e,28
10017483,1003522,"디젤 M9 그랜드 스타일 4WD",28
10013156,1002047,"745e sDrive 디자인 퓨어 엑설런스",28
10008585,1001792,"타르가 4",28
10008405,1001760,"55 TDI 콰트로 프레스티지",28
10012201,1001758,"50 TDI 콰트로 디자인 LWB",28
10010029,1002196,"3.8 사하라 4DR",28
10013013,1001719,"430i 컨버터블 럭셔리",28
10013413,1002561,"디젤 어린이 보호차 11인승",28
10012709,1002634,"330i M 스포츠",28
10012031,1001169,"1.6VGT 스마트 스페셜",28
10015767,1003054,"개별화물",28
10012442,1001754,"아반트 35 TDI 콰트로 프리미엄",28
10014798,1001706,320d,28
10008051,1001707,"325i 세단 스포츠",28
10013922,1002214,"5도어 파인레더 에디션",28
10010157,1002213,"5도어 기본형",28
10011862,1001696,"S 560L 4MATIC",28
10014574,1002475,"LPI 경제 (택시형)",28
10007913,1001695,"S550L 블루이피션시 4MATIC",28
10011243,1001710,"528i M 에어로 다이나믹",28
10011948,1002485,"530d 럭셔리 플러스",28
10016067,1003220,"더블캡/4WD/(LPG)",28
10014251,1001621,"2.0 LPI 택시형",28
10012234,1002602,"325d 스포츠",28
10012885,1002627,"LPI 인스퍼레이션",28
10007860,1001693,"E63 AMG 4MATIC",28
10013059,1002621,"4WD 디젤 1.6 C7",28
10007793,1001690,"C63 AMG 세단",28
10012264,1001621,"2.0 LPI 디럭스",29
10007914,1001695,S550V,29
10017484,1003522,"디젤 M9 그랜드 스타일 롱 데크 4WD",29
10007794,1001690,"C63 AMG 쿠페",29
10012212,1002602,328i,29
10013096,1002449,"E450 4MATIC 쿠페",29
10010024,1002196,"3.8 스포츠",29
10011244,1001710,"528i M 에어로다이나믹 스페셜 에디션",29
10013778,1002621,"4WD 디젤 1.6 R-플러스",29
10013414,1002561,"이지무브",29
10011351,1002485,"530d M 스포츠",29
10008586,1001792,"타르가 4S",29
10014514,1002475,"LPI 고급 (택시형)",29
10012443,1001754,"아반트 35 TDI 콰트로 프리미엄 TECH",29
10012678,1002627,"LPI 모던 (장애인)",29
10012710,1002634,"330i xDrive 럭셔리",29
10008406,1001760,"55 TDI 콰트로 익스클루시브",29
10011814,1001691,"C43 AMG 4MATIC",29
10013157,1002047,"745e sDrive M 스포츠",29
10014357,1001719,"435i 쿠페 M 스포츠",29
10013953,1001696,"S 560 카브리올레",29
10014127,1002214,"5도어 피카딜리 에디션",29
10008052,1001707,"325i 쿠페",29
10009394,1001169,"1.6VGT 모던",29
10010158,1002213,"5도어 Mid",29
10014593,1001758,"50 TFSI 콰트로",29
10015041,1002768,"캠핑카",29
10013756,1002681,"B5 모멘텀",3
10016877,1003346,"더블캡/초장축",3
10016207,1003163,"1.0톤/킹캡/초장축/(TCi)",3
10017547,1003496,"젠 ZE 에디션",3
10004282,1000873,"2.0 LX",3
10014665,1002930,"1.5 쿠퍼 클래식 런치팩",3
10015198,1000902,"2.0 2WD LS 프리미엄",3
10009127,1001949,4.0,3
10006915,1001028,2.0,3
10017195,1003476,"콰트로 프리미엄",3
10011204,1002236,"3.0 TDV6 SE",3
10014326,1002718,"xDrive 40i M 스포츠 온라인 익스클루시브",3
10015346,1003026,"가솔린 3.5T 일렉트릭 슈퍼차저 AWD",3
10010217,1002233,ALL4,3
10003731,1000871,"3DR 1.5",3
10007555,1001655,"하수부 준설차",3
10009420,1002020,"2.0 GDi 디스펙",3
10013497,1002701,"40 TDI 콰트로 프리미엄",3
10017203,1003477,"AMG G63",3
10015497,1001659,"1.3 리미티드 AWD",3
10003953,1001135,"디젤(E-VGT)4WD",3
10014887,1000946,"CLA 200d AMG Line",3
10010329,1002256,"4.0 GTC",3
10004960,1001214,XE,3
10010109,1002206,"2.5 럭셔리 4WD",3
10015096,1002862,"4.0 TFSI 콰트로 플러스",3
10011057,1002426,"3.3 GDI",3
10011033,1002423,"2.5T 포트폴리오",3
10016349,1003289,"1.0톤/표준캡/장축/4WD",3
10016723,1002926,"EQB 300 4MATIC 일렉트릭 아트",3
10009424,1001307,"4DR 1.4MPI 트렌디",3
10014180,1002596,"2.0 하이브리드 투어링 4WD",3
10011576,1002516,"2WD 2.0 DX",3
10016575,1002940,"740i xDrive M 스포츠",3
10014298,1002228,"클래식",3
10015294,1002791,"가솔린 2.5T 2WD",3
10003514,1001373,"Q270 LUXURY",3
10005112,1000866,"2WD CX7",3
10013151,1002047,"730d xDrive 디자인 퓨어 엑설런스",3
10012066,1002590,100D,3
10016860,1002534,"3.0 AWD 리저브 ",3
10008529,1001789,"1.8 GTI",3
10014860,1002941,"캠핑카",3
10008190,1001721,"635D 쿠페",3
10016339,1003287,"1톤/표준캡/4WD",3
10005420,1000865,"현대",3
10016513,1003357,"1.0톤/더블캡/초장축/(CRDi)",3
10011809,1002554,"디젤 2.2 2WD",3
10012555,1002489,"2.5 GTS",3
10012545,1001599,2.4,3
10012760,1002645,"2.0 BlueHDI 알뤼르",3
10006228,1000972,"2.2D 프리미엄",3
10009464,1000859,"1.4 터보 LT 최고급형",3
10016203,1003162,"1.0톤/킹캡/초장축/아웃도어형",3
10014045,1002615,"2.0 스포츠 4도어 윌리스 에디션",3
10014383,1002883,"90 D250",3
10016344,1003285,"슈퍼캡/장축/(CRDi)",3
10009735,1002107,"3.5톤",3
10011821,1002556,"디젤 1.7",3
10014873,1002946,"가솔린 3.5 4WD",3
10004416,1001382,"그랜드 프레지던트",3
10004719,1001374,"가솔린 GROOVE",3
10009433,1001306,"디젤 2WD 2.0 프레스티지",3
10014662,1002928,"319 CDi 유로코치 스탠다드",3
10014295,1002227,"클래식",3
10017210,1003479,"블랙 엣지 2WD",3
10015047,1002965,"EQE 350 4Matic",3
10004437,1000894,"2.0 LPG",3
10015357,1003027,"가솔린 2.5T 2WD 시그니처",3
10014402,1002888,"가솔린 3.8 2WD",3
10013863,1002654,"2.7 201 AWD",3
10009752,1002110,"2.0 쿠페 2WD",3
10015286,1002849,"4.0 아주르",3
10004830,1000917,"2.0 L6 SE",3
10015252,1002226,"클래식 런치팩",3
10005298,1000892,"트레이드",3
10009443,1002022,"3.8 GDI 이그제큐티브",3
10013711,1002742,"AMG CLA 45 S 4MATIC+",3
10014530,1002914,"픽업",3
10010195,1002225,HIGH,3
10017541,1003483,"GT 4WD",3
10011043,1002424,"1.6 디젤",3
10011048,1002425,"디젤 2WD RE",3
10010485,1002294,"2.0 GTi",3
10012986,1002678,"카브리오",3
10015079,1002197,"3.6 리미티드 X",3
10014569,1002836,"1.0 가솔린 밴",3
10016330,1003283,"1.0톤/킹캡/장축/(CRDi)",3
10014069,1002833,"SMART EV D2C",3
10017501,1003528,"에스프리 알핀",3
10014051,1002827,"롱레인지",3
10007870,1001694,S320L,3
10009936,1002171,"3.6 SXT",3
10015036,1002963,"프레스티지",3
10013333,1002715,"2.0 노블레스",3
10008266,1001735,"xDrive 40d",3
10017418,1002533,"P360 템페스트",3
10011705,1001733," xDrive 20d SAC 에디션",3
10009685,1002085,"XLT 4WD",3
10016189,1003158,"일반캡/초장축",3
10015248,1003002,"익스클루시브",3
10016906,1002786,"2.3 AWD 플래티넘",3
10012595,1002136,"스팅레이 쿠페",3
10015886,1003129,"더블캡/초장축/(CRDi)",3
10013992,1002819,"3.3 T-GDI 2WD",3
10006574,1000887,3.5,3
10015465,1003042,"가솔린 7인승 노블레스",3
10015667,1003096,"1.0톤/일반캡/장축",3
10011063,1002427,"3.8 GDI",3
10015305,1002781,"1.5 TSI 프리미엄",3
10016550,1003359,"M60 xDrive",3
10004085,1000959,"2.0 GDI PREMIUM",3
10007285,1000956,"GLK220 CDI 4Matic",3
10005291,1001222,"파크웨이(SDII)",3
10013480,1002741,"스탠다드",3
10015883,1003128,"일반캡/초장축",3
10013300,1002705,"840d xDrive M 스포츠 그란쿠페",3
10017284,1003484,"택시 5인승 베이직",3
10016360,1003170,"슈퍼캡/초장축/(CRDi)",3
10003506,1001288,"Q270 DELUXE",3
10017345,1003361,"HEV 1.6 라운지 4인승",3
10013239,1000955,"GL350 블루텍 4MATIC",3
10012235,1002603,"가솔린 3.8 2WD",3
10013831,1002683,"A220 세단",3
10015022,1001753,"2.0 TFSI",3
10016634,1003362,"5.0 GT 프리미엄 쿠페",3
10016265,1003178,"슈퍼캡/초장축",3
10015262,1003006,"1.6 LPi",3
10017314,1003492,"SE ALL4 JCW",3
10014517,1002908,"젠 ZE 에디션",3
10012995,1002507,"스탠다드 레인지",3
10013689,1002777,"가솔린 1.6 터보 2WD 인스퍼레이션",3
10014881,1002948,"1.6 GTe E-TECH 인스파이어 e-시프터",3
10005507,1000811,"2.0 LTZ",3
10007448,1000833,"세인",3
10017289,1003365,"E200 AMG 라인",3
10003973,1000915,"2WD JX290",3
10012645,1002618,"가솔린 1.3 E-터보 프리미어",3
10008448,1001769,"2.0 TDI 블루모션",3
10006585,1000916,"Limited 2WD",3
10007133,1001558,LS,3
10007348,1001606,"가류3",3
10009556,1002046,"1.6 GDI 프레스티지",3
10004104,1001116,"2.0 GDI D 스펙",3
10008327,1001754,"2.0 TFSI 콰트로",3
10014934,1001568,"2.0 TFSI 콰트로",3
10011905,1002564,"2.0 TDI 프리미엄",3
10013337,1002714,"1.6 터보 노블레스",3
10016577,1003366,"CLE 450 4MATIC 쿠페",3
10011653,1001691,"C200 AMG LINE",3
10010204,1002229,1.6,3
10016599,1003367,"가솔린 2.5T 2WD",3
10011445,1002505,"2WD 가솔린 LX",3
10004559,1000930,"가솔린 1.6 CVVT SLI",3
10010576,1002313,LP580-2,3
10004863,1000862,ROYALE,3
10017254,1003226,"더블캡",3
10016974,1003433,"ALL4 JCW",3
10013603,1002768,"가솔린 7인승 시그니처",3
10007423,1001623,"디젤 2WD RE",3
10003474,1000776,"3.0 V6",3
10015542,1002966,"218d M 스포츠",3
10013625,1002771,"1.3 TCe LE",3
10010473,1002290,"1.6 e-HDi 에코 터보",3
10011136,1002447,"1.5 터보 LTZ",3
10016174,1003156,"1.0톤/킹캡/초장축/(TCi)",3
10013141,1002688,"프리미엄",3
10017288,1003487,"퍼포먼스 S-라인 블랙 에디션",3
10011140,1002448,"20d 프레스티지",3
10011672,1001798,"3.6 S",3
10016609,1003370,"2.0 PHEV SE",3
10003490,1001224,"가솔린 R25",3
10017512,1003529,"1.6 가솔린 터보 프레스티지 2WD",3
10008003,1001706,"316I 투어링",3
10008519,1001786,"1.8 GTI",3
10005468,1000910,1.6LT,3
10016553,1002996,"xDrive 20i xLine",3
10014398,1002887,"가솔린 2.0 2WD",3
10016627,1003372,"1.6 GTe 테크노",3
10015078,1002968,"4.0 TFSI 콰트로 스포츠 디자인",3
10016779,1002920,"40 스포트백",3
10003485,1001131,Q25,3
10014344,1002824,"218d M 스포츠 25th",3
10010178,1002216,"베이스워터",3
10013030,1002641,"xDrive 18d M 스포츠",3
10016631,1003373,"1.6 GTe 아이코닉",3
10004846,1001096,"2.0 L6 SE",3
10004905,1000864,CL300,3
10013977,1002817,"시그니처",3
10017530,1003039,"GLC300 4MATIC AMG 라인",3
10003606,1001412,"N20 트랜스폼",3
10017337,1002710,"로드스터 F1 에디션",3
10007967,1001700,V200,3
10011237,1002449,"E200 아방가르드",3
10014739,1002242,"3.0 D350 AB SWB",3
10013967,1002814,"1.6 가솔린 노블레스",3
10016020,1003217,"DLX 롱카고",3
10017293,1003489,"아주르",3
10014276,1002214,"클래식 런치팩",3
10010076,1002200,"5.7 헤미",3
10012417,1000949,"CLS 350 AMG 패키지",3
10004345,1001006,"2WD 2.5 VGT LIMITED",3
10011472,1002463,"GLS500 4MATIC",3
10003982,1000841,"9인",3
10011433,1002499,Q,3
10017594,1003545,"4.0 V8 GT 뮬리너",3
10016701,1003385,"마을버스 초장축 20인승(전중문)",3
10012208,1002602,"320i 모던",3
10015993,1003149,"슈퍼캡/초장축",3
10016586,1002604,"2.5 하이브리드 XLE",3
10017319,1003493,"40 TFSI 콰트로 S-라인 블랙 에디션",3
10007089,1001542,"2.0 프리미엄",3
10005254,1001372,FX212,3
10007944,1001697,B170,3
10009198,1001967,2.0,3
10012605,1002196,"2.5 루비콘 4DR",3
10011397,1001704,"GLA200 D",3
10010147,1002213,Mid,3
10005173,1001002,"9인 PLATINUM",3
10010595,1002317,1.4,3
10007566,1001657,"디젤 2.0 LTZ",3
10004939,1001280,RE,3
10004639,1000962,"2.0 트렌디",3
10015246,1001080,"이스즈 엘프 3.5톤",3
10016718,1003390,"2.4 HEV 2WD",3
10007975,1001701,"디럭스",3
10017544,1003392,"롱레인지 4WD",3
10003576,1001053,"2.0 골드",3
10011675,1002045,"GLC 220 d 4MATIC 쿠페",3
10016596,1003009,"EQE500 4MATIC 런치에디션",3
10010136,1001406,"가솔린 9인승 노블레스",3
10004679,1000961,"1.6 GDI 트렌디",3
10015283,1003010,"4.0 V8 GT 아주르",3
10016271,1003180,"1.0톤/더블캡",3
10016279,1003181,"1.0톤/더블캡",3
10015987,1003148,"1.0톤/킹캡/초장축/(CRDi)",3
10011289,1002474,"AMG SLC43",3
10013553,1002753,"디젤 2.2 2WD 프리미엄 초이스",3
10005280,1001434,"기타",3
10017566,1003541,"투어러 스마트",3
10011870,1002562,"2WD 웨건 12인승",3
10017591,1003147,"1.0톤/킹캡/초장축/표준형(듀얼컴프)",3
10003678,1001302,"1.6 VVT X16",3
10010900,1002404,"D5 AWD",3
10011412,1002495,"1.6 터보 4WD",3
10005443,1001177,"5톤이상",3
10014683,1002931,"1.6 쿠퍼 S ALL4",3
10016870,1002993,"1.2 터보 레드라인",3
10016982,1003393,"GT AWD",3
10008092,1001708,"M3 쿠페 CSL",3
10016747,1003396,"2.0 쿠퍼 S",3
10012666,1002623,"1.6 HEV 프레스티지",3
10012523,1001739,"xDrive 30d 비전 100에디션",3
10004110,1000845,"1.5 Di JR",3
10016951,1002992,"B5 플러스",3
10013242,1002696,"GL550 4MATIC",3
10013930,1002702,"2.5 르블랑",3
10004779,1001035,"1.6 CDX",3
10015853,1003124,"1.0톤/킹캡/초장축/(TCi)",3
10007731,1001685,"A45 AMG 4MATIC",3
10016647,1002550,"고소작업차",3
10015114,1002982,"3.0 TDI 콰트로",3
10014388,1002780,"40 TFSI 콰트로",3
10008604,1001796,2.9,3
10015848,1003123,"1.0톤/킹캡/초장축/표준형",3
10015208,1002756,"35 TDI 콰트로 프리미엄",3
10012720,1002635,"xDrive 30d M 스포츠 퍼스트 에디션",3
10010681,1002336,3.0,3
10007445,1001628,"레스타 25인",3
10013564,1002755,"55 콰트로",3
10013426,1002734,"디젤 2.2 2WD 노블레스",3
10011179,1001773,"1.8 TSI R-LINE",3
10011400,1002036,"2.4 GDI 리미티드 에디션",3
10015843,1003122,"1.0톤/표준캡/초장축/표준형",3
10013932,1002703,"르블랑",3
10008645,1001802,"1.0 패션",3
10010170,1002215,Mid,3
10015618,1003066,"1.0톤/킹캡/장축/4WD/(CRDi)",3
10016147,1003250,"1.4톤",3
10016758,1003397,"2.0 JCW ALL4",3
10008565,1001792,"카레라 카브리올레",3
10010324,1002253,"6.8 RL",3
10016763,1003398,"프리미엄",3
10017348,1003500,"롱 레인지 4WD",3
10011080,1001022,"CLS 250 CDI 슈팅 브레이크",3
10013448,1002482,"오라이언 20CB",3
10005366,1001236,"4.5톤",3
10013500,1002487,"3.6 프리미엄 럭셔리 AWD",3
10004082,1000824,"DCT PACK",3
10003649,1000857,1.8,3
10016218,1003144,"1톤",3
10015186,1002070,"2.0 ",3
10011891,1001720,"쿠페 페인트워크 에디션",3
10005423,1001078,"압축식",3
10012297,1001396,"3인승 LPi",3
10005258,1001168,"35인",3
10013444,1002736,"55 TFSI 콰트로 프리미엄",3
10016776,1003402,"2WD S9",3
10005681,1000954,G270,3
10015530,1003046,"HEV 7인승 시그니처",3
10011340,1002483,"4.5톤",3
10005973,1001027,"2.0 TFSI 로드스터 콰트로",3
10010182,1002218,"하이게이트",3
10012529,1001726,"Z-3 2.2",3
10005334,1001250,"3.5톤",3
10017366,1003503,"4.5톤",3
10013758,1002672,"2.0 B5 AWD",3
10004684,1001117,"1.6 터보 트렌디",3
10005238,1001031,BF106,3
10013593,1002767,4S,3
10008473,1001774,"2.0 TFSI",3
10011844,1002559,"1.6 터보 스포츠",3
10011378,1001145,"2.0 트랜디",3
10008095,1001709,523i,3
10017179,1003404,"크로스",3
10005357,1001095,"5톤",3
10003863,1000819,"디젤 2WD 300VXL",3
10008461,1001772,"2.0 FSI",3
10016682,1001996,"1.5 4WD",3
10015028,1001910,1.5,3
10015833,1003120,"더블캡/초장축",3
10015586,1003057,"1.0톤/킹캡/초장축/(TCi)",3
10005316,1001257,"15.5~20톤",3
10017525,1003410,"가솔린 2.0 아이코닉 4WD",3
10013135,1001023,"ML280 CDI 익스클루시브",3
10016834,1003411,"하이브리드 1.5 에스프리 알핀",3
10015135,1002985,"3.7T V8 4WD",3
10015810,1003195,"1톤/(LPG)",3
10013035,1002639,M40i,3
10013907,1002806,"3.5 4WD",3
10015093,1002865,"4.0 TFSI 콰트로 스포츠 디자인",3
10014856,1001093,"5인승 가솔린",3
10009470,1001656,"1.4 터보 퍼펙트 블랙",3
10016849,1003413,"3.5 AWD",3
10014637,1002750,"M 컴패티션 카본 패키지",3
10017420,1002727,"P250 랜드마크",3
10017491,1003526,2.0,3
10013895,1002802,"2.0 TDI 프리미엄",3
10013127,1002488,"2.5 GTS",3
10011970,1001463,"1.6 터보 윈터 스페셜",3
10014166,1002853,"3.5T GDI AWD",3
10016844,1003414,"노블레스",3
10004236,1001038,"LPI LX20",3
10009779,1002122,6.0,3
10016660,1002854,"어린이 보호차량 (특장업체)",3
10005404,1001090,"쌍용",3
10007890,1001695,S350,3
10010669,1002334,"4.7 스포츠",3
10016594,1002749,"GLS 450d 4MATIC",3
10005067,1001338,"가솔린 2WD V8 5000",3
10016913,1002589,"4.0 V8 S",3
10015651,1003052,"1.0톤/롱바디",3
10016903,1003423,"1.0 가솔린 밴",3
10016999,1002147,4.8,3
10005287,1001132,AM937,3
10004598,1001070,"1.6 GDI 프레스티지",3
10011418,1002496,"익스클루시브 스페셜",3
10003896,1001059,"2WD(2.0VGT) SLX",3
10007200,1001570,"2.0 TFSI 콰트로",3
10016923,1003426,"트로페오",3
10011989,1002576,"1.6 디젤 4WD",3
10011425,1002498,"가솔린 3.3 터보 2WD",3
10014306,1002743,"40 TDI 콰트로 스포트백",3
10013538,1002738,"HEV 1.6 2WD 시그니처",3
10007191,1001569,"3.6 FSI 콰트로",3
10016893,1001624,"수출형",3
10012673,1002625,Q,3
10005350,1000941,"트레이드2.5톤",3
10014368,1002720,"2WD 1.3 터보 가솔린 LS",3
10003811,1000888,"BH330 LUXYRY",3
10016296,1003186,"더블캡",3
10011429,1001249,"1.7 VGT 트렌디",3
10015236,1002997,"가솔린 2.5 터보",3
10004296,1000816,"디젤 2WD KV300",3
10016927,1003427,"2.0 LPG 2WD",3
10009577,1002048,"노블레스 스페셜",3
10005257,1000851,442,3
10011909,1002565,LS,3
10009528,1002040,Q,3
10010833,1002394,2.0,3
10011017,1002422,"단축 SUP",3
10013638,1002694,"3.6 익스트림-X 4WD",3
10007552,1001654,"4.5톤",3
10011421,1002497,"프리미엄",3
10012876,1002663,"CT6 3.6 SPORT PLUS",3
10014485,1002898,"럭셔리",3
10016119,1003241,"1.0톤/표준캡/장축/4WD/(CRDi)",3
10016930,1003429,"xDrive M35i 퍼스트 에디션",3
10004711,1001300,ME,3
10014084,1001183,"만트럭4.5톤",3
10016942,1003430,"xDrive 20 M 스포츠 프로",3
10004609,1000963,"VG270 프레스티지",3
10010097,1002205,"3.0 S 쿠페 AWD",3
10008816,1001872,3.5,3
10016589,1003021,"2.0 하이브리드 투어링 4WD",3
10015126,1002987,"로드스터 2.0 TFSI 콰트로",3
10017497,1003527,"시그니처",3
10008874,1001887,1.3,3
10009377,1001418,"1.6 GDI 월드컵에디션",3
10012777,1002647,"3.0 쿠페",3
10009423,1002021,"2.0 GDi 디스펙",3
10015080,1002649,"2.5 2WD 하이브리드 XLE",3
10017123,1002429,"55 4MATIC+ 쿠페",3
10015964,1003142,"더블캡/초장축/(CRDi)",3
10005157,1001297,"2.0  4WD RX5",3
10013589,1002485,"520i M 스포츠",3
10004205,1001173,"트렌디",3
10017003,1003437,"2.5T 2WD 9인승",3
10016803,1003022,"가솔린 2.5T 2WD 프레스티지 플러스",3
10017007,1003438,"HEV 2.5T 2WD 9인승",3
10003622,1001429,"Y20 럭셔리",3
10007811,1001693,"E200 CGI",3
10015625,1003068,"슈퍼캡/장축/(CRDi)",3
10015132,1001020,"2.0 TDI 스포트백",3
10016990,1003439,4S,3
10011641,1001719,"420i 쿠페 M 스포츠",3
10016879,1002673,"P250 다이나믹 SE",3
10005325,1000998,"3.5톤",3
10010724,1002354,"쿼드로폴리오",3
10016994,1003440,"55 콰트로 프리미엄",3
10009507,1002035,"가솔린 2.0 GDe",3
10012341,1001227,"1.5 VVT 님프",3
10010478,1002292,"2.0 BlueHDi 알뤼르",3
10017012,1003442,"성능형 AWD",3
10017353,1003045,"가솔린 1.6 터보 2WD H-픽",3
10005182,1001152,"2WD PLATINUM",3
10015958,1003141,"더블캡",3
10014197,1001554,"GT 320D 프리미엄",3
10017018,1003444,"5도어 페이버드",3
10008230,1001728,"sDrive 35i",3
10012834,1002660,"4WD 가솔린 1.5",3
10004620,1001146,"2.4 GDI 프레스티지 스페셜",3
10010252,1002241,130,3
10013468,1002740,"1.6 인스퍼레이션",3
10017016,1003445,"클래식",3
10004611,1001032,"2.4 GDI 프레스티지",3
10012317,1001578,"2.0 PE 플러스",3
10005023,1001024,"디젤 2WD RE",3
10012006,1001627,"나마스때",3
10015593,1003059,"1.3톤",3
10012241,1002605,"CLS 400d 4MATIC",3
10005477,1001092,"1.8 LT",3
10017035,1003447,"폴고레",3
10009863,1002145,"GLE 350 d 4MATIC",3
10011886,1001169,"1.4VVT 밸류 플러스",3
10004404,1001290,LIMITED,3
10010280,1002244,"5.0 SVR",3
10004942,1001327,"SE 플러스",3
10003686,1001345,HDeIII,3
10013811,1002610,"캠핑카",3
10013385,1001717,"220D 그란 쿠페 어드벤테이지",3
10007744,1001687,SL500,3
10011629,1002461,"밴",3
10012299,1001370,"12인승 LPi",3
10011602,1002518,"디젤 4WD 익스트림",3
10017572,1003542,"투어러 스마트",3
10015914,1003135,"더블캡/초장축",3
10011607,1002519,"삼바에디션",3
10007547,1001653,"2.0D 포트폴리오",3
10011613,1002520,"2WD RT",3
10013475,1002555,"1.6 스탠다드",3
10011827,1002557,"3.3 T-GDI  2WD",3
10011927,1002568,"2.0 하이브리드 투어링",3
10015785,1003102,"1.0톤/일반캡/초장축",3
10012832,1002566,"디젤1.6 2WD LT 플러스",3
10007623,1001665,"2.0 TDI",3
10003571,1000837,"2.0 GOLD",3
10015732,1003053,"1.0톤/슈퍼캡/장축",3
10017064,1003453,3.5,3
10004974,1001293,"2.0 SE",3
10008608,1001797,TURBO,3
10010488,1002295,"1.6 HDI Outdoor",3
10009410,1002019,"2.0 GDI 디스펙",3
10013735,1002289,"1.5 BlueHDi GT팩",3
10008366,1001758,"3.0 TDI 콰트로",3
10003844,1001115,"1.6 VGT",3
10008107,1001710,"520d 럭셔리",3
10011778,1002526,"가솔린 1.4 디럭스",3
10017236,1002858,"베스트 셀렉션",3
10014910,1000976,R320,3
10003477,1001000,2.5,3
10012260,1001621,"1.6 터보 스페셜 에디션",3
10014933,1002527,"30 TDI 콰트로",3
10012277,1001140,"LPI 비지니스",3
10015928,1003137,"1.0톤/킹캡/초장축/표준형/(싱글컴프)",3
10003661,1001165,"1.5 DOHC 골드",3
10003921,1001245,"디젤 2WD 2.0 프리미엄",3
10004701,1001172,"슈퍼",3
10004364,1001226,"2WD 2.0 리미티드",3
10017089,1003458,Cyberbeast,3
10013447,1002737,"50 TDI 콰트로 프리미엄",3
10008165,1001716,"118d 어반 팩 1",3
10017542,1003459,"롱레인지 4WD",3
10016029,1003218,"STD 카고",3
10015782,1003101,"1.0톤/슈퍼캡/초장축/프리미엄스페셜",3
10013722,1002629,"2.0 TDI 엘레강스 프레스티지 4모션",3
10004250,1001072,"2.0 RX20",3
10004955,1001026,XE,3
10003831,1001309,"G380 익스클루시브",3
10004329,1001295,"디젤 2WD 럭셔리",3
10015441,1003035,"시그니처",3
10015389,1003028,"523d xDrive",3
10008435,1001766,1.6,3
10013419,1002733,"1.3 TCe RE 시그니처",3
10007237,1001579,"2.5 LE",3
10016665,1002797,"S500 4MATIC",3
10017424,1002961,"xDrive 60 DPE",3
10015611,1003063,"스탠다드",3
10010247,1002240,"2.0 TD4 HSE 럭셔리",3
10004142,1001265,"1.6 4DR CVVT",3
10010056,1002198,"2.0 디젤 리미티드 4WD",3
10013949,1002687,"GLE 350e 4MATIC",3
10015332,1003023,"4.4 퍼스트에디션",3
10014034,1002823,"420i 컨버터블 M 스포츠",3
10004765,1000793,"1.5 MAX",3
10010236,1002239,"4.0 SE",3
10007979,1001702,"럭셔리",3
10013411,1002731,"3.0 TDI R라인",3
10016399,1003297,"더블캡/장축/4WD",3
10012021,1002579,"1.6 디젤",3
10003584,1001271,"2.0 골드",3
10016407,1003298,"슈퍼캡/장축/4WD",3
10015215,1002587,"택시",3
10017255,1003228,"더블캡",3
10016371,1003173,"1.0톤/킹캡/초장축/플러스형",3
10012907,1002616,"T4 4WD 인스크립션",3
10014585,1002624,"1.6 플러그인 HEV 시그니처",3
10013588,1002570,"xDrive 20i 럭셔리",3
10014507,1002903,"컴패티션 M xDrive",3
10010843,1002395,D4,3
10007243,1001580,"가솔린 2WD 1.6 LX",3
10005008,1000974,"디젤 2WD RE",3
10013264,1001718,"블랙 쉐도우",3
10009917,1002165,3.6,3
10012755,1002643,"5.2 V10 스파이더",3
10016428,1003303,"스탠다드/표준캡/초장축/(듀얼컴프)",3
10017127,1003465,"크나우스(KNAUS)캠핑트레일러",3
10004665,1000796,"터보 프레스티지",3
10016433,1003304,"초저온/슈퍼캡/초장축/(트윈컴프일체)",3
10008212,1001725,740,3
10008235,1001730,"xDrive 23d 4WD",3
10011730,1002546,"2.0 D240 R-다이나믹 SE",3
10004441,1001083,"1.8 가솔린",3
10014715,1002401,"2.0 D3 모멘텀",3
10006891,1001029,5.0,3
10010888,1002402,"2.4 D4 AWD",3
10016391,1003293,"킹캡/장축/4WD/일반형(전동유압식)",3
10015452,1002886,"롱레인지 듀얼모터",3
10005233,1001089,"57인",3
10011182,1002456,"35 TDI 콰트로 프리미엄 TECH",3
10012962,1002674,"4WD 마스터즈",3
10008257,1001734,"4.4 I",3
10010916,1002407,"2.9 T6",3
10005121,1001064,"4WD AX5",3
10017152,1003469,"프레스티지",3
10016805,1003029,"1.6T 2WD 프레스티지 플러스",3
10011782,1002552,"트렌디",3
10010337,1002257,"GT 슈퍼스포츠",3
10005248,1001294,BH117,3
10013817,1002585,"D180 체커 플래그 에디션",3
10012861,1002580,"620d xDrive 럭셔리",3
10016792,1002821,"GLA250 4MATIC AMG LINE",3
10004696,1000810,"스포츠",3
10005242,1001144,BS120,3
10009450,1002023,"1.6 GDI 프레스티지",3
10013982,1002818,"실크로드",3
10013518,1002597,"2.0 TDI 프레스티지",3
10014977,1002950,"4.0 TFSI 콰트로 플러스",3
10012993,1002679,"롱 레인지",3
10016107,1003189,"슈퍼캡/초장축",3
10013288,1002071,3.3L,3
10015271,1002633,"2.0 BlueHDi ",3
10003603,1001363,"N20 럭셔리",3
10017158,1003470,SE,3
10004641,1001118,"프레스티지",3
10016316,1003166,"1.0톤/(CRDi)",3
10012735,1002638,"럭셔리 플러스",3
10015435,1003034,"2.0 LPi",3
10015923,1003136,"1.0톤/킹캡/초장축/표준형/(듀얼컴프)",3
10005161,1000802,"9인 RD300",3
10007772,1001690,C200K,3
10003840,1000958,"1.6 VGT",3
10015725,1003099,"1.0톤/킹캡/초장축",3
10014359,1002406,"2.0 B6 AWD",3
10014842,1002661,"어린이보호차량",3
10014700,1002789,"6.7 블랙 배지",3
10014424,1002553,"1.2 Pure Tech GT",3
10004568,1001101,2.0,3
10016761,1002798,"3.5T 가솔린 2WD",3
10013123,1002686,"카레라 S",3
10012821,1002658,"디젤 2.2 E-VGT",3
10005406,1000801,"마이티",3
10003912,1001163,"디젤 2WD 2.0 SLX",3
10016875,1002810,"언더리프트(렉카)",3
10008640,1001800,"3.0 S E-하이브리드",3
10015073,1002894,"3.0 TFSI 콰트로 카브리올레",3
10017168,1003473,"2.0 가솔린 2WD",3
10017326,1003495,JCW,3
10017120,1002783,GT,3
10005267,1001349,"도시저상",3
10007436,1001626,"디젤 2.2 2WD",3
10012826,1002659,"시그니처",3
10015615,1003065,"1.0톤/킹캡/장축/4WD/일반형",3
10014446,1002893,"가솔린 2WD RS",3
10010394,1002268,"2WD 3.5 그랜드 투어링",3
10010482,1002293,"2.0 HDi",3
10014159,1002850,6.0,3
10016650,1003312,"1.2톤/수동식/킹캡/초장축",3
10010300,1002247,"2.2 SD4 XS",3
10017458,1003522,"가솔린 M5 롱 데크 4WD",3
10013361,1002719,"118d 스포츠",3
10016311,1003165,"1.2톤",3
10017172,1003474,"1인승 밴 라이트",3
10003879,1000850,"4WD 2.0 GVS",3
10007520,1001647,"1.6 GDI 스마트",3
10008027,1001707,"320i 세단",3
10017555,1003539,"228 xDrive 그란쿠페 M 스포츠",3
10012693,1002631,"2.4 AWD 론지튜드",3
10014752,1002891,"1.5 BlueHDi 알뤼르",3
10016254,1003213,"슈퍼캡/초장축/(CRDi)",3
10005341,1001316,"1.4톤",3
10015021,1002309,"2WD 가솔린 1.5 A5",3
10009652,1002073,6.8,3
10014168,1002845,"퍼포먼스 AWD",3
10013108,1002685,"55 TFSI 콰트로 LWB",3
10012608,1002312,"LP720-4 50TH 에디션",3
10013695,1002778,"2WD 인스퍼레이션",3
10008195,1001722,"640 쿠페",3
10011771,1002549,"디젤 1.5 RE",3
10014833,1002889,"라이트 (택시)",3
10004802,1000812,2.0,3
10016454,1003317,"킹캡/초장축/턴인형(2단)",3
10010282,1002245,"3.0 TDV6",3
10009660,1002077,"GT 쿠페",3
10016455,1003318,"더블캡/초장축",3
10010230,1002237,"4.4 V8 SE",3
10016042,1003220,"1.3톤/표준캡",3
10012090,1002480,"EV LT 디럭스",3
10016034,1003219,LPG/SR,3
10013769,1002790,"디젤 2.2 4WD 럭셔리",3
10011297,1002475,"1.6 터보 모던",3
10016814,1002608,"캠핑카",3
10015300,1002842,"2.0  4xe ",3
10014048,1002826,H3,3
10006910,1000985,"3.0 D",3
10016467,1003323,"GT 쿠페",3
10003590,1001292,"2.0 골드",3
10009403,1001136,"2.0 GDI 디스펙",3
10013437,1002621,"2WD 가솔린 1.5 C5",3
10014109,1002684,"40 TFSI 콰트로 프리미엄 스포트백",3
10003999,1001055,"6인",3
10016307,1003164,"장축",3
10015241,1002998,"1.5 바이퓨얼 2WD",3
10012727,1002636,"xDrive 30d 디자인 퓨어 엑셀런스 퍼스트에디션 6인승",3
10013659,1002634,"320i 럭셔리",3
10017600,1003329,"슈퍼캡/초장축",3
10014695,1002617,"2.9 4 플래티넘에디션",3
10004967,1001228,XE,3
10015752,1003054,"1.0톤/롱바디",3
10003627,1001447,"CVVL 스마트",3
10006569,1000884,"2.3 XLT",3
10014837,1001658,"가솔린 2.4 2WD",3
10013025,1002582,"xDrive 18d 조이",3
10005036,1000973,"디젤 1.5 RE",3
10016490,1003338,"1.2톤/킹캡/초장축/플러스형",3
10013111,1001561,"5.2 V10 플러스 쿠페",3
10005494,1000879,"LPGI LTZ",3
10007716,1001684,A150,3
10017406,1003513,"컴패티션 M xDrive",3
10014640,1002600,"xDrive 20i M 스포츠 프로",3
10015377,1002959,"P360 HSE 다이나믹",3
10017579,1002807,L,3
10016858,1002909,"3.0 P550e SWB",3
10004351,1001164,"디젤 2WD 2.0 LX",3
10015089,1002902,"EQS 450 4MATIC",3
10014476,1002897,"롱레인지 4WD",3
10008240,1001731,"X-3 3.0",3
10016730,1002873,"C200 카브리올레",3
10014310,1000898,"21인",3
10015291,1003013,"롱레인지 4WD",3
10010306,1002248,"2.0 TD4",3
10010266,1002243,"4.0 SE",3
10016087,1003227,"일반캡/초장축",3
10016503,1003343,"킹캡/초장축(고급형)",3
10017176,1002947,"아너스",3
10008394,1001760,"3.0 TDI 콰트로 프레스티지",3
10016794,1003025,TV5,3
10017263,1003344,"더블캡",3
10016363,1002593,"4.0 V8 S",3
10014659,1002335,"3.0 GT",3
10014257,1002871,"xDrive 50",3
10008802,1001869,2.0,3
10014952,1001891,3.0,3
10005227,1000907,"34인",3
10005320,1000778,"3.5톤",3
10008498,1001779,"2.0 TDI R-라인",3
10016667,1003378,"롱 레인지 4WD",3
10017020,1002808,"고소작업차",3
10016161,1003154,"1.0톤/킹캡/초장축/플러스형",3
10017303,1003490,"AMG SL63 4Matic+ 퍼포먼스",3
10012519,1001736,"xDrive 30d 비전 100에디션",3
10011170,1002455,"2.0 LPI 프레스티지",3
10013485,1002721,"가솔린 2.5T 2WD",3
10013725,1001801,"가솔린 2.9 GTS",3
10017551,1002812,"LPG 투어러 스마트",3
10010127,1002210,"4WD VIP",3
10005331,1001158,"4.5톤",3
10009491,1002030,2.7,3
10008621,1001799,2.9,3
10009041,1001931,"쿠페",3
10014285,1002219,"클래식 런치팩",3
10016158,1003153,"슈퍼캡/초장축/(TCi)",3
10008507,1001781,"V6 3.0 TDI 블루모션 스페셜팩",3
10015256,1002569,"B5 AWD 플러스 브라이트",3
10015399,1003030,"1.6T 2WD 시그니처",3
10009529,1001397,"HG240 SPECIAL",3
10014429,1002548,"1.2 Pure Tech GT",3
10011186,1002457,"2.4 GDI 프리미엄",3
10016677,1003381,"4.0 V8 터보 E-HEV",3
10015155,1002970,"2.7 아반트 콰트로",3
10003652,1001071,"린번 1.5",3
10012895,1002669,"디젤 1.6 2WD",3
10005369,1000787,"현대2.5톤",3
10004667,1000964,"3.3 GDI 노블레스",3
10003957,1000921,"2.0 9인 GOLD",3
10012487,1001771,"1.8 FSI",3
10016199,1003160,"슈퍼캡/초장축/(TCi)",3
10008160,1001714,"120d 쿠페",3
10003693,1001380,"M16 GDI 블루세이버",3
10013459,1002739,"3.5 가솔린 터보 2WD",3
10014551,1002776,"모던 초이스",3
10015717,1003051,"더블캡",3
10013071,1002648,"디젤 1.7 dCi RE 시그니처 2WD",3
10014379,1002881,"인텐스",3
10017114,1003225,"1.2톤/킹캡/초장축",3
10017421,1003491,"40 TDI 콰트로 S-라인 블랙 에디션",3
10012473,1001764,"1.8T GLS",3
10014765,1002298,"2.0 HDI 스포트",3
10016696,1003384,"자가용 초장축 25인승",3
10015086,1002973,"EQS 450 4MATIC 온라인에디션",3
10015310,1003018,"2WD 가솔린 1.6",3
10011658,1002528,2.0T,3
10008500,1001780,"V6 3.2 TDI",3
10007998,1001705,"GT xDrive",3
10013938,1002811,"롱 레인지",3
10004244,1000881,"2.0 MS",3
10013534,1001696,"S 350 d 4MATIC AMG Line",3
10014653,1002462,"3.0 AWD 모데나",3
10016155,1003152,"1.0톤/킹캡/초장축/(TCi)",3
10017369,1002775,"가솔린 1.6 터보 2WD 모던 초이스",3
10017044,1002632,"특장",3
10005346,1001350,"3.5톤",3
10014458,1002774,"2WD 2.5 마스터즈 아크로 에디션",3
10017261,1003126,"1.0톤/더블캡",3
10013218,1002627,"1.6 터보 프리미엄",3
10008479,1001775,"2.0 TSI",3
10012743,1002640,"2.5 4WD",3
10004267,1001009,"GH350 아만티",3
10007752,1001689,C180K,3
10015678,1003050,"1.0톤/킹캡/초장축",3
10015104,1002977,"4.2 FSI 콰트로 카브리올레",3
10003736,1001007,"3DR 1.5",3
10008554,1001791,"1.6 TDI",3
10007674,1001675,"디젤 1.7 2WD",3
10010288,1002246,"2.0 SI4 쿠페 다이나믹",3
10014866,1002765,"4.4 컴페티션 퍼스트 에디션",3
10017606,1002991,"40 TFSI 콰트로 프리미엄",3
10015547,1003047,"5.0 GT 쿠페",3
10008243,1001732,"xDrive 20d M 스포츠",3
10016233,1003270,"1.4톤",3
10016655,1003375,"1.5 바이퓨얼 2WD",3
10009880,1002151,5.7,3
10014053,1002828,"2.0 디젤 2WD",3
10015110,1002981,"5.0 TFSI",3
10017023,1001448,"노블",3
10011657,1001620,"2.0 스타일 에디션",3
10015407,1003031,"1.6 2WD 프레스티지 초이스",3
10003761,1000925,"2.0 TGX",3
10007180,1001567,"2.0 TFSI 콰트로",3
10007609,1001664,"1.8T 콰트로",3
10005700,1000966,ML320,3
10011197,1002458,"가솔린 1.4 LTZ",3
10004306,1000846,"그랜드",3
10014991,1002561,"가솔린7인승 리무진 VIP ",3
10012841,1002567,"아이코닉",3
10017349,1003044,"HEV 1.6 2WD H-픽",3
10013633,1002772,"인스퍼레이션",3
10015877,1003127,"더블캡",3
10007602,1001663,3.6,3
10014540,1002917,"2톤",3
10017243,1003040,"M240i xDrive 쿠페",3
10005395,1000924,"두성",3
10016725,1002706,"EQC 4MATIC 프리미엄",3
10005389,1000923,"만",3
10005362,1001133,"소방차",3
10005514,1000922,"1.4 LTZ",3
10017098,1003377,"2.5 TDI",3
10015049,1002671,"1.6 모던 플러스",3
10016567,1002784,GT,3
10014059,1002830,G500,3
10013093,1002449,"E450 4MATIC 카브리올레",30
10012711,1002634,"330i xDrive M 스포츠",30
10008587,1001792,"타르가 4 GTS",30
10008053,1001707,"325i 컨버터블",30
10008387,1001758,"50 TFSI 콰트로 LWB",30
10008407,1001760,"55 TDI 콰트로 프리미엄",30
10009395,1001169,"1.6VGT 프리미엄",30
10010159,1002213,"5도어 HIGH",30
10010027,1002196,"3.8 애니버서리",30
10007936,1001696,"S 600L",30
10008125,1001710,"528i xDrive",30
10012213,1002602,"328i 스포츠",30
10012659,1002621,"4WD 디젤 1.6 샤이니",30
10015016,1002214,"5도어 멀티톤 에디션",30
10012257,1001691,"C43 AMG 4MATIC 쿠페",30
10014576,1002475,"LPI 인스퍼레이션 (택시형)",30
10017603,1002561,"특장 캠핑카",30
10012679,1002627,"LPI 프리미엄 (장애인)",30
10007917,1001695,"S600L 디지뇨",30
10017485,1003522,"디젤 M9 롱 데크 4WD",30
10013159,1002047,"745Le sDrive M 스포츠",30
10011949,1002485,"530d M 스포츠 플러스",30
10013086,1001690,"C63 AMG 507 에디션",30
10014809,1001719,"435i xDrive 그란쿠페",30
10014810,1001719,"435i 컨버터블",31
10003746,1001169,"1.6VGT 럭셔리",31
10013158,1002047,"745Le sDrive 디자인 퓨어 에디션",31
10014018,1002485,"530e 럭셔리",31
10012214,1002602,"328i M 스포츠",31
10012258,1001691,"C43 AMG 4MATIC 카브리올레",31
10012680,1002627,"LPI 인스퍼레이션 (장애인)",31
10007916,1001695,S600L,31
10008126,1001710,"528i xDrive 럭셔리",31
10012660,1002621,"4WD 디젤 1.6 딜라이트",31
10013699,1002634,330e,31
10011466,1002449,"E43 AMG 4MATIC",31
10012602,1002196,"4.0 루비콘 2DR",31
10008054,1001707,"325i 투어링",31
10016639,1002213,"5도어 클래식 런치팩",31
10008408,1001760,"55 TDI 콰트로 프리미엄 럭셔리",31
10010162,1002214,JCW,31
10008385,1001758,"60 TDI 콰트로",31
10014318,1001696,"S 63 AMG",31
10014280,1002214,"JCW 런치팩",32
10012603,1002196,"4.0 루비콘 4DR",32
10013700,1002634,"330e 럭셔리",32
10007918,1001695,"S600L 리무진",32
10012838,1002621,"4WD 디젤 1.6 딜라이트 플러스",32
10014794,1001707,"325i xDrive",32
10014273,1002213,"5도어 클래식",32
10010662,1001691,"C450 AMG 4MATIC",32
10013091,1002449,"E53 AMG 4MATIC+",32
10008409,1001760,"55 TDI 콰트로 스포츠",32
10012676,1002627,"LPI 스타일 (렌터카)",32
10012215,1002602,"328i xDRIVE",32
10013351,1002485,"530e 럭셔리 플러스",32
10007937,1001696,"S 63 AMG 4MATIC",32
10013015,1001710,"528i xDrive 럭셔리 플러스",32
10009391,1001169,"1.6VGT 프리미어",32
10008184,1001719,"435d 그란쿠페",32
10008386,1001758,"60 TDI 콰트로 LWB",32
10016773,1002214,"JCW T1",33
10012661,1002621,"4WD 디젤 1.6 판타스틱",33
10010031,1002196,"4.0 사하라",33
10014135,1002449,"E53 AMG 4MATIC+ 쿠페",33
10012677,1002627,"LPI 스마트 (렌터카)",33
10009400,1001169,"위트 1.6VGT 스마트",33
10011651,1001719,"435d xDRIVE 그란쿠페 M 스포츠",33
10014274,1002213,"5도어 클래식 플러스 런치팩",33
10013701,1002634,"330e M 스포츠",33
10012216,1002602,"330i M 스포츠",33
10007806,1001691,"C63 AMG",33
10008055,1001707,"325Ci 컨버터블",33
10007915,1001695,"S55L AMG",33
10012033,1001710,"528i xDrive M 에어로 다이나믹",33
10013533,1002485,"530e M 스포츠",33
10012190,1001696,"S 63 AMG 4MATIC +",33
10008388,1001758,"60 TFSI 콰트로 LWB",33
10014275,1002213,"5도어 클래식 플러스",34
10012250,1001691,"C63 AMG 쿠페",34
10007919,1001695,"S63 AMG",34
10010030,1002196,"4.0 레니게이드",34
10012198,1001758,"65 TFSI 콰트로",34
10009401,1001169,"위트 1.6VGT 모던",34
10008056,1001707,"325d 세단",34
10007938,1001696,"S 63 AMG 4MATIC 쿠페",34
10014015,1001719,"M440i xDrive 쿠페",34
10014440,1001710,"528i xDrive M에어로다이나믹스페셜에디션",34
10012217,1002602,"330i M 스포츠 쉐도우",34
10012635,1002449,"E63 AMG 4MATIC+",34
10014619,1002485,"540i xDrive 럭셔리",34
10014281,1002214,"JCW 딜레이니 에디션",34
10014566,1002627,"LPI 프리미엄 (렌터카)",34
10013295,1002634,M340i,34
10014282,1002214,"JCW GP 인스파이어드 에디션",35
10014016,1001719,"M440i xDrive 쿠페 퍼포먼스 패키지",35
10014893,1002449,"E200d 카브리올레",35
10010032,1002196,"4.0 스포츠",35
10014132,1001695,"S63L AMG",35
10008132,1001710,"530d xDrive",35
10017069,1002213,"5도어 T1",35
10012199,1001758,"65 TFSI 콰트로 LWB",35
10013100,1001696,"S 63 AMG 4MATIC+ 쿠페",35
10012253,1001691,"C63 AMG 카브레올레",35
10011942,1002485,"540i xDrive 럭셔리 플러스",35
10008057,1001707,"325d 세단 스포츠",35
10015207,1002634,"M340i 퍼포먼스팩",35
10012687,1001169,"위트 1.6VGT 모던 스페셜",35
10014825,1002047,750i,35
10012218,1002602,"330e i퍼포먼스 M 스포츠",35
10012191,1001696,"S 63 AMG 4MATIC + 퍼포먼스 에디션",36
10013958,1002485,"540i xDrive M 스포츠",36
10014843,1002047,"750i xDrive",36
10008058,1001707,"325d 컨버터블",36
10010160,1002213,"5도어 블랙 수트 에디션",36
10007807,1001691,"C63 S AMG",36
10012504,1001710,"530d xDrive M스포츠",36
10014283,1002214,"JCW 록킹햄 GT 에디션",36
10014790,1002602,340i,36
10012200,1001758,"65 TFSI 콰트로 디자인 LWB",36
10009402,1001169,"위트 1.6VGT 프리미엄",36
10011147,1002449,"E220d 아방가르드",36
10007920,1001695,"S65 AMG",36
10014152,1002634,"M340i 퍼스트에디션",36
10017014,1002214,"JCW 팻 모스 에디션",37
10011943,1002485,"540i xDrive M 스포츠 플러스",37
10003743,1001169,"위트 1.6VGT 프리미어",37
10014582,1001758,"65 TFSI 콰트로 NWB",37
10011898,1001710,"530d xDrive M 에어로 다이나믹",37
10012196,1002047,"750Li xDrive 인디비주얼",37
10014854,1002602,335i,37
10012251,1001691,"C63 S AMG 쿠페",37
10016865,1002634,"M340i 프로",37
10011148,1002449,"E220d 아방가르드 인텔리전트 드라이브",37
10011839,1001696,"S 63 AMG 4MATIC 카브리올레",37
10011371,1002213,"5도어 세븐 에디션",37
10008059,1001707,"325d 투어링",37
10016640,1002213,"5도어 레솔루트 에디션",38
10011149,1002449,"E220d 익스클루시브",38
10016863,1002634,"M340i 프로 퍼스트에디션",38
10013955,1002485,"M550i xDrive",38
10013101,1001696,"S 63 AMG 4MATIC+ 카브리올레",38
10017149,1001710,"530d xDrive M 에어로 다이나믹 프로",38
10012197,1002047,"750Li xDrive 비전 100 에디션",38
10012249,1001691,"C63 S AMG 에디션1",38
10008060,1001707,"325Xi 세단",38
10014792,1002602,"335i xDrive",38
10008061,1001707,"325Xi 쿠페",39
10009571,1002047,"750Li xDrive",39
10016864,1002634,"M340i 인디비주얼",39
10011950,1002485,"M550d xDrive",39
10012219,1002602,"액티브 하이브리드",39
10012192,1001696,"S 63 AMG 4MATIC 에디션 130 카브리올레",39
10011469,1002449,"E220d 쿠페",39
10012252,1001691,"C63 S AMG 에디션1 쿠페",39
10008134,1001710,535i,39
10013849,1002213,"5도어 레트로 블루 에디션",39
10011885,1001169,"1.4VVT 스마트 스페셜",4
10015095,1002950,"4.2 콰트로",4
10010141,1001628,"레스타 39인",4
10014737,1002245,"3.0 TDV6 HSE",4
10004077,1000824,PYL,4
10014156,1002849,6.0,4
10017619,1002749,"GLS 450 4MATIC AMG라인 프리미엄",4
10014730,1002883,"90 D250 S",4
10010338,1002257,GTC,4
10003679,1001302,"2.0 VVT S20",4
10012451,1002617,"2.9 4S",4
10016452,1003317,"1.2톤/킹캡/초장축/수직형(2단)",4
10010291,1002246,"2.0 SI4 쿠페 HSE 다이나믹",4
10013461,1002739,"3.5 가솔린 터보 AWD",4
10009476,1000879,"LPGI 다이나믹",4
10011223,1002462,"3.0 AWD 프리미엄",4
10017081,1002710,"5.2 V12",4
10013498,1002701,"45 TDI 콰트로 프리미엄",4
10010301,1002247,"2.2 SD4 HSE",4
10005499,1000902,"2.0 2WD LT",4
10014086,1002786,"3.0 AWD 플래티넘",4
10004797,1000812,CLASSIC,4
10011745,1001653,"2.0D 포트폴리오 AWD",4
10015090,1002902,"EQS 53 AMG 4MATIC+",4
10014459,1002774,"2WD 3.3 GT",4
10013230,1002694,"3.6 익스트림-X 4WD 사이드 레일",4
10012319,1001623,"디젤 2WD R4U 에디션",4
10012048,1002585,"P250 S",4
10016651,1003312,"1.2톤/전동식/표준캡/초장축",4
10013211,1001136,"2.0 GDI 디스펙 TUIX 크레용휠",4
10007980,1001702,"터보 럭셔리",4
10010267,1002243,"4.2 SUPERCHARGED",4
10015237,1002997,"LPG 2.0",4
10017181,1003013,"GT 4WD",4
10014277,1002214,"클래식",4
10008093,1001708,"M3 컨버터블",4
10008508,1001781,"V6 3.0 TDI 블루모션 프리미엄",4
10015390,1003028,"530i xDrive",4
10014083,1002673,"P250 R-다이나믹 SE",4
10017266,1003304,"더블캡",4
10008622,1001799,"S 3.4",4
10012796,1002649,"2.5 4WD 하이브리드",4
10012596,1002136,"스팅레이 컨버터블",4
10015787,1003102,"1.0톤/더블캡/초장축",4
10016743,1002931,"1.6 쿠퍼 S JCW ALL4",4
10013293,1002561,"가솔린 9인승 프레스티지",4
10017019,1002608,"고소작업차",4
10017267,1003303,"더블캡",4
10010231,1002237,"4.4 V8 HSE",4
10011494,1002458,"가솔린 1.4 프리미어",4
10008258,1001734,"4.6 IS",4
10014627,1002641,"xDrive 18d M 메시 에디션",4
10006889,1001029,"3.0 SC",4
10012728,1002636,"xDrive 30d 디자인 퓨어 엑셀런스 퍼스트에디션 7인승",4
10011141,1002448,"20d R-Sport",4
10014878,1002947,"캘리그래피",4
10011018,1002422,"단축 어린이",4
10017410,1002948,"1.6 GTe 인스파이어 포 올 E-테크 DP",4
10007603,1001663,"5.7 HEMI",4
10005293,1001222,"기타",4
10004831,1000917,"2.0 L6 SX",4
10016408,1003298,"슈퍼캡/초장축/2WD",4
10011058,1002426,"3.3 GDI AWD",4
10007266,1000956,"GLK220 CDI 블루이피션시",4
10013219,1002627,"1.6 터보 프리미엄 패밀리",4
10004702,1001172,SE,4
10008313,1001753,2.4,4
10005508,1000811,"2.4 LTZ",4
10013406,1002604,"2.5 하이브리드 XSE",4
10003505,1001288,"Q270 LUXURY",4
10011806,1002145,"GLE 350 d 4MATIC 쿠페",4
10013370,1002720,"2WD 1.3 터보 가솔린 LT",4
10016400,1003297,"더블캡/초장축/2WD",4
10013670,1002775,"가솔린 1.6 터보 2WD 인스퍼레이션",4
10003654,1001071,1.8,4
10007349,1001606,"가류204",4
10003899,1001059,"2WD(2.0VGT) 스타일팩",4
10012209,1002602,"320i 럭셔리",4
10005388,1000923,"벤츠",4
10017311,1003445,"클래식 5도어",4
10012996,1002507,"롱 레인지",4
10014531,1002914,"내장탑차",4
10005717,1000976,R350,4
10010504,1002298,2.2,4
10017578,1002679,"프리미엄 롱 레인지",4
10017605,1002823,"420i 컨버터블 M 스포츠 프로",4
10013271,1002702,"2.5 익스클루시브",4
10014541,1002917,"2.5톤",4
10007745,1001687,SL550,4
10011426,1002498,"가솔린 3.3 터보 AWD",4
10014286,1002219,"클래식",4
10014307,1002743,"40 TDI 콰트로 프리미엄 스포트백",4
10013491,1002600,"xDrive 20i M 스포츠 X",4
10014605,1002920,"40 스포트백 프리미엄",4
10012203,1001024,"디젤 2WD 살로몬 에디션",4
10010479,1002292,"2.0 BlueHDi 펠린",4
10004006,1001370,"리무진",4
10011422,1002497,"프리미엄 스페셜",4
10015037,1002963,"시그니처",4
10012896,1002669,"디젤 1.6 4WD",4
10010128,1002210,"4WD 프레지던트",4
10016340,1003287,"1톤/표준캡/DLX",4
10016880,1002727,"P250 R-다이나믹 SE",4
10013386,1001717,"220D 그란 쿠페 럭셔리라인",4
10013591,1002731,"4.0 TDI 프레스티지",4
10017049,1002737,"55 TFSI 콰트로",4
10003585,1001271,"2.5 V6 골드",4
10007521,1001647,"1.6 GDI 스마트 스페셜",4
10014548,1002768,"가솔린 7인승 아웃도어 노블레스",4
10016331,1003283,"1.0톤/킹캡/장축/(TCi)",4
10008626,1001800,"3.0 디젤",4
10015915,1003135,"슈퍼캡/초장축",4
10012122,1002505,"2WD 가솔린 기어Ⅱ",4
10013855,1002798,"3.5T 가솔린 AWD",4
10014007,1000778,"4톤",4
10008031,1001707,"320i 세단 M 스포츠",4
10017367,1003503,"5톤 이상",4
10011413,1002495,"디젤 1.6 2WD",4
10004654,1000796,"디럭스",4
10015378,1002959,"P360 AB",4
10003595,1001363,"N20 엘레강스 스페셜",4
10007923,1001696,"S 350L d",4
10016175,1003156,"1.0톤/표준캡/초장축/(CRDi)",4
10015676,1003050,"1.0톤/킹캡/장축",4
10016234,1003270,"1톤",4
10013635,1002488,"4.0 GTS",4
10013875,1002654,"2.7 202 AWD",4
10015024,1002961,"xDrive 60 DPE 이그제큐티브 팩",4
10004145,1001265,"1.6 5DR CVVT",4
10011362,1002487,"3.6 플래티넘 AWD",4
10016595,1002965,"EQE 53 AMG 4MATIC+",4
10010110,1002206,3.0,4
10004773,1000793,"1.5 DIAMOND",4
10016191,1003158,"일반캡/초장축/(TCi)",4
10004697,1000810,"디아트",4
10008395,1001760,"3.0 TFSI 콰트로 엔트리",4
10013759,1002672,"2.0 B5 프로 AWD",4
10005166,1000802,"9인 RD400",4
10010474,1002290,"2.0 HDi",4
10005409,1000801,"반도",4
10014699,1002647,"3.0 쿠페 플래티넘 에디션",4
10016787,1002225,"클래식 런치팩",4
10007610,1001664,"1.8T 아반트",4
10003880,1000850,"4WD 2.0 GOLD",4
10008449,1001769,"2.0 TDI 블루모션 프리미엄",4
10003573,1000837,2.4,4
10014632,1002570,"xDrive 20i xLine",4
10015348,1002807,RWD,4
10013077,1002429,"4도어 63 S 4MATIC+",4
10012617,1002404,"D5 R-디자인 4WD",4
10016590,1002940,"740i xDrive M 스포츠 리미티드",4
10013075,1002683,"A220 해치백",4
10008222,1001726,"Z-3 2.3",4
10009409,1002019,"2.0 GDI PYL TUIX",4
10005118,1000866,"2WD HYPER",4
10005419,1000865,"수입",4
10015216,1002740,"1.6 법인전용",4
10004906,1000864,EL300,4
10012353,1000859,"1.4 터보 스포츠",4
10004359,1001164,"디젤 2WD 2.0 TLX",4
10005367,1001236,"5톤",4
10012298,1001396,"5인승 LPi",4
10014874,1002946,"LPG 3.5 2WD",4
10012822,1002658,"3.0 LPI",4
10016995,1003440,"55 스포트백 콰트로",4
10004438,1000894,"2.0 LPG GOLD",4
10007675,1001675,"디젤 2.0 2WD",4
10008261,1001735,"xDrive 30i",4
10017513,1003529,"1.6 가솔린 터보 프레스티지 4WD",4
10005297,1000892,"파맥스",4
10011753,1002198,"2.2 디젤 오버랜드 4WD",4
10015075,1002968,"4.2 콰트로",4
10016991,1003439,"터보",4
10003658,1001165,"린번 1.5 DOHC",4
10006575,1000887,"LIMITED 4.0",4
10012347,1000881,"2.0 MS 위너",4
10013449,1002482,"오라이언 24TB",4
10017009,1003438,"HEV 2.5T 4WD 9인승",4
10005281,1001448,"스페이스",4
10008817,1001872,"3.5 쿠페",4
10017250,1003227,"더블캡",4
10014145,1002755,"55 콰트로 스포트백",4
10003615,1001429,"Y20 프리미어",4
10012291,1000915,"2WD JX250",4
10013770,1002790,"디젤 2.2 4WD 프레스티지",4
10017005,1003437,"2.5T 4WD 9인승",4
10015057,1002966,"218d 퍼스트 에디션",4
10013133,1001327,"SE 스페셜",4
10015352,1002597,"2.0 TDI R-Line",4
10014195,1002615,"2.0 스포츠 4도어 아일랜더 에디션",4
10013567,1002756,"35 TDI 스포트백",4
10011676,1002045,"GLC 220 d 4MATIC 프리미엄 쿠페",4
10005469,1000910,1.6LTZ,4
10013757,1002681,"B5 인스크립션",4
10005229,1000907,"리무진",4
10003478,1001000,3.0,4
10004672,1000964,"3.3 GDI RVIP",4
10014799,1001706,"316Ti 쿠페",4
10009447,1000961,"1.6 GDI W 스페셜",4
10015111,1002981,"5.0 TFSI 아반트",4
10007193,1001569,"4.2 TDI 콰트로",4
10003760,1000925,"2.0 SRX",4
10014441,1001710,"520d 럭셔리 플러스",4
10016742,1003023,"4.4 레이블레드",4
10017251,1003225,"1.0톤/더블캡",4
10012877,1002596,"1.5 EX-L 2WD",4
10004149,1001307,"4DR 1.6GDI 럭셔리",4
10005394,1000924,"쌍용",4
10012489,1001772,"2.0 FSI 프리미엄",4
10010464,1002289,"1.6 BlueHDi 악티브",4
10009482,1000922,"1.4 프리미엄",4
10004564,1000930,"가솔린 1.6 CVVT W에디션",4
10016815,1002808,"캠핑카",4
10012744,1002640,"2.5 테크 4WD",4
10008478,1001775,"3.6 V6",4
10008566,1001792,"카레라 카브리올레 블랙에디션",4
10003521,1001397,"HG300 PRIME",4
10015068,1002970,4.2,4
10004785,1001035,"1.6 CDX BLUE & BLACK EDITION",4
10011320,1002480,"EV 프리미어",4
10016825,1003137,"1.2톤/표준캡/초장축/표준형/(싱글컴프)",4
10016943,1003430,"xDrive 20 M 스포츠 프로 퍼스트 에디션",4
10013142,1002688,"프리미엄 패밀리",4
10017502,1003528,"에스프리 알핀 1955",4
10015887,1003129,"더블캡/초장축/(TCi)",4
10004630,1000962,"2.0 럭셔리",4
10005335,1001250,"4.5톤",4
10009868,1002147,5.3,4
10017548,1003496,"레솔루트 에디션",4
10008218,1001725,745,4
10015127,1002987,"로드스터 2.0 TFSI 콰트로 컴피티션",4
10003737,1001007,"4DR 1.5",4
10016043,1003220,"1.4톤",4
10012236,1002603,"가솔린 3.8 4WD",4
10012242,1002605,"CLS 400d 4MATIC AMG Line",4
10012349,1002048,"2.0 PHEV",4
10010015,1002196,"2.5 스포츠",4
10015668,1003096,"1.0톤/일반캡/초장축",4
10004350,1001006,"2WD 2.5 VGT PREMIUM",4
10005177,1001002,"11인 RD400",4
10016035,1003219,LPG/SRX,4
10007247,1001463,"1.6 터보 스마트",4
10013809,1002463,"GLS550 4MATIC",4
10016024,1003218,DLX,4
10013286,1002703,"익스클루시브",4
10005425,1000833,"신한",4
10016022,1003217,SUPER,4
10009736,1002107,"4.5톤",4
10004605,1000963,"VG270 럭셔리",4
10007281,1001022,"CLS 250 블루텍 4MATIC",4
10017498,1003527,"시그니처 X-라인",4
10014635,1002750,M40i,4
10014552,1002778,"2WD 어드벤처",4
10008436,1001766,1.9,4
10011916,1002566,"디젤1.6 2WD 프리미어",4
10011706,1001733," xDrive 20d M 스포츠",4
10004847,1001096,"2.0 L6 SX",4
10005358,1001095,"6톤이상",4
10013237,1002590,P100D,4
10014855,1001093,"5인승 LPG",4
10016255,1003213,"슈퍼캡/초장축/(TCi)",4
10015118,1002985,"4.0 TFSI 콰트로",4
10015138,1002992,"B5 플러스 브라이트",4
10012272,1001173,"W 스페셜",4
10013856,1001316,"2톤",4
10010670,1002334,"4.7 MC 스트라달레",4
10013904,1002806,"3.5 LPG 2WD",4
10006570,1000884,"2.5 XLT",4
10004599,1001070,"1.6 GDI 노블레스",4
10011908,1002565,"LS 베이직",4
10003591,1001292,"2.5 V6",4
10013445,1002456,"45 TDI 콰트로",4
10016904,1003423,"1.0 가솔린 터보 밴",4
10004865,1000862,SUPER,4
10012071,1002313,"LP580-2 스파이더",4
10005243,1001144,BS090,4
10007891,1001695,"S350 CDI",4
10015195,1002993,"1.2 터보 액티브",4
10015541,1000998,"4.2톤",4
10007945,1001697,B180,4
10003667,1001227,"1.5 VVT 골드",4
10017595,1003545,"4.0 V8 GT 아주르",4
10011822,1002556,"LPI 2.0",4
10015510,1003045,"가솔린 1.6 터보 2WD 인스퍼레이션",4
10005234,1001089,"기타",4
10005656,1000949,"CLS 350 CDI",4
10010489,1002295,"1.6 e-HDI Eco-Turbo",4
10013939,1002811,"롱 레인지 4WD",4
10010223,1002236,"3.0 TDV6 HSE",4
10006229,1000972,"2.2D 익스클루시브",4
10011217,1002461,"베이직 플러스",4
10012537,1001802,"1.0 에디션1",4
10015306,1002781,"1.5 TSI 프레스티지",4
10010237,1002239,"4.6 SE",4
10005288,1001132,AM938,4
10005478,1001092,"1.8 LT+",4
10014129,1002564,"2.0 TDI 프리미엄 4모션",4
10014400,1002887,"가솔린 2.0 4WD",4
10016554,1002996,"xDrive 20i M 스포츠",4
10015120,1002643,"5.2 V10 스파이더 RWD",4
10011298,1002475,"1.6 터보 프리미엄",4
10011783,1002552,"럭셔리",4
10012093,1002021,"2.0 GDi 스마트",4
10015163,1002812,"LPG 라운지 인스퍼레이션 ",4
10015408,1003031,"1.6 2WD 캘리그래피",4
10017504,1001791," 1.8 TSI",4
10015242,1002998,"1.5 바이퓨얼 4WD",4
10014939,1002780,"45 TFSI",4
10016108,1003189,"일반캡/초장축",4
10007773,1001690,"C200K 아방가르드",4
10012097,1002457,"2.4 GDI 익스클루시브",4
10003732,1000871,"4DR 1.5",4
10016845,1003414,"시그니처",4
10015249,1003002,"인스퍼레이션",4
10009042,1001931,"쿠페 어드밴스드",4
10005068,1001338,"가솔린 2WD 서밋",4
10016850,1003413,"3.5 LPG 2WD",4
10008603,1001796,3.2,4
10004961,1001214,LE,4
10015264,1003006,"1.6 LPi (렌터카)",4
10012356,1001558,"LS 베이직",4
10015400,1003030,"1.6T 2WD 시그니처 그래비티",4
10016297,1003186,"더블캡/장축",4
10015692,1003051,"1.0톤/더블캡/초장축/(CRDi)",4
10009430,1001658,"디젤 1.7 2WD 트렌디",4
10014194,1002858,"시그니처",4
10004968,1001228,LE,4
10012548,1002533,"2.0 SD4 SE",4
10005332,1001158,"5톤이상",4
10014057,1002828,"2.0 디젤 4WD",4
10008282,1001739,"xDrive 40d",4
10015133,1001020,"2.0 TDI 스포트백 다이나믹",4
10008611,1001797,GTS,4
10016912,1002830,"G580 EQ 에디션 원",4
10016648,1002550,"언더리프트(렉카)",4
10015230,1002242,"3.0 D350 VOGUE SE 디젤",4
10014521,1002909,"4.4 P530 SWB",4
10013594,1002767,"터보",4
10011995,1001135,"수소(FUEL CELL) 2WD",4
10008329,1001754,"2.4 FSI",4
10015965,1003142,"더블캡/초장축/(TCi)",4
10015834,1003120,"슈퍼캡/초장축",4
10003683,1001345,HDEL,4
10011864,1001554,"GT 320D 스포트",4
10017373,1002485," 520i M 스포츠 블랙수트 에디션 ",4
10005249,1001294,BH119,4
10013380,1002663,"CT6 2.0 터보",4
10016507,1003344,"하이탑",4
10008367,1001758,"3.0 TDI 콰트로 LWB",4
10015342,1002736,"55 TFSI e 콰트로 프리미엄",4
10009661,1002077,"GT 컨버터블",4
10013833,1002582,"xDrive 18d 어드밴티지",4
10008474,1001774,"2.0 TDI",4
10016504,1003343,"표준캡/초장축",4
10016663,1002853,"3.5T GDI e-S/C AWD",4
10015924,1003136,"1.0톤/킹캡/초장축/표준형/(싱글컴프)",4
10011604,1002518,"디젤 4WD 어드벤처 60TH 에디션",4
10012928,1002423,"2.5T 포트폴리오 AWD",4
10012282,1000959,"2.0 GDI 유니크",4
10014840,1002610,"이동업무차",4
10016724,1002926,"EQB 300 4MATIC 프로그레시브",4
10004307,1000846,"2.2 디젤",4
10007984,1000973,"디젤 1.5 RE 시그니처",4
10016491,1003338,"1.2톤/표준캡/초장축/플러스형",4
10007330,1001599,"2.5 XLE",4
10013394,1001659,"1.6 디젤 론지튜드",4
10012412,1001685,"A45 AMG 4MATIC 코리아 에디션",4
10017220,1003029,"1.6T 2WD H-픽",4
10008530,1001789,"2.0 FSI",4
10017543,1003459,"GT 4WD",4
10013338,1002714,"1.6 터보 시그니처",4
10012576,1002256,"4.0 GT3-R",4
10016624,1002930,"1.5 레솔루트 에디션",4
10004405,1001290,LPI,4
10008197,1001722,"640 컨버터블",4
10010098,1002205,"5.0 R 쿠페",4
10010307,1002248,"2.5 V6",4
10011398,1001704,"GLA200 D 4MATIC",4
10012948,1002548,"1.5 BlueHDi 알뤼르",4
10012667,1002623,"1.6 HEV 노블레스",4
10016468,1003323,"GT 컨버터블",4
10003913,1001163,"디젤 2WD 2.2 MLX",4
10014160,1002850,"6.0 S",4
10017407,1003513,"컴패티션 M xDrive 퍼스트 에디션",4
10017436,1003491,"45 TFSI 콰트로 S-라인",4
10012268,1001146,"3.0 GDI 럭셔리",4
10008231,1001728,"sDrive 35is",4
10004710,1001300,SE,4
10011828,1002557,"3.3 T-GDI AWD",4
10015373,1001567,"3.0 TFSI 콰트로",4
10005179,1001152,"4WD RD400",4
10011810,1002554,"디젤 2.2 4WD",4
10011817,1002555,"1.6 프레스티지",4
10005424,1001078,"기타",4
10014303,1002733,"1.3 TCe RE 인스파이어",4
10010891,1002402,"2.5 T5 AWD",4
10014611,1002898,"스포트",4
10017308,1002635,"xDrive 30d M 스포츠 프로 스페셜 에디션",4
10016635,1003362,"5.0 GT 프리미엄 컨버터블",4
10014926,1002928,"319 CDi 유로코치 비지니스",4
10011659,1002528,"2.0T AWD",4
10010884,1002401,"2.0 D4",4
10011146,1002035,"디젤 1.5 DCI",4
10005120,1001064,"4WD AX7",4
10009370,1001418,"1.6 GDI 모던",4
10013950,1002687,"GLE 350e 4MATIC 쿠페",4
10012836,1002660,"4WD 디젤 1.6",4
10016559,1003361,"HEV 1.6 라운지 7인승",4
10005652,1000946,"CLA 200 CDI",4
10013873,1002674,"4WD 마스터즈 그래비티",4
10013105,1002684,"45 TFSI 콰트로 스포트백",4
10013878,1002718,M50i,4
10010171,1002215,HIGH,4
10017159,1003470,JCW,4
10008875,1001887,1.4,4
10005159,1001297,"2.0  4WD RX7",4
10008425,1001764,1.9,4
10011779,1002526,"가솔린 1.4 트렌디",4
10017258,1003122,"1.0톤/더블캡",4
10004417,1001382,"그랜드 LPI",4
10014325,1001694,"S320 CDI",4
10013554,1002753,"디젤 2.2 2WD 프레스티지",4
10017459,1003522,"가솔린 M7 2WD",4
10013112,1001561,"5.2 V10 플러스 익스클루시브 쿠페",4
10014447,1002893,"가솔린 2WD 프리미어",4
10013983,1002818,"썬쌰인",4
10016219,1003144,"1톤/더블캡",4
10016514,1003357,"1.0톤/킹캡/초장축/(CRDi)",4
10014706,1002395,"D4 프리미엄",4
10014509,1002903,"컴패티션 M xDrive KITH 에디션",4
10017128,1003465,"아드리아(ADRIA)캠핑트레일러",4
10011267,1001627,"세정",4
10012010,1002527,"35 TDI",4
10010273,1002244,"3.0 SDV6 HSE",4
10015726,1003099,"1.2톤",4
10008192,1001721,"635D 컨버터블",4
10004280,1000873,"2.0 TLX",4
10012193,1002047,"730d xDrive M 스포츠",4
10014296,1002227,"클래식 플러스 라이트",4
10009434,1001306,"디젤 2WD 2.0 노블레스",4
10012736,1002638,"이그제큐티브",4
10012705,1002632,EV,4
10003481,1001131,L25,4
10010834,1002394,2.3,4
10010953,1000941,"파맥스 2.5톤",4
10012987,1002678,"1.0 패션",4
10003832,1001309,"G380 프레스티지",4
10008456,1001771,GL,4
10016809,1002073,7.3,4
10007624,1001665,"2.0 TDI 콰트로",4
10016159,1003153,"일반캡/초장축/(CRDi)",4
10009687,1002085,"EDDIE BAUER 4WD",4
10007999,1001705,"GT xDrive EXCLUSIVE",4
10011344,1001732,"xDrive 20d M 에어로다이나믹",4
10013020,1002580,"620d xDrive M 스포츠",4
10012022,1002579,"1.6 LPI",4
10007968,1001700,"V220 CDI",4
10012041,1002546,"3.0 D300 R-다이나믹 SE",4
10009411,1000819,"디젤 2WD 익스클루시브",4
10014436,1002336,"3.0 모데나",4
10015284,1003010,"4.0 V8 GT 뮬리너",4
10016280,1003181,"1.0톤/킹캡/초장축/(CRDi)",4
10012032,1002455,"2.0 LPI 디럭스",4
10010044,1002197,"3.6 오버랜드",4
10016678,1003039,"GLC300 4MATIC 쿠페",4
10013729,1002218,"사이드워크",4
10009751,1002110,"2.0 프리미엄 AWD",4
10017231,1003411,"하이브리드 1.5 에스프리 알핀 누아르",4
10016272,1003180,"1.0톤/킹캡/초장축/수직형(2단)",4
10004232,1001038,"가솔린 LX18",4
10008161,1001714,"128i 쿠페",4
10014903,1000955,"GL420 CDI 4Matic",4
10011990,1002576,"2.0 디젤 2WD",4
10017226,1003022,"가솔린 2.5T 2WD H-픽",4
10004442,1001083,"2.0 가솔린",4
10004251,1001072,"2.0 REX20",4
10003961,1000921,"2.0 CRDI 9인",4
10015652,1003052,"1.0톤/슈퍼캡/장축",4
10016266,1003178,"장축",4
10016830,1003410,"가솔린 2.0 에스프리 알핀 2WD",4
10007383,1001620,"2.0 프레스티지",4
10008166,1001716,"118d 어반 팩 2",4
10015500,1003044,"HEV 1.6 2WD 인스퍼레이션",4
10009557,1002046,"1.6 GDI 노블레스",4
10003577,1001053,LPG,4
10011845,1002559,"1.6 터보 스포츠 코어",4
10015020,1002309,"2WD 가솔린 1.5 A7",4
10012764,1002553,"1.5 BlueHDi 알뤼르",4
10009881,1002151,6.0,4
10013550,1002738,"HEV 1.6 2WD 그래비티",4
10015626,1003068,"슈퍼캡/장축/(TCi)",4
10015994,1003149,"슈퍼캡/초장축/(CRDi)",4
10016361,1003170,"슈퍼캡/초장축/(TCi)",4
10014830,1002771,"1.3 TCE 필",4
10003612,1001412,"N20 스마트 블랙팩",4
10003690,1001380,"M16 GDI 프리미어",4
10014479,1002629,"2.0 TDI 프레스티지",4
10014095,1002696,"GL63 AMG 4MATIC",4
10008237,1001730,"xDrive 25d 4WD",4
10017320,1003493,"45 TFSI 콰트로 S-라인 ",4
10012902,1002671,"1.6 플럭스",4
10013968,1002814,"1.6 가솔린 시그니처",4
10010594,1002317,"1.3 디젤",4
10009444,1002022,"3.8 GDI 노블레스",4
10016368,1003066,"1.0톤/킹캡/장축/4WD/(CRDi)/3WAY형",4
10016777,1003402,"4WD S7",4
10004113,1000845,"1.5 Di SLX",4
10016795,1003025,TV7,4
10010675,1002335,"4.2 V8",4
10012095,1002020,"2.0 GDi 스마트",4
10012084,1001773,"2.0 TSI",4
10016317,1003166,"1.0톤/(TCi)",4
10005317,1001257,"20.5톤이상",4
10015358,1003027,"가솔린 2.5T 2WD 시그니처 그래비티",4
10012115,1002520,"2WD KX",4
10012740,1002036,"2.4 GDI 노블레스",4
10016310,1003165,"수동식 1.0톤/킹캡/초장축",4
10006909,1000985,3.0,4
10016308,1003164,"초장축",4
10013366,1001101,"2.4(수출형)",4
10004000,1001055,"6인(CRDi)",4
10004459,1001249,"1.7 VGT 프레스티지",4
10007437,1001626,"디젤 2.2 4WD",4
10006919,1001028,5.0,4
10013846,1002797,"S500L 4MATIC",4
10017573,1003542,"투어러 모던",4
10013039,1001709,"523i CL",4
10011892,1001720,"쿠페 컴패티션",4
10012300,1002562,"2WD 웨건 12인승 LPi",4
10011923,1002567,"인텐스",4
10008183,1001719,"420i 그란쿠페",4
10007403,1001621,"1.6 터보 노블레스",4
10016364,1002593,"4.0 V8 퍼포만테",4
10014024,1002200,"6.2 SRT",4
10017585,1001779,"2.0 TDI 블루모션",4
10011686,1002447,"1.5 터보 퍼펙트 블랙",4
10012694,1002631,"2.4 AWD 리미티드",4
10013457,1001168,"38인",4
10005708,1001023,"ML300 CDI",4
10015733,1003053,"1.0톤/슈퍼캡/초장축",4
10009492,1002030,3.5,4
10013120,1001027,"2.0 TFSI 로드스터 B&W",4
10013680,1002776,"인스퍼레이션",4
10015531,1003046,"HEV 7인승 시그니처 그래비티",4
10013362,1002719,"118d M 스포츠",4
10014560,1002777,"가솔린 1.6 터보 2WD 어드벤처",4
10005682,1000954,G280,4
10008501,1001780,"V6 3.6 4MOTION",4
10016748,1003396,"2.0 S ALL4",4
10003650,1000857,"투어링",4
10004612,1001032,"3.0 GDI 럭셔리",4
10013836,1002685,"60 TFSI 콰트로 LWB",4
10005363,1001133,"기타",4
10003983,1000841,"9인(CRDi)",4
10012696,1001406,"가솔린 8인승 수출형",4
10007558,1001656,"1.8 LS",4
10017545,1003392,"GT 4WD",4
10014988,1002406,"2.0 T5 AWD",4
10011608,1002519,"익스트림에디션",4
10013486,1002721,"가솔린 2.5T AWD",4
10015878,1003127,"슈퍼캡/초장축",4
10016719,1003390,"3.0 2WD",4
10013334,1002715,"2.0 시그니처",4
10011064,1002427,"3.8 GDI AWD",4
10015548,1003047,"5.0 GT 컨버터블",4
10004332,1001295,"디젤 2WD 트렌디",4
10013072,1002648,"디젤 2.0 dCi RE 4WD",4
10007238,1001579,"2.5 RE",4
10009199,1001967,2.4,4
10004448,1001140,"LPI LIMITED",4
10016367,1003065,"1.0톤/킹캡/장축/4WD/일반형(전동유압식)",4
10005239,1001031,BF120,4
10013124,1002686,"카레라 S 카브리올레",4
10015612,1003063,"엔트리",4
10013979,1002489,"4.0 GTS",4
10016345,1003285,"슈퍼캡/장축/(TCi)",4
10011287,1001578,"2.0 클래식",4
10013896,1002802,"2.0 TDI 프레스티지",4
10014052,1002827,"롱레인지 AWD",4
10016700,1003385,"마을버스 초장축 23인승(전중문)",4
10014651,1002833,D2,4
10011736,1001580,"가솔린 2WD 1.6 엣지 에디션",4
10010148,1002213,HIGH,4
10014571,1002836,"1.0 가솔린 터보 밴",4
10004297,1000816,"디젤 4WD JV300",4
10012244,1001798,"3.6 S 플래티넘 에디션",4
10012324,1002425,"디젤 2WD RE 플러스",4
10015755,1003054,"1.0톤/슈퍼캡/초장축/(CRDi)",4
10007753,1001689,C200,4
10010392,1002268,"2WD 3.5 스포츠",4
10013760,1002616,"B4 AWD 모멘텀",4
10015594,1003059,"1.4톤",4
10014105,1002226,"클래식 라이트",4
10015074,1002894,"4.2 FSI",4
10017104,1003384,"자가용 초장축 29인승",4
10013312,1002312,"S LP740-4",4
10015087,1002973,"EQS 580 4MATIC",4
10009780,1002122,"6.0 ESV",4
10016641,1002908,"레솔루트 에디션",4
10003637,1001447,"CVVL 어트랙션",4
10005215,1000898,"25인",4
10017556,1003539,"M235 xDrive 그란쿠페",4
10015295,1002791,"가솔린 2.5T 4WD ",4
10011568,1002516,"2WD 2.0 CVS",4
10015299,1002817,"시그니처 스페셜",4
10005302,1001080,"파맥스 3.5톤",4
10016919,1003381,"4.0 V8 터보 S E-HEV",4
10015587,1003057,"1.2톤",4
10015189,1002070,"5도어 2.0",4
10012427,1002449,"E200 쿠페",4
10012515,1001731,"X-3 3.0si",4
10017106,1002873,"C200 아방가르드",4
10005268,1001349,"시내좌석",4
10004094,1001116,"2.0 GDI SMART",4
10017099,1003377,3.2,4
10004374,1001226,"2WD 2.0 럭셔리",4
10003817,1000888,"BH330 PREMIUM",4
10004956,1001026,LE,4
10017294,1003489,"스피드 퍼스트 에디션",4
10016656,1003375,"1.5 바이퓨얼 4WD",4
10005011,1000974,"디젤 2WD 페어웨이",4
10004642,1001118,"노블레스",4
10003922,1001245,"디젤 2WD 2.0 익스클루시브",4
10016914,1002589,"4.0 V8 아주르",4
10012520,1001736,"xDrive 30d M 스포츠",4
10005371,1000787,"파맥스2.5톤",4
10013265,1001718,"컴페티션",4
10013479,1002741,"스탠다드 마이너스",4
10015988,1003148,"1.0톤/킹캡/초장축/(TCi)",4
10015436,1003034,"2.0 LPi (렌트카용)",4
10017032,1003373,"1.6 GTe E-TECH 아이코닉 디자인 패키지",4
10007976,1001701,"럭셔리",4
10012762,1002645,"2.0 BlueHDI GT",4
10014621,1002705,"M850i xDrive 쿠페",4
10007201,1001570,"2.0 TFSI 카브리올레",4
10006583,1000916,"3.5 LIMITED",4
10015854,1003124,"1.0톤/표준캡/초장축/(CRDi)",4
10017204,1003477,"AMG G63 매뉴팩처",4
10017567,1003541,"투어러 모던",4
10016628,1003372,"1.6 GTe 아이코닉",4
10003492,1001224,"가솔린 S25",4
10005306,1001183,"메가트럭4.5톤",4
10014403,1002888,"가솔린 3.8 4WD",4
10010248,1002240,"2.2 SD4 SE",4
10012646,1002618,"가솔린 1.3 E-터보 퍼펙트 블랙",4
10015354,1002889,"에어 (택시)",4
10007605,1001145,"2.0 W 스페셜",4
10008960,1001910,15M,4
10008642,1001801,"가솔린 3.0 S",4
10016610,1003370,"2.0 PHEV XSE",4
10017029,1002634,"320i 럭셔리 이노베이션팩",4
10011928,1002568,"2.0 하이브리드 EX-L",4
10010920,1002407,3.2,4
10017173,1003474,"1인승 밴 에어",4
10009128,1001949,4.2,4
10017190,1002569,"B5 AWD 울트라 브라이트",4
10003515,1001373,"Q270 PREMIER",4
10005701,1000966,ML350,4
10016600,1003367,"가솔린 2.5T 4WD",4
10008520,1001786,"1.8 카브리올레",4
10010651,1001691,"C200 쿠페",4
10016684,1003366,"CLE 450 4MATIC 카브리올레",4
10013047,1002621,"2WD 가솔린 1.5 C5 프라임",4
10004685,1001117,"1.6 터보 프레스티지",4
10008886,1001891,3.5,4
10015959,1003141,"슈퍼캡/초장축",4
10005347,1001350,"4.5톤",4
10017295,1002871,"xDrive 60 M 스포츠 프로",4
10009640,1002071,3.5L,4
10011708,1002534,"3.0 AWD 프레지덴셜",4
10014187,1002824,"220d 어드밴티지",4
10005402,1001090,"진도",4
10013427,1002734,"디젤 2.2 2WD 시그니처",4
10016572,1003365,"E300 4MATIC",4
10012592,1002165,4.7,4
10015466,1003042,"가솔린 7인승 시그니처",4
10007187,1001568,"30 TDI 콰트로",4
10004268,1001009,GH380,4
10007844,1001693,"E200 CGI 아방가르드",4
10013995,1002819,"3.3 T-GDI AWD",4
10004723,1001374,"가솔린 VAN",4
10009937,1002171,"5.7 R/T",4
10014031,1002821,"GLA45 AMG 4MATIC +",4
10012428,1002449,"E220d 카브리올레",40
10014020,1002213,"5도어 파인 레더 에디션",40
10008062,1001707,"325Xi 투어링",40
10008135,1001710,"535i xDrive",40
10013161,1002047,"750Li xDrive M 스포츠",40
10011387,1001696,"S 65 AMG",40
10013706,1002634,"M340i xDrive 투어링",40
10015039,1002449,"E250 AMG Line",41
10011388,1001696,"S 65 AMG 쿠페",41
10008063,1001707,"328i 세단",41
10008136,1001710,535d,41
10017216,1002634,"M340i xDrive 투어링 프로",41
10017038,1002213,"5도어 도이치 에디션",41
10009573,1002047,"750Li xDrive프리미엄",41
10014805,1002634,"M340i xDrive 투어링 Korea 25th Edition",42
10011468,1002449,E350d,42
10009574,1002047,"750Li xDrive 프레스티지",42
10008139,1001710,550i,42
10008064,1001707,"328i 세단 스포츠",42
10014320,1001696,"마이바흐 S 400 4MATIC",42
10017041,1002213,"5도어 디사이드 에디션",42
10008065,1001707,"328i M 스포츠",43
10012944,1002213,"5도어 60주년 에디션",43
10008140,1001710,"550i xDrive",43
10009572,1002047,"750Li xDrive 럭셔리",43
10007939,1001696,"마이바흐 S 500",43
10011470,1002449,"E220d 4MATIC 아방가르드",43
10014806,1002634,"M340i xDrive 투어링 M 퍼포먼스 에디션",43
10014125,1002213,"5도어 피카딜리 에디션",44
10014439,1001710,"550i xDrive M 스포츠",44
10007940,1001696,"마이바흐 S 500 4MATIC",44
10008067,1001707,"328i 쿠페",44
10013160,1002047,"750Li xDrive 디자인 퓨어 엑설런스",44
10011471,1002449,"E220d 4MATIC 익스클루시브",44
10014795,1001707,"328i XDrive",45
10014944,1002213,"5도어 퓨어 버건디 에디션",45
10013714,1002449,"E220d 4MATIC AMG라인",45
10008142,1001710,"M550d xDrive",45
10014913,1001696,"마이바흐 S 550",45
10017386,1002047,"750Li xDrive 프레스티지 DPE",45
10012007,1002047,"M760Li xDrive",46
10012505,1001710,"M550d xDrive M 에어로다이나믹",46
10008068,1001707,"328Xi 쿠페",46
10013512,1002213,"5도어 로즈우드 에디션",46
10012187,1001696,"마이바흐 S 560",46
10014648,1002449,"E300d 4MATIC 쿠페",46
10008069,1001707,"328i 컨버터블",47
10008144,1001710,"액티브 하이브리드",47
10014102,1002213,"5도어 에버딘 에디션",47
10012188,1001696,"마이바흐 S 560 4MATIC",47
10013162,1002047,"M760Li xDrive 엑설런스",47
10014844,1002047,"ALPINA B7",48
10008066,1001707,"328Xi 세단",48
10007941,1001696,"마이바흐 S 600",48
10016707,1002213,"5도어 애비로드 에디션",48
10008143,1001710,"알피나 B5",48
10008070,1001707,"330i 세단",49
10008105,1001710,"520i 투어링",49
10014911,1001696,"마이바흐 S 600 풀만",49
10015257,1002569,"B5 AWD 얼티메이트 브라이트",5
10015409,1003031,"1.6 4WD 익스클루시브",5
10013339,1002714,"2.0 트렌디",5
10011652,1001691,"C200 카브리올레",5
10005969,1001027,"2.0 TFSI 쿠페",5
10017055,1003034,"2.0 LPi(장애인용)",5
10015966,1003142,"슈퍼캡/초장축",5
10007625,1001665,"2.0 FSI",5
10015960,1003141,"장축",5
10004460,1001249,"1.7 VGT 노블레스",5
10009384,1001169,"1.4VVT 모던",5
10011846,1002559,"1.6 터보 JBL 익스트림 사운드 에디션",5
10005354,1000941,"3.5톤",5
10003984,1000841,"11인",5
10012949,1002548,"1.5 BlueHDi GT Line",5
10008624,1001799,"S 3.4 블랙에디션",5
10016936,1002959,"P400 AB",5
10007709,1001118,"노블레스 스페셜",5
10017147,1003039,"GLC300 4MATIC 쿠페 아방가르드",5
10014607,1001569,"4.2 TDI 콰트로 프레스티지",5
10003833,1001309,"G380 파이니스트 에디션",5
10015467,1003042,"가솔린 7인승 그래비티",5
10011743,1001627,"코쿤",5
10012668,1002623,"1.6 HEV 노블레스 스페셜",5
10007442,1001295,"디젤 2WD 에이스",5
10015925,1003136,"1.0톤/킹캡/초장축/표준형/프리미엄/듀얼",5
10005250,1001294,BH120,5
10015916,1003135,"장축",5
10003479,1001000,3.5,5
10005683,1000954,G300,5
10011699,1002533,"2.0 SD4 HSE",5
10004703,1001172,SX,5
10015888,1003129,"슈퍼캡/초장축",5
10015567,1002632,"EV 밴",5
10004449,1001140,"LPI PREMIUM",5
10004686,1001117,"1.6 터보 노블레스",5
10004443,1001083,"1.8 DSL",5
10017351,1003044,"HEV 1.6 2WD 블랙 익스테리어",5
10012988,1002678,"1.0 프라임",5
10005960,1001020,"2.0 TFSI",5
10015879,1003127,"장축",5
10008253,1001733," xDrive 30d",5
10015180,1002070,"2.0 디젤",5
10009562,1001702,"스포츠 RUN",5
10004095,1001116,"2.0 GDI MODERN",5
10017355,1003045,"가솔린 1.6 터보 2WD 블랙 익스테리어",5
10015855,1003124,"1.0톤/표준캡/초장축/(TCi)",5
10005405,1001090,"한특",5
10003493,1001224,"가솔린 S30",5
10007559,1001656,"1.8 LT",5
10016384,1003122,"1.2톤",5
10004560,1000930,"가솔린 1.6 CVVT PREMIUM(SI)",5
10016826,1001628,"캠핑카",5
10007969,1001700,V230,5
10015835,1003120,"장축",5
10017234,1003046,"HEV 7인승 시그니처 X-라인",5
10010676,1002335,"4.2 V8 스포츠 GT",5
10003660,1001165,"린번 1.5 DOHC 디럭스",5
10008438,1001766,"1.4 TDI 블루모션 R-LINE",5
10014884,1002871,M60,5
10007546,1001653,"2.0D R스포츠",5
10017374,1003102,"4WD/슈퍼캡/장축",5
10005259,1001168,"기타",5
10015727,1003099,"1.2톤/킹캡/초장축",5
10004009,1001370,"캠핑카",5
10015680,1003050,"1.0톤/킹캡/초장축/프리미엄와이드",5
10007676,1001675,"디젤 2.0 4WD",5
10012522,1001735,"xDrive 3.0si",5
10012912,1001781,"V6 3.0 TDI 블루모션 익스클루시브",5
10011784,1002552,"프레스티지",5
10011677,1002045,"GLC 250 d 4MATIC 쿠페",5
10015734,1003053,"1.0톤/일반캡/초장축",5
10005483,1001092,"1.8 LT+ 레더 패키지",5
10004866,1000862,"SUPER ROYALE",5
10017024,1002920,45,5
10004078,1000824,"터보 GDI 익스트림",5
10017297,1003027,"가솔린 2.5T 2WD 시그니처 X-라인",5
10013876,1002570,"xDrive 20i M 스포츠",5
10014456,1002071,"3.5 하이브리드",5
10012094,1002021,"2.0 GDi 프리미엄",5
10004406,1001290,"리무진",5
10011278,1001719,"420i 그란쿠페 럭셔리",5
10005338,1001316,"2.5톤",5
10007202,1001570,"2.0 TFSI 콰트로 카브리올레",5
10015627,1003068,"슈퍼캡/장축/4WD",5
10015653,1003052,"1.0톤/슈퍼캡/초장축",5
10004943,1001327,LE,5
10015619,1003066,"1.0톤/표준캡/장축/(CRDi)",5
10014240,1001080,"만트럭 3.5톤",5
10008314,1001753,"2.4 콰트로",5
10004196,1001173,"럭셔리",5
10005016,1000974,"디젤 2WD 보스",5
10015263,1003006,"1.6 LPi (장애인)",5
10015032,1001718,"컴페티션 파이널에디션",5
10015279,1003010,"4.0 V8 GTC",5
10012994,1002679,"퍼포먼스",5
10004375,1001226,"2WD 2.0 트랜디",5
10017112,1003047,"쉘비 GT350 쿠페",5
10014360,1002406,"2.0 T6 AWD",5
10015595,1003059,"슈퍼캡/초장축/(CRDi)",5
10004957,1001026,LPLi,5
10011673,1001798,"3.6 GTS",5
10008521,1001786,"2.0 TDI",5
10015756,1003054,"1.0톤/슈퍼캡/초장축/(터보)",5
10010138,1001406,"가솔린 9인승 하이리무진",5
10012088,1000902,"2.0 2WD LT디럭스팩",5
10015588,1003057,"1.3톤/킹캡/초장축/(CRDi)",5
10009781,1002122,6.2,5
10003923,1001245,"디젤 4WD 2.0 스마트",5
10005326,1000998,"4.5톤",5
10013526,1002749,"GLS 580 4MATIC",5
10011987,1001701,"윈도우밴",5
10017205,1003477,"G580 EQ",5
10014834,1001214,"LPLI SE",5
10017174,1003474,"2인승 밴 라이트",5
10008396,1001760,"3.0 TFSI 콰트로 다이나믹",5
10013874,1002534,"3.0 AWD 블랙라벨",5
10008605,1001796,3.4,5
10012918,1002673,"P250 런치 에디션",5
10017574,1003542,"라운지 프레스티지",5
10011660,1002528,"3.3T 스포츠",5
10013626,1002771,"1.3 TCe RE",5
10005282,1001448,"익스프레스",5
10017129,1003465,"베일리(BAILEY)캠핑트레일러",5
10015051,1002753,"디젤 2.2 2WD 프레스티지 초이스",5
10013596,1002647,"2.9 S",5
10011780,1002526,"가솔린 1.4 프레스티지",5
10008426,1001764,2.0,5
10015050,1002671,"1.6 프리미엄",5
10013761,1002616,"B4 AWD R-디자인",5
10006571,1000884,"2.5 LIMITED",5
10011945,1002485,"520d 럭셔리 플러스",5
10016802,1002519,"렉카",5
10011603,1002518,"렉카",5
10014740,1002243,"4.2 V8 SC VOGUE",5
10016464,1002629,"2.0 TDI 프레스티지 4모션",5
10015420,1002654,"2.7 200 AWD",5
10016727,1002672,"2.0 B5 플러스 AWD",5
10003733,1000871,"5DR 1.5",5
10014407,1002605,"CLS 450 4MATIC",5
10009483,1000922,"1.4 퍼펙트 블랙",5
10011414,1002495,"디젤 1.6 2WD 플럭스",5
10017583,1002786,"3.0 AWD 트래머",5
10005160,1001297,"2.0  4WD 노블레스",5
10014238,1002790,"디젤 2.2 4WD 마스터",5
10013781,1002791,"가솔린 3.3T 2WD",5
10009509,1002035,"LPG 2.0 LPe",5
10013231,1002694,"3.6 익스트림-X 4WD 스포츠 바",5
10008531,1001789,"2.0 FSI 프리미엄",5
10011019,1002422,"장축 DLX",5
10011130,1002198,"2.2 디젤 론지튜드 AWD",5
10012011,1002527,"35 TDI 프리미엄",5
10017138,1002219,"레솔루트 에디션",5
10004646,1001145,"2.0 프레스티지",5
10012998,1002590,"스탠다드 레인지",5
10012102,1002497,"2.0 PHEV",5
10008368,1001758,"3.0 TFSI 콰트로",5
10017515,1003529,"1.6 가솔린 터보 시그니처 2WD",5
10013851,1002798,"2.2 디젤 2WD",5
10014351,1002489,"4.0 25th 에디션",5
10013636,1002488,"4.0 GT4",5
10013501,1002487,"3.6 스포츠 AWD",5
10011427,1002498,"디젤 2.2 2WD",5
10011218,1002461,"디럭스",5
10009938,1002171,"6.1 SRT8",5
10016996,1003440,"55 스포트백 콰트로 프리미엄",5
10012823,1002658,"3.0 LPI(랜터카)",5
10009479,1000811,"디젤 2.0 LS 디럭스팩",5
10005387,1000923,"볼보",5
10013450,1002482,"크로스트렉 20XG",5
10014601,1002755,S,5
10013371,1002720,"2WD 1.3 터보 가솔린 프리미어",5
10013568,1002756,"35 TDI 스포트백 프리미엄",5
10013650,1001717,"220d 그란 쿠페 어드밴티지",5
10016924,1002463,"GLS63 AMG 4MATIC",5
10011137,1002447,"2.0 터보 LT",5
10003623,1001429,"Y20 월드컵 스페셜 에디션",5
10008213,1001725,750,5
10016944,1003430,"xDrive 20d",5
10011825,1002557,"3.8 GDI 2WD",5
10011881,1002562,"2WD 밴 3인승",5
10008270,1001736,"xDrive 40d",5
10008462,1001772,"2.0 TDI",5
10005373,1000787,"트레이드2.5톤",5
10004783,1001035,"1.8 SX ID",5
10014736,1002245,"3.0 TDV6 오토바이오그라피",5
10013026,1002582,"xDrive 18d 프리미엄",5
10003656,1001071,2.0,5
10011202,1001250,"5톤",5
10013671,1002775,"가솔린 1.6 터보 2WD N Line 모던",5
10004712,1001300,MX,5
10007331,1001599,3.5,5
10004668,1000964,"3.8 GDI 프레스티지",5
10010238,1002239,"4.6 HSE",5
10005289,1001132,AM939,5
10010901,1002404,3.2,5
10004969,1001228,RE,5
10016846,1003414,"시그니처 블랙",5
10013981,1002457,"2.4 GDI 임원전용",5
10013561,1002684,"45 TFSI 콰트로 프리미엄 스포트백",5
10011731,1002546,"3.0 D300 R-다이나믹 HSE",5
10017539,1003411,"에스카파드",5
10017309,1002873,"C200 AMG 라인",5
10008259,1001734,"4.8 I",5
10017230,1003410,"가솔린 2.0 에스프리 알핀 누아르 2WD",5
10004848,1001096,"2.0 L6 CDX",5
10012765,1002553,"1.5 BlueHDi GT Line",5
10005064,1001338,"가솔린 4WD CW600 4TRONIC",5
10008502,1001780,"V8 4.2",5
10013957,1002814,"1.6 가솔린 터보 GT 5도어 시그니처",5
10009445,1002022,"3.8 GDI VIP",5
10014892,1002449,"E200 카브리올레",5
10017164,1003402,"4WD S8",5
10011735,1001872,"2.0 하이브리드",5
10007946,1001697,"B180 CDI",5
10012842,1002567,"인텐스 파노라믹",5
10016646,1002448,"20d 체커 플래그 에디션",5
10010099,1002205,"5.0 R 쿠페 AWD",5
10005495,1000879,"LPGI 스페셜 컬러 에디션",5
10013712,1002687,"GLE 400d 4MATIC 쿠페",5
10012279,1001779,"2.0 TSI 컴포트",5
10005709,1001023,ML350,5
10004233,1001038,"가솔린 LX20",5
10016749,1003396,"2.0 S ALL4 클래식",5
10016961,1002777,"가솔린 1.6 터보 2WD N line 프리미엄",5
10017531,1002429,"AMG GT63 S E 퍼포먼스 4MATIC+",5
10011207,1002426,"3.3 T",5
10014503,1001720,"쿠페 컨패티션 헤리티지",5
10012524,1001739,"xDrive 40d M 스포츠",5
10012261,1001621,"1.6 터보 노블레스 스페셜",5
10013660,1002634,"320i M 스포츠",5
10016720,1003390,"3.0 4WD",5
10017182,1002550,"캠핑카",5
10011399,1001704,"GLA200 D 4MATIC 액티비티 에디션",5
10008628,1001800,"3.0 4S",5
10015434,1002681,"B5 R-디자인",5
10016782,1002718,"M50i 25주년 에디션",5
10010671,1002334,"S 4.7",5
10011994,1002165,5.7,5
10014370,1002686,"카레라 GTS",5
10007424,1001623,"디젤 4WD SE",5
10016702,1003385,"어린이버스 초장축 30인승",5
10004418,1001382,"뉴 GX",5
10012997,1002507,"퍼포먼스",5
10011049,1002425,"디젤 2WD RE 시그니처",5
10012001,1001801,"가솔린 3.0 GTS",5
10016687,1003384,"영업용 단축 25인승",5
10007717,1001684,A160,5
10009200,1001967,2.5,5
10009465,1000859,"1.4 터보 스타일 에디션",5
10016771,1002214,T1,5
10011032,1002423,"2.5T 프레스티지",5
10005216,1000898,"29인",5
10016918,1003381,"4.0 V8 GTS",5
10008330,1001754,"2.4 FSI 콰트로",5
10010249,1002240,"2.2 SD4 HSE 럭셔리",5
10007924,1001696,"S 350L d 4MATIC",5
10007754,1001689,C200K,5
10011239,1001579,"3.5 V6",5
10014951,1001887,1.5,5
10014522,1002909,"4.4 P530 LWB",5
10003592,1001292,"2.0 LPG",5
10012761,1002645,"2.0 BlueHDI GT Line",5
10012210,1002602,"320i 스포츠",5
10011818,1002555,"1.6 노블레스",5
10011760,1002520,"2WD TX",5
10013940,1002085,"3.5 EcoBoost Platinum",5
10013048,1002621,"2WD 가솔린 1.5 C5 플러스",5
10017380,1003373,"1.6 GTe 아이코닉 컬러 패키지",5
10011444,1002505,"2WD 가솔린 기어 에디션",5
10017568,1003541,"라운지 인스퍼레이션",5
10014622,1002705,"M850i xDrive 쿠페 퍼스트 에디션",5
10005269,1001349,"시외직행",5
10017382,1003372,"1.6 GTe 아이코닉 컬러 패키지",5
10015164,1002812,"LPG 라운지 프레스티지",5
10011959,1002475,"1.6 터보 마이 시티 에디션",5
10017596,1003545,"4.0 V8 GTC 코어",5
10011224,1002462,"3.0 AWD 럭셔리",5
10011495,1002458,"가솔린 1.4 퍼펙트 블랙",5
10009493,1002030,"3.5 AWD",5
10010921,1002407,4.4,5
10013254,1002151,6.2,5
10008167,1001716,"118d 스포츠",5
10017051,1003366,"CLE 53 AMG 4MATIC+ 카브리올레",5
10012239,1002604,2.5,5
10011569,1002516,"2WD 2.0 CVT",5
10009558,1002046,"1.6 VGT 디럭스",5
10010016,1002196,"2.8 루비콘 2DR",5
10016950,1003365,"E350 e 4MATIC",5
10008609,1001797,"3.2 V6",5
10014909,1000966,"ML350 블루텍 4Matic",5
10013985,1002818,"파크웨이",5
10013993,1002819,"3.8 GDI 2WD",5
10012725,1002636,"xDrive 30d M 스포츠 6인승",5
10004984,1001293,"2.0 SE ART",5
10012752,1002641,"xDrive 20d 어드벤티지",5
10012096,1002020,"2.0 GDi 프리미엄",5
10008198,1001722,"650 쿠페",5
10014789,1002898,"스포츠 파이널 에디션",5
10012615,1002401,"2.0 D4 R-디자인",5
10010111,1002206,"3.0 럭셔리 4WD",5
10016558,1003361,"HEV 1.6 라운지 9인승",5
10010172,1002215,"5도어 기본형",5
10017285,1002823,"420i 컨버터블 M 스포츠 이노베이션 팩",5
10017460,1003522,"가솔린 M7 4WD",5
10014287,1002225,"클래식",5
10007449,1000833,"천하",5
10016515,1003357,"1.0톤/킹캡/초장축/(TCi)",5
10010844,1002395,D5,5
10014448,1002893,"가솔린 4WD LT",5
10005348,1001350,"5톤",5
10013763,1002701,"45 TFSI",5
10014927,1002928,"319 CDi 유로코치 럭셔리",5
10015119,1002643,"5.2 V10 퍼포먼스 스파이더",5
10004298,1000816,"디젤 4WD QV300",5
10012452,1002617,"2.9 4S 이그제큐티브",5
10007871,1001694,S350,5
10010836,1002394,2.4,5
10013539,1002738,"HEV 1.6 4WD 프레스티지",5
10003586,1001271,"2.0 LPG",5
10014396,1002828,"2.0 LPG 2WD",5
10008187,1001721,"645CI 쿠페",5
10004141,1001265,"디젤1.5 4DR VGT",5
10011998,1001620,"2.0 스페셜 에디션",5
10013595,1002767,"터보S",5
10004389,1001306,"디젤 2WD 2.2 럭셔리",5
10017046,1003344,"1톤/롱바디",5
10009662,1002077,"쉘비 GT500 쿠페",5
10008646,1001802,"1.0 프라임",5
10016500,1003343,"1.2톤/킹캡/초장축",5
10014167,1002853,"3.5T GDI e-S/C LWB AWD",5
10014291,1002226,"클래식",5
10003671,1001227,"5DR 1.5 VVT 스포츠",5
10014457,1002894,"4.2 FSI 콰트로",5
10007279,1000946,"CLA 200 CDI NAVI",5
10003687,1001345,"EZ PACK",5
10013395,1001659,"1.6 디젤 리미티드",5
10017341,1002774,"2WD 3.3 GT 트리뷰트 에디션",5
10012049,1002585,"P250 SE",5
10009531,1000976,"R350 4MATIC",5
10011863,1001009,"GH380 아만티",5
10016469,1003323,"쉘비 GT500 쿠페",5
10003890,1001059,"2WD(2.2VGT) CLX",5
10013827,1002768,"가솔린 7인승 하이리무진 시그니처",5
10013287,1002703,"캘리그래피",5
10008004,1001706,"318I 세단",5
10003519,1001373,"Q270 TOP",5
10017488,1002883,"90 D250 X-다이내믹 SE",5
10016840,1003317,"1.2톤/킹캡/초장축/턴인형(2단)",5
10011850,1002561,"가솔린 9인승 노블레스",5
10010302,1002247,"3.2 I6 HSE",5
10014609,1002734,"디젤 2.2 2WD 그래비티",5
10016652,1003312,"1.2톤/전동식/킹캡/초장축",5
10003682,1001302,"2.0 VVT X20",5
10014839,1002610,"냉동차",5
10009551,1001163,"디젤 2WD 2.2 CLX",5
10004092,1000959,"2.0 GDI PYL",5
10007168,1001561,"5.2 V10 스파이더",5
10012507,1001708,"M3 M 퍼포먼스 사일런스 에디션",5
10015081,1002649,"2.5 4WD 하이브리드 LTD",5
10016887,1002136,"E-Ray 쿠페",5
10004346,1001006,"4WD 2.5 WGT",5
10016625,1002930,"1.5 사이드워크",5
10016837,1003303,"1.2톤 스탠다드/표준캡/초장축(싱글컴프)",5
10014684,1002931,"1.6 쿠퍼 D",5
10010224,1002236,"3.0 SDV6 SE",5
10010339,1002257,"GTC 스피드",5
10011114,1001732,"xDrive 20d xLine",5
10016409,1003298,"일반캡/장축/4WD",5
10012847,1002615,"2.0 루비콘 2도어",5
10017177,1002947,"캘리그래피 블랙 익스테리어",5
10014493,1002631,"2.4 AWD 리미티드 하이",5
10013220,1002627,"1.6 터보 프리미엄 밀레니얼",5
10013073,1002648,"디젤 2.0 dCi RE 시그니처 4WD",5
10013313,1002312,"S LP740-4 로드스터",5
10013698,1002618,"가솔린 1.3 터보 레드라인",5
10016401,1003297,"킹캡/장축/4WD",5
10013492,1002743,"45 TFSI 콰트로",5
10004836,1000917,"2.0 L6 CDX",5
10007774,1001690,"C200 CGI",5
10011737,1001580,"가솔린 2WD 1.6 삼바 에디션",5
10012072,1002313,"LP640-4 퍼포만테",5
10014532,1002914,"냉동탑차",5
10012510,1001730,"sDrive 18d 2WD",5
10003486,1001131,Q30,5
10014542,1002917,"3.5톤",5
10016881,1002727,"P250 다이나믹 SE",5
10012168,1002600,"xDrive 20d xLine",5
10004150,1001307,"4DR 1.6GDI 프레스티지",5
10007350,1001606,"가류 (4세대)",5
10007604,1001663,SRT-8,5
10016332,1003283,"1.0톤/킹캡/초장축/(CRDi)",5
10013383,1002683,"A250 4MATIC 세단",5
10014606,1002827,"GT AWD",5
10005321,1000778,"4.5톤",5
10010393,1002268,"2WD 3.5 투어링",5
10004655,1000796,"럭셔리",5
10003602,1001363,"N20 블랙 프리미엄",5
10016235,1003270,"1톤/(LPG)",5
10005024,1001024,"디젤 4WD SE",5
10015025,1002961,"xDrive 60 DPE 인디비주얼",5
10003846,1001136,"1.6 VGT",5
10004770,1000793,"1.5 5DR ",5
10017604,1002963,"시그니처 X-라인",5
10013681,1002036,"2.4 GDI 스페셜",5
10004796,1000812,EAGLE,5
10004246,1000881,"2.0 VS",5
10005167,1000802,"9인 RD500",5
10007522,1001647,"1.6 GDI 모던",5
10005407,1000801,"수성",5
10013272,1002702,"2.5 캘리그래피",5
10007861,1001693,"E200 쿠페",5
10013481,1002741,"프레스티지",5
10003882,1000850,"2WD 2.0 VGT GVS",5
10004252,1001072,"2.5 R25V",5
10014961,1001769,"1.8 가솔린",5
10007182,1001567,"3.0 TDI 콰트로",5
10008032,1001707,"320i 세단 CP",5
10005114,1000866,"4WD CX5",5
10007611,1001664,"1.8T 카브리올레",5
10004907,1000864,SPECIAL,5
10015250,1002946,"LPG 3.5 2WD(장애인용)",5
10013363,1002719,"118d M 스포츠 퍼스트 에디션",5
10009404,1002019,"1.6 VGT 유니크",5
10012641,1002145,"GLE 350 d 4MATIC 프리미엄",5
10005296,1000892,"프런티어",5
10010077,1002200,"6.4 헤미",5
10017282,1002213,JCW,5
10017333,1003496,JCW,5
10006576,1000887,"LIMITED 4.6",5
10010274,1002244,"3.0 SDV6 HSE 다이나믹",5
10008223,1001726,"Z-3 2.8",5
10003864,1000819,"디젤 4WD 300X",5
10014697,1002597,"2.0 TSI 프레스티지",5
10003967,1000915,"4WD EX250",5
10004358,1001164,"디젤 2WD 2.0 LIMITED",5
10013941,1001236,"25톤",5
10015543,1002966,"220i 어드밴티지",5
10004012,1001396,"냉동차",5
10012081,1002596,"1.5 EX-L 4WD",5
10005476,1000910,"1.8 LS+",5
10005230,1000907,"캠핑카",5
10015065,1002968,"5.2 FSI 콰트로",5
10004677,1000961,"1.6 GDI 프레스티지",5
10003759,1000925,"2.0 SPECIAL",5
10005399,1000924,"인정",5
10013641,1002740,"1.6 터보 N Line 스포츠",5
10014250,1002556,"LPI 2.0 (렌터카용)",5
10014742,1001710,"520d 럭셔리 플러스 프로",5
10014236,1002638,F-Sport,5
10003628,1001447,"CVVL 모던",5
10010330,1002256,"6.0 GT",5
10004606,1000963,"VG350 노블레스",5
10010295,1002246,"2.0 TD4 SE",5
10013099,1000956,"GLK220 CDI 프리미엄",5
10008567,1001792,"카레라 S",5
10015088,1002973,"EQS 580 4MATIC 런치에디션",5
10004631,1000962,"2.0 프레스티지",5
10003962,1000921,"2.0 VGT 9인",5
10016044,1003220,"1.4톤/더블캡",5
10003738,1001007,"4DR 1.5(린번)",5
10009869,1002147,5.7,5
10010465,1002289,"1.6 BlueHDi 알뤼르",5
10013847,1002635,"xDrive 40d xLine",5
10005174,1001002,"11인 RD500",5
10016036,1003219,PRO,5
10016025,1003218,"DLX 롱카고",5
10016023,1003217,"SUPER 롱카고",5
10007282,1001022,"CLS 250 블루텍 4MATIC 슈팅 브레이크",5
10011183,1002456,"45 TDI 콰트로 프리미엄",5
10014553,1002778,"2WD N-Line 프리미엄",5
10009737,1002107,"5톤이상",5
10013040,1001709,"523i IL",5
10014508,1002903,"컴패티션 M xDrive 퍼스트 에디션",5
10006911,1000985,4.2,5
10007120,1001554,"GT 320D xDrive",5
10016770,1001070,"1.6 GDI 휠체어리프트",5
10010487,1002295,"1.6 e-HDI Active",5
10014766,1002298,"2.2 스포트",5
10009371,1001418,"1.6 GDI 프리미엄",5
10011110,1001463,"1.6 터보 썸머 스페셜",5
10015196,1002993,"1.2 터보  RS",5
10005181,1001152,"4WD RD500",5
10013487,1002721,"가솔린 3.5T 2WD",5
10017557,1003539,"M235 xDrive 그란쿠페 프로",5
10003522,1001397,"HG300 NOBLE",5
10014188,1002824,"220d 럭셔리",5
10014060,1002830,"AMG G63",5
10007746,1001687,SL600,5
10014545,1002566,"디젤1.6 2WD 퍼펙트 블랙",5
10016555,1002996,"M35i xDrive",5
10014262,1002197,"3.6 서밋",5
10016109,1003189,"일반캡/초장축/(TCi)",5
10008555,1001791,"2.0 TDI",5
10013143,1002688,"프리미엄 밀레니얼",5
10007893,1001695,S350L,5
10012499,1001714,"120d 해치백",5
10009043,1001931,"컨버터블",5
10012484,1001771,"GL DLX",5
10008001,1001705,"GT 50i xDrive M SPORT",5
10016859,1003186,"더블캡/장축/4WD",5
10015450,1002733,"1.6 GTe 인스파이어",5
10005657,1000949,"CLS 500",5
10013021,1002580,"630i xDrive 럭셔리",5
10016952,1002992,"B5 얼티메이트",5
10016281,1003181,"1.0톤/킹캡/초장축/(TCi)",5
10011991,1002576,"2.0 디젤 4WD",5
10010254,1002242,"4.4 SDV8 VOGUE SE 디젤",5
10012625,1002227,"그린 파크",5
10017237,1003180,"1.0톤/킹캡/초장축/표준형(2단)",5
10011800,1002336,"3.0 스포츠",5
10017228,1003022,"가솔린 2.5T 2WD H-픽 블랙 익스테리어",5
10006230,1000972,"3.5 하이브리드",5
10016267,1003178,"초장축",5
10007134,1001558,LT,5
10003607,1001412,"N20 엘레강스 스페셜",5
10015689,1003051,"1.0톤/더블캡/장축/(CRDi)",5
10008469,1001773,"2.0 TDI",5
10016362,1003170,"일반캡/초장축/(CRDi)",5
10013592,1002731,"4.0 TDI R-Line",5
10013462,1002739,"2.2 디젤 2WD",5
10017316,1003493,"40 TDI 콰트로 어드밴스드",5
10003691,1001380,"M16 GDI 탑",5
10013929,1002797,"S580L 4MATIC",5
10014237,1002309,"2WD 가솔린 1.5 업비트",5
10014500,1001146,"3.0 GDI 노블레스",5
10004613,1001032,"3.0 GDI 프레스티지",5
10006918,1001028,"3.0 SC",5
10017135,1003023,"4.4 V8 PHEV",5
10016915,1002589,"4.0 V8 EWB 아주르",5
10014978,1002950,"5.2 FSI 콰트로",5
10011910,1002565,LT,5
10016856,1003025,"택시형",5
10016318,1003166,"1.0톤/킹캡/장축/(CRDi)",5
10009569,1002047,"730Ld xDrive",5
10009129,1001949,4.5,5
10005692,1000955,GL450,5
10016312,1003165,"수동식 1.2톤/킹캡/초장축",5
10009431,1001658,"디젤 1.7 2WD 노블레스",5
10008475,1001774,"2.0 TDI SPORT",5
10013908,1002807,"스탠다드 레인지",5
10012512,1001731,"X-3 2.0d",5
10006890,1001029,"3.0 SC AWD",5
10004002,1001055,"3인(LPG)",5
10011065,1002427,"5.0 GDI AWD",5
10011321,1001626,"가솔린 2.0T 2WD",5
10016176,1003156,"1.0톤/표준캡/초장축/(TCi)",5
10017306,1003491,"40 TFSI 콰트로 어드밴스드",5
10007726,1001685,"A180 CDI 스타일",5
10004720,1001374,"LPI POP",5
10016622,1003028,530e,5
10003501,1001288,"Q270 PREMIER",5
10013379,1001183,"볼보 4.5톤",5
10017222,1003029,"1.6T 2WD H-픽 블랙 익스테리어",5
10008961,1001910,15RX,5
10007188,1001568,"35 TDI 콰트로",5
10015995,1003149,"일반캡/초장축/(CRDi)",5
10015669,1003096,"더블캡",5
10013893,1002737,"55 TFSI 콰트로 프리미엄",5
10011811,1002554,"가솔린 2.0T 2WD",5
10007229,1001578,"2.0 SE",5
10015153,1002970,"4.2 콰트로",5
10015989,1003148,"1.2톤",5
10017162,1003030,"1.6T 2WD 시그니처 X-라인",5
10011906,1002564,"2.0 TDI 프레스티지",5
10004111,1000845,"1.5 Di MR",5
10016220,1003144,"1톤/킹캡",5
10008112,1001710,"523i 투어링",50
10008071,1001707,"330Xi 세단",50
10012862,1001696,"마이바흐 S 650",50
10008072,1001707,"330i 쿠페",51
10013306,1001696,"마이바흐 S 650 풀만",51
10008113,1001710,"525i 세단",51
10008073,1001707,"330i 컨버터블",52
10012186,1001696,"S 400 하이브리드",52
10008114,1001710,"525i 세단 스포츠",52
10014898,1001696,"S 400 4Matic 하이브리드",53
10008074,1001707,"330i 투어링",53
10008115,1001710,"525i 투어링",53
10008124,1001710,"528XI 세단",54
10014797,1001707,"330i xDrive",54
10011504,1001696,"S 400L 하이브리드",54
10008127,1001710,"530i 세단",55
10014900,1001696,"S 450L 하이브리드",55
10008075,1001707,"330d 세단",55
10008128,1001710,"530i 세단 스포츠",56
10008076,1001707,"330d 쿠페",56
10014901,1001696," S 450L 4Matic 하이브리드 ",56
10008077,1001707,"330d 컨버터블",57
10008129,1001710,"530i 투어링",57
10012887,1001696,"S 500L 하이브리드",57
10011505,1001696,"S 500L 플러그인 하이브리드",58
10008130,1001710,"530XI 세단",58
10008078,1001707,"330d 투어링",58
10014899,1001696,"S 550 하이브리드",59
10008079,1001707,"335i 세단",59
10008131,1001710,"530d 세단",59
10016379,1003136,"1.0톤/표준캡/초장축/표준형/(듀얼컴프)",6
10014203,1002741,"베스트 셀렉션",6
10013642,1002740,"1.6 터보 N Line 인스퍼레이션",6
10013226,1002658,"3.0 LPI(장애인)",6
10013540,1002738,"HEV 1.6 4WD 노블레스",6
10013988,1002719,"120i 어드밴티지",6
10017509,1002749,"AMG GLS 63 4MATIC+",6
10011960,1002475,"1.6 터보 마이 트립 에디션",6
10010575,1002312,"LP750-4 슈퍼벨로체",6
10013049,1002621,"2WD 가솔린 1.5 C7",6
10015040,1002596,2.4,6
10013848,1002635,"xDrive 40d M 스포츠",6
10013555,1002753,"디젤 2.2 2WD 캘리그래피",6
10014425,1002553,"1.5 BlueHDi GT",6
10011020,1002422,"장축 SUP",6
10012568,1002205,"5.0 SVR 쿠페 AWD",6
10013106,1002684,"45 TFSI 콰트로 쿠페",6
10013560,1002684,"45 TFSI 콰트로 프리미엄 쿠페",6
10013258,1002701,"45 TFSI 콰트로",6
10014371,1002686,"카레라 GTS 카브리올레",6
10014623,1002705,"M850i xDrive 그란 쿠페",6
10015121,1002643,"5.2 V10 퍼포먼스 스파이더 RWD",6
10011142,1002448,"20d 포트폴리오",6
10016388,1002687,"GLE 400e 4MATIC 쿠페",6
10017050,1002767,"터보 GT",6
10013087,1002605,"CLS 450 4MATIC AMG Line",6
10014182,1002824,"220i 어드밴티지",6
10016900,1002678,"1.0 브라부스",6
10015303,1002768,"가솔린 7인승 하이리무진(특장업체)",6
10013412,1002449,"E250 아방가르드",6
10010331,1002256,"6.0 GT 스피드",6
10013372,1002720,"2WD 1.3 터보 가솔린 액티브",6
10013832,1002683,"AMG A35 4MATIC 세단",6
10012211,1002602,"320i M 스포츠",6
10015353,1002597,"2.0 TSI R-Line",6
10014140,1002569,"B6 AWD 인스크립션",6
10013022,1002580,"630i xDrive M 스포츠",6
10011917,1002566,"디젤1.6 4WD LT",6
10010239,1002239,XS,6
10016728,1002672,"2.0 B5 얼티메이트 AWD",6
10011907,1002564,"2.0 TDI 프레스티지 4모션",6
10013661,1002634,"320i M 스포츠 블랙수트",6
10013214,1002559,"1.6 터보 익스트림 드라이빙 에디션",6
10013666,1002774,"2WD 3.3 GT 마스터즈 터보 패키지",6
10014006,1002688,"프리미엄 플러스",6
10015495,1002629,"2.0 TDI R-LINE 4모션",6
10013476,1002555,"1.6 시그니처",6
10013980,1002489,"4.0 스파이더",6
10010284,1002245,"V8 4.2 SC",6
10009864,1002145,"GLE 63 AMG 4MATIC",6
10014494,1002631,"2.4 AWD 리미티드 80주년 에디션",6
10013672,1002775,"가솔린 1.6 터보 2WD N Line 인스퍼레이션",6
10011883,1002562,"2WD 밴 3인승 LPi",6
10011911,1002565,"프리미어",6
10016642,1002548,"1.5 BlueHDi GT Pack",6
10011661,1002528,"3.3T 스포츠 AWD",6
10014302,1002733,"1.6 GTe SE 베이직",6
10010268,1002243,4.4,6
10014206,1002778,"2WD N-Line 인스퍼레이션",6
10012012,1002527,"35 TDI 콰트로",6
10011626,1002526,"디젤 1.6 디럭스",6
10010198,1002226,"햄튼",6
10014103,1002623,"1.6 HEV 시그니처",6
10011074,1002429,4.0,6
10013742,1002786,"3.0 AWD PHEV 리미티드 ",6
10012169,1002600,"xDrive 20d M 스포츠",6
10011496,1002458,"가솔린 1.4 블레이드",6
10010107,1002206,2.2D,6
10012999,1002590,"롱 레인지",6
10008468,1001773,2.5,6
10012517,1001732,"xDrive 20d 라이트패키지",6
10011428,1002498,"디젤 2.2 AWD",6
10014150,1002552,"베스트 셀렉션",6
10011944,1002485,"520d 럭셔리 스페셜 에디션",6
10014172,1002495,"디젤 1.6 4WD",6
10013340,1002714,"2.0 프레스티지",6
10016783,1002718,M60i,6
10013451,1002482,"비욘드 22D",6
10014602,1002755,"S 스포트백",6
10015432,1002681,"B5 얼티메이트 브라이트 ",6
10014936,1002756,"35 TDI 스포트백 콰트로 프리미엄",6
10011826,1002557,"3.8 GDI AWD",6
10016587,1002604,"2.5 XLE",6
10011225,1002462,"3.0 AWD 스포츠",6
10012113,1002309,"2WD 가솔린 1.6 AX",6
10011634,1002461,"트렌디",6
10011732,1002546,"3.0 D300 퍼스트 에디션",6
10012098,1002457,"2.4 GDI 모던 베이직(렌터카)",6
10011184,1002456,"45 TDI 콰트로 스포트",6
10008610,1001797,"3.6 V6",6
10007727,1001685,"A180 CDI 나이트",6
10011138,1002447,"2.0 터보 LTZ",6
10011570,1002516,"2WD 2.0 CVX",6
10016962,1002777,"가솔린 1.6 터보 2WD N line 인스퍼레이션",6
10013782,1002791,"가솔린 3.3T 4WD",6
10011415,1002427,"5.0 GDI AWD 리무진",6
10011208,1002426,"3.3 T AWD",6
10016729,1002401,"2.0 D4 섬멈",6
10009782,1002122,"6.2 V8 ESV",6
10007425,1001623,"디젤 4WD LE",6
10012067,1002507,P100D,6
10011050,1002425,"디젤 4WD LE",6
10008568,1001792,"카레라 S 카브리올레",6
10008005,1001706,"318I 컨버터블",6
10015217,1001663,"6.4 HEMI",6
10012572,1002423,"2.5T 프레스티지 AWD",6
10014535,1002790,"디젤 2.2 4WD 시그니처",6
10011083,1001675,"1.6T 2WD",6
10003608,1001412,"N20 프리미어 블랙",6
10012124,1002505,"2WD 가솔린 기어 플러스",6
10010837,1002394,"2.4 AWD",6
10012073,1002313,"LP640-4 퍼포만테 스파이더",6
10013428,1002734,"디젤 2.2 4WD 트렌디",6
10012729,1002636,"xDrive 30d M 스포츠 퍼스트 에디션 7인승",6
10015168,1002812,"LPG 라운지 모빌리티",6
10016916,1002589,"4.0 V8 EWB 퍼스트 에디션1",6
10014261,1002873,"C200 4MATIC 아방가르드",6
10016888,1002136,"E-Ray 컨버터블",6
10013909,1002807,"롱 레인지",6
10013852,1002798,"2.2 디젤 AWD",6
10012763,1002645,"2.0 BlueHDI 라 프리미어",6
10014268,1002797,"마이바흐 S580 4MATIC",6
10012919,1002673,"P250 퍼스트 에디션",6
10013463,1002739,"2.2 디젤 AWD",6
10013627,1002771,"1.3 TCe 프리미에르",6
10016668,1001606,"가류 (5세대)",6
10014987,1002404,T5,6
10004419,1001382,"뉴 GLX",6
10012780,1002647,"4.0 터보",6
10009882,1002151,"하이브리드",6
10014814,1002823,"420i 그란쿠페",6
10014089,1002395,T4,6
10014449,1002893,"가솔린 4WD RS",6
10016835,1002903,"컴패티션 M xDrive 50주년 에디션",6
10014928,1002928,"319 CDi 유로스타 스탠다드",6
10014085,1002197,"3.6 80TH 에디션",6
10003494,1001224,"LPG 2.7",6
10008254,1001733," xDrive 30d M 스포츠",6
10009494,1002030,LE,6
10003616,1001429,"Y20 탑",6
10016857,1002909,"4.4 P615 LWB",6
10014175,1002165,6.2,6
10007230,1001578,"2.0 LE",6
10012339,1002520,"2WD RX",6
10013165,1002617,"2.9 4S 스포츠 투리스모",6
10014672,1002930,"2.0 쿠퍼 S",6
10007192,1001569,"4.2 FSI 콰트로",6
10012050,1002585,"P250 R-다이나믹 SE",6
10015008,1002570,"xDrive 20i M 스포츠 프로",6
10013488,1002721,"가솔린 3.5T AWD",6
10016872,1002883,"90 P400 X",6
10004721,1001374,"LPI JAZZ",6
10013401,1002727,"D150 S",6
10013762,1002616,"B4 AWD 인스크립션",6
10012403,1002615,"2.0 루비콘 4도어",6
10014685,1002931,"1.6 쿠퍼 D ALL4",6
10013074,1002648,"디젤 2.0 dCi 프리미에르 4WD",6
10012751,1002641,"xDrive 20d M 스포츠",6
10008369,1001758,"3.0 TFSI 콰트로 LWB",6
10014001,1002627,"1.6 터보 프리미엄 플러스",6
10012647,1002618,"가솔린 2.0 터보 LT",6
10013493,1002743,"45 TFSI 콰트로 프리미엄",6
10013835,1002582,"xDrive 18d M 스포츠",6
10011823,1002556,"LPI 2.0 (장애인용)",6
10003694,1001380,"M16 GDI 스타일",6
10014543,1002917,"4.5톤",6
10007925,1001696,"S 350 블루텍",6
10005322,1000778,"5톤이상",6
10004656,1000796,"프레스티지",6
10004766,1000793,"1.6 EX",6
10015026,1002961,"xDrive 60 M 스포츠 이그제큐티브 팩",6
10005162,1000802,"9인 EZ SPECIAL",6
10005412,1000801,"수산",6
10014363,1002702,"2.5 임원전용",6
10005117,1000866,"4WD CX5 CLUB",6
10015417,1002940,"740d xDrive M 스포츠",6
10015038,1002963,"그래비티",6
10005295,1000892,"현대",6
10006577,1000887,"XLT 4.0",6
10017178,1002947,"캘리그래피 블랙 잉크",6
10003969,1000915,"4WD EX290",6
10015218,1002966,"220i 럭셔리",6
10005470,1000910,1.8LT,6
10005396,1000924,"진도",6
10005385,1000923,"삼성",6
10003958,1000921,"2.7 7인",6
10003629,1001447,"CVVL 프리미엄",6
10004607,1000963,"VG270 LPI",6
10003739,1001007,"5DR 1.5",6
10004347,1001006,"4WD 2.5 VGT",6
10015139,1002992,"B5 얼티메이트 브라이트",6
10004784,1001035,"1.8 CDX ID",6
10004601,1001070,"1.6 디젤 프레스티지",6
10009379,1001418,"1.6 GDI 텐밀리언 리미티드",6
10005183,1001152,"4WD PLATINUM",6
10016772,1002214,"클래식 T1",6
10008556,1001791,"2.0 TDI 프리미엄",6
10003865,1000819,"디젤 4WD 300VX",6
10017528,1002996,"M35i xDrive 스페셜 에디션",6
10009044,1001931,"레이싱 에디션",6
10012485,1001771,"GL STD",6
10011851,1002561,"가솔린 9인승 노블레스 스페셜",6
10012500,1001714,"128i 컨버터블",6
10004621,1001146,"3.0 GDI 프레스티지",6
10006920,1001028,"5.0 SC",6
10010303,1002247,"TD4 HSE",6
10007135,1001558,LTZ,6
10015316,1003022,"가솔린 2.5T 2WD 캘리그래피",6
10015698,1003051,"1.0톤/킹캡/초장축/(CRDi)",6
10007239,1001579,"3.5 LE35",6
10013996,1002819,"3.8 GDI AWD",6
10011430,1001249,"1.7 VGT 에코다이나믹스",6
10017025,1002920,"45 프리미엄",6
10015251,1002946,"LPG 3.5 2WD (택시형)",6
10017136,1003023,"50e PHEV",6
10003986,1000841,"11인(CRDI)",6
10009130,1001949,4.6,6
10015359,1003027,"가솔린 2.5T 4WD 프레스티지",6
10005307,1001183,"현대4.5톤",6
10005352,1000941,"부영",6
10017065,1003028,"530e xDrive",6
10010131,1001295,"디젤 2WD W 스페셜",6
10017218,1003029,"1.6T 2WD 캘리그래피 블랙 잉크",6
10011812,1002554,"가솔린 2.0T 4WD",6
10010678,1002335,"S 4.7 V8",6
10009546,1001710,"520d M 스포츠",6
10015401,1003030,"1.6T 4WD 프레스티지",6
10003668,1001227,"1.6 VVT",6
10012869,1001169,"1.4 VVT 모던(장애인용)",6
10015410,1003031,"1.6 4WD 프레스티지",6
10007710,1001118,"500H 럭셔리",6
10010672,1002334,"S 4.7 MC 스포츠",6
10008623,1001799,"R 3.4",6
10003834,1001309,"G330 모던 AWD",6
10005684,1000954,G320,6
10016937,1002959,"P550e HSE 다이나믹",6
10005401,1001090,"현대",6
10017148,1003039,"GLC300 4MATIC 쿠페 AMG 라인",6
10008315,1001753,"2.5 TDI",6
10017233,1003042,"가솔린 7인승 시그니처 X-라인",6
10007719,1001684,A170,6
10004444,1001083,"2.0 DSL",6
10014725,1002533,"2.0 P300 SE",6
10005961,1001020,"2.0 TFSI 다이나믹",6
10004093,1000959,"2.0 GDI D 스펙",6
10015501,1003044,"HEV 1.6 2WD N Line 프리미엄",6
10007560,1001656,"1.8 LT 디럭스팩",6
10012052,1001373,"Q270 24주년 스페셜 에디션",6
10015532,1003046,"HEV 9인승 프레스티지",6
10015199,1000902,"2.0 2WD LT 프리미엄",6
10008437,1001766,"1.6 TDI R-LINE",6
10016471,1003047,"쉘비 GT500 쿠페",6
10015683,1003050,"1.0톤/표준캡/초장축",6
10004376,1001226,"2WD 2.0 프레스티지",6
10015238,1000884,"2.5 XLT 4WD",6
10004114,1000845,"1.5 Di GOLD",6
10012439,1001570,"2.0 TFSI 스포트백",6
10005017,1000974,"디젤 2WD 어드벤쳐",6
10012307,1002021,"1.7 VGT 유니크",6
10011642,1001719,"420i 그란쿠페 M 스포츠",6
10011119,1001621,"1.6 터보 GT LINE",6
10015654,1003052,"1.0톤/슈퍼캡/초장축/(터보)",6
10005327,1000998,"5톤이상",6
10013923,1001718,"CS 25주년 에디션",6
10015280,1003010,"6.0 W12 GT",6
10003924,1001245,"디젤 4WD 2.0 모던",6
10004647,1001145,"2.0 노블레스",6
10008616,1001798,"4.8 S",6
10008271,1001736,"xDrive 40d 블랙&화이트",6
10011986,1001701,"어린이버스",6
10014362,1002406,"2.0 T8 AWD",6
10013014,1001720,"쿠페 CS",6
10015735,1003053,"1.0톤/장축",6
10015589,1003057,"1.4톤",6
10007092,1001406,"디젤 7인승 리무진",6
10015596,1003059,"슈퍼캡/초장축/(TCi)",6
10013064,1001293,"2.0 SE 파노라마",6
10004198,1001173,"에코플러스 스마트",6
10016976,1001080,"이베코 3.5톤",6
10004079,1000824,"터보 D 스펙",6
10015511,1003045,"가솔린 1.6 터보 2WD N Line 프리미엄",6
10003891,1001059,"2WD(2.2VGT) MLX",6
10015753,1003054,"1.0톤/슈퍼캡/장축/(CRDi)",6
10015620,1003066,"1.0톤/표준캡/장축/(TCi)",6
10011674,1002045,"GLC 250 d 4MATIC",6
10008509,1001781,"V6 3.0 TDI R-LINE",6
10004151,1001307,"5DR 1.4MPI 스마트",6
10003593,1001292,"2.4 V6(수출형)",6
10015670,1003096,"더블캡/장축",6
10008264,1001735,"xDrive 35i",6
10017384,1001370,"12인승 어린이 버스",6
10008283,1001739,"M50 D",6
10015728,1003099,"1.4톤",6
10014498,1001290,"어린이 보호차",6
10003662,1001165,"5DR 1.5 DOHC 스포츠",6
10011801,1002336,"3.0 그란루쏘",6
10017375,1003102,"4WD/더블캡/장축",6
10016827,1001628,"어린이버스",6
10004096,1001116,"2.0 GDI PREMIUM",6
10005175,1001002,"11인 PLATINUM",6
10015836,1003120,"초장축",6
10013309,1001700,"V250 블루텍",6
10016385,1003122,"1.2톤/킹캡/초장축/표준형",6
10004704,1001172,"SX ORANGE EDITION",6
10015865,1003124,"1.0톤/더블캡",6
10015880,1003127,"초장축",6
10004454,1001140,"가솔린 GX",6
10015889,1003129,"슈퍼캡/초장축/(CRDi)",6
10015917,1003135,"초장축",6
10011266,1001627,"포레스트리버",6
10012793,1000956,"GLK 250",6
10008331,1001754,"2.7 TDI",6
10015961,1003141,"초장축",6
10004678,1000961,"1.6 GDI 노블레스",6
10015967,1003142,"슈퍼캡/초장축/(CRDi)",6
10004003,1001055,"6인(LPG)",6
10016221,1003144,"1톤/표준캡",6
10008962,1001910,15S,6
10013651,1001717,"220d 그란 쿠페 럭셔리",6
10015990,1003148,"1.4톤",6
10011322,1001626,"가솔린 2.0T 4WD",6
10007384,1001620,"2.0 노블레스",6
10015996,1003149,"장축",6
10003502,1001288,L330,6
10006892,1001029,"5.0 SC",6
10009663,1002077,"쉘비 GT500 컨버터블",6
10016177,1003156,"1.2톤",6
10013639,1001554,"GT 320D xDrive 프리미엄",6
10012511,1001730,"sDrive 20d 2WD",6
10016373,1003165,"전동식 1.0톤/킹캡/초장축",6
10005970,1001027,"2.0 TFSI 쿠페 콰트로",6
10011968,1000972,"3.5 하이브리드 블루 스포츠",6
10016319,1003166,"1.0톤/킹캡/초장축/(CRDi)",6
10009641,1002071,3.7L,6
10009446,1002022,"5.0 GDI 퀀텀",6
10005658,1000949,"CLS 550",6
10017275,1003170,"더블캡",6
10004299,1000816,"디젤 4WD KV300",6
10015183,1002070,"5도어 2.0 디젤",6
10013005,1001716,"118d 스포츠 스페셜 에디션",6
10007626,1001665,"2.0 TFSI",6
10005342,1001316,"3.5톤",6
10017214,1003180,"1.0톤/4WD",6
10016711,1003181,"1.0톤/킹캡/장축(CRDI) 4륜",6
10010275,1002244,"3.0 SDV6 AB 다이나믹",6
10016298,1003186,"더블캡/초장축",6
10005718,1000976,R500,6
10007894,1001695,"S350L 익스클루시브",6
10011971,1001463,"1.6 터보 와일드 버건디",6
10003523,1001397,"HG300 ROYAL",6
10006912,1000985,"4.2 SC SV8",6
10010508,1002298,"2.7 HDI",6
10014758,1002295,"1.6 e-HDI GRIP",6
10004352,1001164,"디젤 2WD 2.2 LX",6
10009870,1002147,6.0,6
10016026,1003218,"DLX 카고",6
10016037,1003219,SR,6
10011376,1002289,"1.6 BlueHDi GT Line",6
10016045,1003220,"1.4톤/킹캡",6
10012284,1002020,"1.7 VGT 유니크",6
10004013,1001396,"글라스밴",6
10008466,1001772,"2.0 TDI(7세대)",6
10014464,1001236,"27톤 ",6
10008224,1001726,"Z-3 3.0",6
10011131,1002198,"2.2 디젤 리미티드 4WD",6
10009405,1002019,"1.6 VGT PYL",6
10014271,1002213,"클래식",6
10010017,1002196,"2.8 루비콘 4DR",6
10008450,1001769,"2.0 가솔린",6
10012348,1000881,"2.0 VS 위너",6
10011391,1001567,"3.0 TDI 콰트로 다이나믹",6
10017103,1001448,"럭셔리",6
10004254,1001072,"2.4 LX (수출형)",6
10012516,1001731,"X-3 2.0d xDrive",6
10007523,1001647,"1.6 GDI 모던 스페셜",6
10003587,1001271,"2.4(수출형)",6
10008033,1001707,"320i 쿠페",6
10012351,1002036,"2.4 GDI 월드컵 에디션",6
10016236,1003270,"1톤/킹캡",6
10010255,1002242,"4.4 SDV8 VOGUE SE LWB 디젤",6
10010395,1002268,"4WD 3.5 스포츠",6
10008215,1001725,760,6
10007872,1001694,S350L,6
10016333,1003283,"1.0톤/표준캡/장축/(TCi)",6
10010243,1002240,"2.0 SI4 SE",6
10012508,1001708,"M3 퍼포먼스 사일런스 에디션",6
10007775,1001690,"C200 CGI 아방가르드",6
10003655,1001071,"투어링",6
10016402,1003297,"킹캡/초장축/2WD",6
10016410,1003298,"일반캡/초장축/2WD",6
10003914,1001163,"디젤 2WD 2.2 SLX",6
10010340,1002257,"GTC 슈퍼스포츠",6
10010225,1002236,"3.0 SDV6 HSE",6
10016838,1003303,"1.2톤 스탠다드/킹캡/초장축(싱글컴프)",6
10013113,1001561,"5.2 V10 익스클루시브 스파이더",6
10007280,1000946,"CLA 200 CDI 4매틱",6
10005219,1000898,"34인",6
10010296,1002246,"2.0 TD4 HSE",6
10017271,1003317,"4WD/표준캡",6
10008199,1001722,"650 컨버터블",6
10016470,1003323,"쉘비 GT500 컨버터블",6
10012640,1001659,"2.0 디젤 이글 에디션 AWD",6
10012546,1001599,LE,6
10004144,1001265,"디젤1.5 5DR VGT",6
10009436,1001306,"디젤 2WD 2.2 프레스티지",6
10003883,1000850,"2WD 2.0 VGT GOLD",6
10007447,1000833,"하나",6
10016501,1003343,"1.2톤/표준캡/초장축",6
10008644,1001801,"가솔린 3.6 터보",6
10008193,1001721,"645CI 컨버터블",6
10016516,1003357,"1.0톤/킹캡/초장축/다용도복합/(CRDi)",6
10005702,1000966,ML400,6
10014288,1002225,"클래식 플러스 라이트",6
10010173,1002215,"5도어 Mid",6
10016557,1003361,"HEV 1.6 투어러 9인승",6
10005271,1001349,"기타",6
10016573,1003365,"E450 4MATIC",6
10017305,1003366,"CLE 53 AMG 4MATIC+ 쿠페",6
10009466,1000859,"1.4 터보 퍼펙트 블랙",6
10007755,1001689,"C200K 스포츠쿠페",6
10003813,1000888,"BH380 LUXURY",6
10008876,1001887,1.6,6
10003680,1001302,"1.6 VGT",6
10008000,1001705,"GT ED EDITION",6
10016688,1003384,"영업용 장축 25인승",6
10011703,1001704,GLA220,6
10016703,1003385,"어린이버스 초장축 33인승",6
10008629,1001800,"3.0 4S 이그제큐티브",6
10004234,1001038,"가솔린 LEX20",6
10016721,1003390,"3.5 2WD",6
10005710,1001023,"ML350 4MATIC",6
10016750,1003396,"2.0 JCW ALL4",6
10016778,1003402,"4WD S9",6
10004972,1001228,RE25,6
10016831,1003410,"가솔린 2.0 에스프리 알핀 4WD",6
10004673,1000964,"3.8 GDI 이그제큐티브",6
10005372,1000787,"타이탄2.5톤",6
10011113,1001580,"가솔린 4WD 1.6 LX",6
10003601,1001363,"N20 프리미어",6
10004709,1001300,BEST,6
10005336,1001250,"5.5톤이상",6
10011175,1001022,"CLS 250 d 4MATIC",6
10009480,1000811,"디젤 2.0 LT 디럭스팩",6
10016945,1003430,"xDrive 20d M 스포츠",6
10014922,1001687,"SL43 AMG",6
10007548,1001653,"2.0T 프레스티지",6
10005066,1001338,"가솔린 4WD CW700 4TRONIC",6
10004616,1001032,"3.0 GDI 노블레스",6
10004632,1000962,"2.0 노블레스",6
10013235,1002171,"6.2 SRT",6
10008532,1001789,"2.0 GTI 3도어",6
10007947,1001697,B200,6
10010184,1002219,JCW,6
10009201,1001967,2.8,6
10012476,1001764,"2.0 DELUXE",6
10014783,1001297,"2.0 4WD 어드벤처 60th 에디션",6
10003848,1001136,"1.6 VGT PYL",6
10007438,1000922,"디젤 1.6",6
10009559,1002046,"1.6 VGT 트렌디",6
10009563,1001702,"스포츠 RUN HIGH",6
10012254,1001691,"C200 4MATIC AMG LINE",6
10008397,1001760,"3.0 TFSI 콰트로 프레스티지",6
10017130,1003465,"스위프트(SWIFT)캠핑트레일러",6
10016582,1001802,"1.0 브라부스",6
10017175,1003474,"2인승 밴 에어",6
10003482,1001131,L30,6
10017206,1003477,"G580 EQ 에디션 1",6
10008096,1001709,525i,6
10005479,1001092,"1.8 LTZ",6
10017307,1003491,"40 TFSI 콰트로 S-라인",6
10005025,1001024,"디젤 4WD LE",6
10005693,1000955,GL500,6
10009570,1002047,"730Ld xDrive 프리미엄",6
10017318,1003493,"40 TDI 콰트로 S-라인",6
10017332,1003496,"SE 페이버드",6
10004835,1000917,"2.0 L6 EXCLUSIVE",6
10016673,1001658,"디젤 1.7 2WD 노블레스 스페셜",6
10017146,1001796,3.8,6
10008260,1001734,"4.8 IS",6
10005228,1000907,"기타",6
10017461,1003522,"가솔린 M7 그랜드 스타일 2WD",6
10007612,1001664,"1.9 TDI",6
10004561,1000930,"가솔린 1.6 CVVT PREMIUM(SLI)",6
10012371,1000879,"LPGi 플래티넘 패키지",6
10007862,1001693,"E200 카브리올레",6
10004849,1001096,"2.0 L6 익스클루시브",6
10013134,1001327,"LE 스페셜",6
10017517,1003529,"1.6 가솔린 터보 시그니처 X-라인 2WD",6
10008503,1001780,"V8 4.2 TDI",6
10017609,1001779,"2.0 TSI 4모션",6
10017558,1003539,"M235 xDrive 그란쿠페 프로 퍼스트 에디션",6
10017569,1003541,"라운지 모빌리티",6
10017575,1003542,"라운지 인스퍼레이션",6
10004964,1001214,"LPLI LE",6
10017597,1003545,"4.0 V8 GTC 스피드",6
10017507,1000871,"3DR 2.0 TGR",6
10004798,1000812,"L6 2.0",6
10008080,1001707,"335i 세단 스포츠",60
10014321,1001696,"S 550L 플러그인 하이브리드",60
10008133,1001710,"530d 투어링",60
10014647,1001696,"S 560e",61
10008137,1001710,"535d 투어링",61
10014796,1001707,"335i xDrive",61
10013348,1001696,"S 560eL",62
10008081,1001707,"335Xi 세단",62
10008138,1001710,"545i 세단",62
10008141,1001710,"550i 투어링",63
10008082,1001707,"335i 쿠페",63
10008083,1001707,"335Xi 쿠페",64
10008084,1001707,"335i 컨버터블",65
10008085,1001707,"335i 투어링",66
10008086,1001707,"335d 세단",67
10008087,1001707,"335d 쿠페",68
10008088,1001707,"335d 투어링",69
10014410,1002495,"가솔린 2000cc",7
10007452,1001327,"R4U 에디션",7
10015846,1003122,"상승내장탑/킹캡/초장축",7
10011349,1002485,"520d M 스포츠",7
10014104,1002482,"코치맨 캠핑카",7
10013420,1002733,"1.6 GTe SE",7
10008457,1001771,CABRIOLET,7
10017518,1003529,"1.6 가솔린 터보 시그니처 4WD",7
10013482,1002741,"시그니처",7
10012409,1001659,"2.0 디젤 트레일호크 AWD",7
10014983,1002873,"C300 4MATIC 아방가르드",7
10017576,1003542,"라운지 모빌리티",7
10003638,1001463,"2.0 스타일",7
10017462,1003522,"가솔린 M7 그랜드 스타일 4WD",7
10016784,1002718,"M60i 퍼스트 에디션",7
10013144,1002688,"인스퍼레이션",7
10011802,1002336,"3.0 그란스포츠",7
10013617,1002756,"40 TFSI 콰트로",7
10013652,1001717,"220d 그란 쿠페 M 스포츠 퍼스트 에디션",7
10014460,1002774,"2WD 3.3 GT 아크로 에디션",7
10007722,1001684,A190,7
10008370,1001758,"3.2 FSI",7
10017620,1003430,"xDrive 30 M 스포츠 프로",7
10014525,1002740,"1.6 터보 N Line 모던 ",7
10014123,1002561,"가솔린 9인승 하이리무진(특장업체)",7
10016299,1003186,"더블캡/초장축/(CRDi)",7
10015225,1002996,"sDrive 18d xLine",7
10014430,1002548,"1.5 BlueHDi GT",7
10009437,1001306,"디젤 2WD 2.2 노블레스",7
10014419,1001700,"V250 d",7
10005343,1001316,"4.5톤",7
10012434,1001020,"3.2 콰트로",7
10004445,1001083,"2.0 디젤",7
10004963,1001214,"LPLI 영업용",7
10005019,1000974,"디젤 4WD SE",7
10014292,1002226,"쉐도우 에디션",7
10007203,1001570,"3.2 FSI 콰트로",7
10007627,1001665,"2.0 TFSI 콰트로",7
10011577,1002516,"2WD 2.0 익스트림",7
10015533,1003046,"HEV 9인승 노블레스",7
10011242,1001705,"GT 30d",7
10004333,1001295,"디젤 2WD 프레스티지",7
10003620,1001429,"Y20 로얄",7
10012700,1002462,"3.0  AWD 그란 루쏘",7
10017143,1002930,"2.0 쿠퍼 C 클래식",7
10013783,1002791,"디젤 2.2D 2WD",7
10013673,1002775,"가솔린 1.6 터보 4WD 스마트",7
10004420,1001382,"뉴 LPI",7
10011075,1002429,"S 4.0",7
10013009,1002602,"320i M 스포츠 쉐도우",7
10005480,1001092,"1.8 LTZ+",7
10004100,1001116,"1.7 VGT 유니크",7
10005471,1000910,1.8LTZ,7
10011618,1002520,"2WD 익스트림",7
10017393,1001931,G37X,7
10015486,1003042,"가솔린 7인승 하이리무진 시그니처",7
10010046,1002197,"3.7 라레도",7
10017047,1002122,"6.2 V8 플래티넘",7
10006914,1000985,"R 5.0 SC",7
10004360,1001164,"디젤 2WD 2.2 TLX",7
10013548,1001626,"2.4 수출형",7
10012920,1002673,"D150 S",7
10009560,1002046,"1.6 VGT 프레스티지",7
10010838,1002394,2.5,7
10005659,1000949,"CLS 55 AMG",7
10007561,1001656,"1.8 LTZ",7
10011219,1002461,"럭셔리",7
10016823,1002621,"2WD 가솔린 1.5 C7 블랙에디션",7
10012035,1002582,"xDrive 20d",7
10014929,1002928,"319 CDi 유로스타 VIP",7
10014450,1002893,"가솔린 4WD 프리미어",7
10010845,1002395,T5,7
10012513,1001731,"X-3 3.0d",7
10016517,1003357,"1.0톤/킹캡/초장축/프리미엄/(CRDi)",7
10003866,1000819,"디젤 4WD 300VXL",7
10004713,1001300,"다이아몬드",7
10003675,1001227,"1.6 VVT 디럭스",7
10012989,1002678,"0.9 패션 터보",7
10012099,1002457,"3.0 GDI 프리미엄",7
10004086,1000959,"1.7 VGT SMART",7
10007385,1001620,"2.0 노블레스 스페셜",7
10011805,1002145,"GLE 63 AMG S 4MATIC 쿠페",7
10009642,1002071,4.2L,7
10013261,1002456,"45 TFSI 콰트로",7
10014338,1002823,"420i 그란쿠페 M 스포츠",7
10009456,1001338,"V8 스페셜에디션",7
10010174,1002215,"5도어 HIGH",7
10015402,1003030,"1.6T 4WD 노블레스",7
10013402,1002727,"D180 S",7
10008877,1001887,"볼레로",7
10013341,1002714,"2.0 노블레스",7
10011492,1002507,100D,7
10007873,1001694,S420,7
10010332,1002256,"6.0 GTC",7
10016556,1003361,"HEV 1.6 투어러 11인승",7
10012781,1002647,"4.0 터보 쿠페",7
10013221,1002627,"1.6 터보 인스퍼레이션",7
10017577,1003541,"킨더",7
10007845,1001693,"E220 CDI 아방가르드",7
10010902,1002404,T6,7
10007613,1001664,2.0,7
10005461,1000859,"1.6 L",7
10010660,1001558,"패션",7
10010490,1002295,"1.6 BlueHDi Active",7
10010505,1002298,2.9,7
10017376,1003102,"4WD/더블캡/장축",7
10003483,1001131,L35,7
10017067,1003365,"E53 AMG 하이브리드 4MATIC+",7
10010164,1002214,"굿우드",7
10014369,1002686,GT3,7
10014919,1002797,"마이바흐 S680 4MATIC",7
10017197,1001726,"Z-3 M",7
10015455,1002604,"2.5 스포츠에디션",7
10011757,1001797,"4.5 S",7
10004602,1001070,"1.6 디젤 노블레스",7
10011924,1002559,"2.0 N",7
10013581,1002552,"시그니처",7
10007756,1001689,C220,7
10011700,1002533,"3.0 TD6 HSE",7
10017526,1003410,"에스카파드 2WD",7
10008643,1001801,"디젤 3.0 S",7
10016760,1001396,"캠핑카",7
10017336,1003491,"45 TFSI 콰트로 S-라인 블랙 에디션 ",7
10008188,1001721,"650 쿠페",7
10008510,1001781,"V8 4.2 TDI R-LINE",7
10011481,1001697,"B200 d",7
10004669,1000964,"3.8 GDI 노블레스",7
10016970,1002812,"LPG 리무진 특장업체",7
10012308,1002021,"1.7 VGT PYL",7
10016583,1001802,"0.9 패션 터보",7
10004235,1001038,"가솔린 LEX24",7
10014094,1002313,"LP640-4 에보",7
10004850,1001096,"2.5 L6",7
10011143,1002448,"30d S",7
10012361,1001675,"1.6T 4WD",7
10011084,1001760,"40 TDI 엔트리",7
10004722,1001374,"LPI GROOVE",7
10003596,1001363,F24,7
10010466,1002289,"2.0 BlueHDi 에코터보",7
10003681,1001302,"엘란트라(수출형)",7
10011299,1002475,"2.0 스타일",7
10004377,1001226,"2WD 2.0 노블레스",7
10014506,1002903,"컴패티션 아일오브맨 그린 에디션",7
10014014,1002749,"마이바흐 GLS600 4MAITC",7
10011386,1001447,"TURBO GDI 스마트",7
10011687,1002447,"2.0 터보 퍼펙트 블랙",7
10016380,1003136,"1.0톤/프리미엄",7
10010100,1002205,"3.0 컨버터블",7
10004115,1000845,1.8,7
10009202,1001967,3.0,7
10007446,1001183,"히노4.5톤",7
10009664,1002077,"살린",7
10005353,1000941,"점보타이탄",7
10013429,1002734,"디젤 2.2 4WD 프레스티지",7
10011654,1001022,"CLS 250 d 4MATIC AMG Line",7
10015729,1003099,"더블캡",7
10013771,1002790,"디젤 2.2 4WD 더 블랙",7
10013516,1002423,"2.5T 체커드 플래그 에디션",7
10017111,1003047,"쉘비 GT500 컨버터블",7
10016997,1002147,6.6,7
10012648,1002618,"가솔린 2.0 터보 프리미어",7
10008006,1001706,"318IS 세단",7
10012979,1002335,"S 4.7 V8 스포츠 GT",7
10016697,1003384,"영업용 초장축 25인승",7
10008569,1001792,"카레라 2",7
10016751,1003396,"2.0 D",7
10008630,1001800,"3.6 2WD",7
10008186,1001720,"컨버터블",7
10013690,1002777,"가솔린 1.6 터보 4WD 모던",7
10004780,1001035,"디젤 2.0 SE",7
10008504,1001780,"V10 5.0 TDI",7
10005711,1001023,ML400,7
10009385,1001169,"1.4VVT 프리미엄",7
10011051,1002425,"디젤 4WD RE",7
10015063,1002554,"가솔린 2.4T 4WD",7
10011824,1002556,"LPI 2.0 (택시형)",7
10003611,1001412,F24,7
10014149,1002824,"220i M 스포츠",7
10010885,1002401,"2.4 D5",7
10014624,1002705,"M850i xDrive 그란 쿠페 퍼스트 에디션",7
10011059,1002426,"3.8 GDI",7
10017372,1002634," 320i M 스포츠팩 온라인 익스클루시브 ",7
10005374,1000787,"마이티3.5톤",7
10016722,1003390,"3.5 4WD",7
10016030,1003218,SUPER,7
10003495,1001224,"LPG T27",7
10003884,1000850,"4WD 2.0 VGT GVS",7
10011448,1002505,"2WD 디젤 TX",7
10003663,1001165,"2.0 DOHC 골드",7
10007926,1001696,"S 350 블루텍 4MATIC",7
10012783,1000956,"GLK 250 CDI 블루이피션시 4매틱",7
10015671,1003096,"더블캡/초장축",7
10016953,1002992,"B5 울트라",7
10007728,1001685,"A200 CDI",7
10016038,1003219,SRX,7
10011704,1001704,"GLA220 프리미엄",7
10004348,1001006,"4WD 2.5 VGT LIMITED",7
10004300,1000816,"가솔린 2WD JV380",7
10007194,1001569,"6.0 TDI V12",7
10013628,1002771,"1.8 TCe LE",7
10016046,1003220,"1.4톤/표준캡",7
10012369,1000879,"LPGi 캠퍼 패키지",7
10015890,1003129,"슈퍼캡/초장축/(TCi)",7
10005685,1000954,"G320 CDI",7
10004635,1000962,"2.0 GDI 프레스티지",7
10012495,1001772,"2.0 TDI 스포츠",7
10003706,1001418,"1.6 VGT 스타일",7
10007393,1001621,"2.0 디럭스",7
10015360,1003027,"가솔린 2.5T 4WD 노블레스",7
10015411,1003031,"1.6 4WD 프레스티지 초이스",7
10011829,1002557,"5.0 GDI AWD",7
10011754,1002198,"2.2 디젤 75주년 에디션 4WD",7
10013574,1001719,"420i 그란쿠페 스페셜 에디션",7
10015433,1002681,"B5 얼티메이트 다크",7
10004705,1001172,"SX STAR EDITION",7
10009406,1002019,"1.6 VGT PYL TUIX",7
10016374,1003165,"전동식 1.2톤/킹캡/초장축",7
10008963,1001910,15X,7
10003959,1000921,"2.7 9인",7
10005694,1000955,GL550,7
10003925,1001245,"디젤 4WD 2.0 프리미엄",7
10015997,1003149,"초장축",7
10014777,1001708,"M3 컴패티션 M xDrive",7
10005386,1000923,"스카니아",7
10013152,1002047,"730Ld xDrive 디자인 퓨어 엑설런스",7
10009131,1001949,4.7,7
10008316,1001753,2.6,7
10009415,1001370,"15인승 어린이 버스",7
10015544,1002966,"220i M 스포츠",7
10016320,1003166,"1.0톤/킹캡/초장축/(TCi)",7
10004199,1001173,"에코플러스 디럭스 스페셜",7
10004247,1000881,"2.5 V6",7
10008267,1001735,"xDrive 48i",7
10012293,1000915,"4WD EX290 GOLD",7
10014867,1001739,"sDrive 35i",7
10010018,1002196,"2.8 사하라 2DR",7
10013167,1002334,"S 4.7 MC-SHIFT",7
10011794,1002553,"1.6 BlueHDi 알뤼르",7
10011623,1001136,"1.8 수출형",7
10008451,1001769,"2.5 가솔린",7
10015655,1003052,"1.0톤/일반캡/초장축",7
10017199,1002045,"GLC 300",7
10012916,1002246,"2.0 TD4 AB",7
10016569,1002244,"3.0 D300 HSE 다이나믹",7
10015621,1003066,"1.0톤/표준캡/장축/4WD/(CRDi)",7
10012051,1002585,"P250 퍼스트 에디션",7
10013310,1002312,"LP750-4 슈퍼벨로체 로드스터",7
10012117,1002458,"가솔린 1.4 레드라인",7
10003812,1000888,"BH380 ROYAL",7
10004799,1000812,"L6 EAGLE",7
10004680,1000961,"1.6 VGT 럭셔리",7
10009532,1000976,"R500 4MATIC",7
10009481,1000811,"디젤 2.0 LT 프리미엄팩",7
10016766,1000892,"더쎈 3톤",7
10015681,1003050,"1.0톤/표준캡/장축",7
10017071,1002546,"2.0 P250 다이나믹 SE",7
10013864,1002580,"630i xDrive 월드 프리미어 에디션",7
10017246,1003023,"레이블 카본 블랙",7
10013000,1002590,"퍼포먼스",7
10009564,1001702,"스포츠 터보 RUN HIGH",7
10014019,1002213,"클래식 플러스 런치팩",7
10009425,1001307,"5DR 1.4MPI 트렌디",7
10003503,1001288,S380,7
10015416,1002940,"740d xDrive 디자인 퓨어 엑셀런스",7
10007524,1001647,"1.6 GDI 프리미엄",7
10007121,1001554,"GT 320D xDrive 스포트",7
10005115,1000866,"4WD CX7",7
10012255,1001691,"C200 4MATIC 익스클루시브",7
10004614,1001032,"3.3 GDI 노블레스",7
10007549,1001653,"3.0 SC S",7
10011054,1002309,"2WD 가솔린 1.6 IX",7
10010285,1002245,"V8 4.4 HSE",7
10004648,1001145,"2.0 터보GDI 프레스티지",7
10007240,1001579,"3.5 RE35",7
10015736,1003053,"1.0톤/초장축",7
10008034,1001707,"320i 컨버터블",7
10014408,1002605,"CLS450 4MAITC 디지뇨 익스클루시브에디션",7
10011022,1002422,"장축 GOLD",7
10003892,1001059,"2WD(2.2VGT) SLX",7
10010269,1002243,"4.4 TDV8 VOGUE",7
10010397,1002268,"4WD 3.5 그랜드 투어링",7
10016562,1001080,"마이티 4톤",7
10017037,1002165,6.4,7
10017083,1003170,"전동식",7
10011767,1002036,"3.0 GDI 프레스티지",7
10008557,1001791,"2.0 TDI 40TH 에디션",7
10012091,1002565,"마이핏 LT",7
10015754,1003054,"1.0톤/슈퍼캡/장축/(터보)",7
10012547,1001599,SE,7
10005410,1000801,"현대",7
10015502,1003044,"HEV 1.6 2WD N Line 인스퍼레이션",7
10005026,1001024,"디젤 4WD RE",7
10012328,1000802,"9인 PLATINUM",7
10017486,1003039,"GLC300 4MATIC 그라파이트 에디션",7
10015590,1003057,"1.4톤/킹캡/초장축/(CRDi)",7
10014495,1002631,"2.4 AWD S",7
10014290,1002225,"클래식 플러스",7
10004461,1001249,"2.0 LPI 디럭스",7
10015226,1002963,"밴",7
10013041,1001736,"xDrive 40d M 스포츠",7
10008168,1001716,"118d M 스포츠",7
10007231,1001578,"2.0 RE",7
10015027,1002961,"xDrive 60 M 스포츠 인디비주얼",7
10004767,1000793,"1.6 LUX",7
10007711,1001118,"500H 프레스티지",7
10012296,1000824,"터보 D 스펙 TUIX 레이싱",7
10013860,1002683,"AMG A45 4MATIC+ 해치백",7
10009453,1001293,"2.0 SE S/S 컬렉션",7
10009524,1001406,"디젤 7인승 하이리무진",7
10010240,1002239,TD5,7
10013921,1002570,"sDrive 30i",7
10011201,1000902,"2.0 2WD LTZ",7
10017616,1002959,"P635 SV",7
10013764,1002701,"45 TFSI 프리미엄",7
10004660,1000796,"밴",7
10008236,1001730,"xDrive 28i 4WD",7
10008216,1001725,"액티브 하이브리드",7
10004455,1001140,"가솔린 GLX",7
10004622,1001146,"3.0 GDI 프레스티지 스페셜",7
10012629,1002555,"GT 베이직",7
10005426,1000833,"호룡",7
10004565,1000930,"가솔린 2.0 CVVT PREMIUM(SI)",7
10015968,1003142,"슈퍼캡/초장축/(TCi)",7
10017191,1002569,"B6 AWD 울트라 브라이트",7
10016816,1002778,"4WD 모던",7
10003695,1001380,"M16 GDI 스마트",7
10016334,1003283,"1.0톤/표준캡/장축/4WD/(CRDi)",7
10015699,1003051,"1.0톤/킹캡/초장축/(TCi)",7
10007892,1001695,"S350 블루텍",7
10012413,1001690,"C200 CGI 아방가르드 스타일패키지",7
10017131,1003465,"익스플로러(EXPLORER)캠핑트레일러",7
10003740,1001007,"5DR 1.5(린번)",7
10014875,1001733," xDrive 28i",7
10003915,1001163,"디젤 4WD 2.2 CLX",7
10013305,1000946,"CLA 250",7
10012013,1002527,"35 TDI 콰트로 프리미엄",7
10014847,1001732,"xDrive 28d",7
10012285,1002020,"1.7 VGT PYL",7
10013604,1002768,"가솔린 9인승 프레스티지",7
10010256,1002242,"4.4 SDV8 AB 디젤",7
10011627,1002526,"디젤 1.6 트렌디",7
10013352,1002641,"xDrive 20i 어드벤티지",7
10013273,1002702,"3.3 프리미엄",7
10008332,1001754,"2.8 FSI",7
10008097,1001709,528i,7
10017224,1003022,"가솔린 2.5T 2WD 캘리그래피 블랙 잉크",7
10014691,1002767,GTS,7
10015394,1003029,"1.6T 4WD 익스클루시브",7
10017066,1003028,"550e xDrive",7
10017529,1001701,"장애인버스",7
10008625,1001799,"3.4 GTS",7
10010226,1002236,"3.0 SDV6 랜드마크 에디션",7
10014544,1002917,"5톤",7
10005397,1000924,"진명",7
10012404,1002615,"2.0 루비콘 4도어 하이",7
10006578,1000887,"XLT 4.6",7
10014305,1002743,"45 TFSI 콰트로 프리미엄 스포트백",7
10009939,1002171,"6.4 R/T",7
10016273,1003180,"1.2톤",7
10016403,1003297,"표준캡/장축/4WD",7
10005971,1001027,"3.2 쿠페",7
10015122,1001561,"5.2 V10 GT 쿠페",7
10016917,1002589,"4.0 V8 EWB 뮬리너",7
10006572,1000884,3.0,7
10012474,1001764,"2.0L GL",7
10010185,1002219,"사이드워크",7
10014385,1002883,"110 D250",7
10014920,1001687,"SL55 AMG",7
10017508,1003317,"더블캡",7
10009547,1001710,"520d M 에어로다이나믹",7
10003516,1001373,"L330 PRIME",7
10008533,1001789,"2.0 GTI 5도어",7
10013989,1002719,"120i 스포츠",7
10015083,1002649,"2.5 4WD PHEV XSE",7
10014784,1001297,"2.2 2WD RX5",7
10003529,1001397,"HG300 PREMIUM",7
10015512,1003045,"가솔린 1.6 터보 2WD N Line 인스퍼레이션",7
10014128,1002739,"일렉트리파이드",7
10004146,1001265,"하이브리드",7
10014835,1001228,"LPLI SE",7
10013713,1002449,"E250 익스클루시브",7
10008162,1001714,"135i 쿠페",7
10003835,1001309,"G330 프리미엄 AWD",7
10017598,1003545,"4.0 V8 GTC 뮬리너",7
10013373,1002720,"2WD 1.3 터보 가솔린 RS",7
10004828,1000917,"2.0 SE",7
10012245,1001798,"4.8 GTS",7
10013843,1002636,"xDrive 40d 디자인 퓨어 엑셀런스 6인승",7
10010341,1002257,"플라잉스퍼",7
10004001,1001055,"냉동차",7
10012788,1002648,"가솔린 2.0 GDe SE 2WD",7
10015281,1003010,"6.0 W12 GTC",7
10010244,1002240,"2.0 SI4 HSE",7
10013227,1002566,"디젤1.6 4WD LT 플러스",7
10003985,1000841,"12인",7
10013541,1002738,"HEV 1.6 4WD 시그니처",7
10007426,1001623,"디젤 4WD RE",7
10014686,1002931,"2.0 쿠퍼 D SE",7
10016282,1003181,"1.2톤",7
10015206,1002786,"3.3 AWD 하이브리드",7
10013110,1001567,"3.0 TDI 콰트로 S-Line",7
10011882,1002562,"2WD 밴 5인승",7
10013910,1002807,"퍼포먼스",7
10016178,1003156,"1.2톤/킹캡/초장축/(CRDi)",7
10014638,1002600,"xDrive 20d M 스포츠 프로",7
10013136,1002687,"GLE 450 4MATIC",7
10017026,1002920,"45 스포트백",7
10014584,1002658,"3.0 LPI(택시형)",7
10005703,1000966,ML430,7
10014959,1002616,"B4 AWD 플러스 브라이트",7
10017094,1002635,"xDrive 40d M 스포츠 온라인 익스클루시브",7
10012448,1002617,3.0,7
10007250,1001580,"디젤 2WD 1.6 TX",7
10005217,1000898,"39인",7
10007567,1001658,"디젤 2.0 2WD 트렌디",7
10014233,1002753,"디젤 2.2 4WD 익스클루시브",7
10015857,1003124,"1.2톤",7
10008089,1001707,"액티브 하이브리드",70
10010310,1001707,"320d 세단 M 퍼포먼스 에디션",71
10011755,1001707,"330i M 스포츠",72
10011756,1001707,"330i M 스포츠 섀도우",73
10005484,1001092,"1.8 LTZ+ 더 퍼펙트 블랙",8
10012908,1002404,"T6 R-디자인",8
10015412,1003031,"1.6 4WD 캘리그래피",8
10017096,1002963,"휠체어 리프트/슬로프",8
10015403,1003030,"1.6T 4WD 시그니처",8
10013737,1002313,"LP640-4 에보 스파이더",8
10008245,1001732,"xDrive 30d",8
10012556,1001799,"3.8 GT4",8
10004087,1000959,"1.7 VGT MODERN",8
10004851,1001096,"디젤 L6 2.0 SE",8
10013858,1001675,"수출용",8
10016715,1003149,"롱바디",8
10012737,1001316,"5톤 이상",8
10003504,1001288,"2.7 LPI",8
10015393,1003029,"1.6T 2WD 캘리그래피",8
10003836,1001309,"G380 익스클루시브 AWD",8
10010679,1002335,"GTS 3.8 V8",8
10007712,1001118,"500H 노블레스",8
10016179,1003156,"1.4톤",8
10005660,1000949,"CLS 63 AMG",8
10014906,1000956,"GLK280 4Matic",8
10004827,1000917,"2.0 CDX",8
10015892,1003129,"일반캡/초장축/(CRDi)",8
10013311,1002312,"LP770-4 SVJ",8
10017438,1003491,"스포트백 40 TDI 콰트로 어드밴스드",8
10004334,1001295,"디젤 2WD 노블레스",8
10015361,1003027,"가솔린 2.5T 4WD 시그니처",8
10016313,1003165,"전동식 1.2톤/표준캡/초장축",8
10013551,1002738,"HEV 1.6 4WD 그래비티",8
10013132,1001800,"3.6 2WD 에디션",8
10005462,1000859,"1.6 LS",8
10016321,1003166,"1.2톤",8
10009132,1001949,5.7,8
10013006,1001716,"118d M 스포츠 섀도우 에디션",8
10004962,1001214,"장애우용",8
10013784,1002791,"디젤 2.2D 4WD",8
10017122,1003170,"롱바디",8
10007729,1001685,"A200 CDI 스타일",8
10007628,1001665,"2.0 TFSI 콰트로 다이나믹",8
10009561,1002046,"1.6 VGT 노블레스",8
10014846,1002705,"M850i xDrive 컨버터블",8
10015317,1003022,"가솔린 2.5T 4WD 익스클루시브",8
10010140,1001579,"2.0 LPe",8
10009535,1000954,"G320 카브리올레",8
10003702,1001380,"M16 GDI 에비뉴",8
10016274,1003180,"1.2톤/킹캡/초장축/수직형(1단)",8
10003610,1001412,"N20 VGT",8
10016283,1003181,"1.2톤/킹캡/초장축/(CRDi)",8
10012501,1001714,"135i 컨버터블",8
10011026,1001463,"2.0 케어플러스",8
10003530,1001397,"HG300 EXCLUSIVE",8
10009372,1001418,"1.6 VGT 스마트",8
10016300,1003186,"더블캡/초장축/(TCi)",8
10007568,1001658,"디젤 2.0 2WD 프레스티지",8
10007948,1001697,"B200 터보",8
10012532,1001705,"GT 30d EXCLUSIVE",8
10013629,1002771,"1.8 TCe 프리미에르",8
10012194,1002047,"730Ld xDrive M 스포츠",8
10008458,1001771,"2.8 4MOTION",8
10012947,1002214,"딜레이니 에디션",8
10012342,1001227,"1.6 VVT 님프",8
10011476,1001567,"3.2 TFSI 콰트로",8
10010506,1002298,3.0,8
10012275,1001070,"1.6 디젤 액티브존",8
10010467,1002289,"2.0 BlueHDi 악티브",8
10011759,1001797,"4.5 터보 S",8
10014005,1002740,"2.0 N",8
10012286,1002020,"1.7 VGT D 스펙",8
10004781,1001035,"디젤 2.0 SX",8
10013245,1002615,"2.0 루비콘 4도어 파워 탑",8
10016031,1003218,"SUPER 롱카고",8
10012496,1001772,"2.0 TDI 프리미엄",8
10008035,1001707,"320i 투어링",8
10013374,1002720,"4WD 1.3 터보 가솔린 프리미어",8
10004349,1001006,"4WD 2.5 VGT PREMIUM",8
10011055,1002309,"2WD 가솔린 1.6 RX",8
10016047,1003220,"1톤",8
10009412,1000819,"디젤 4WD 익스클루시브",8
10013027,1002582,"xDrive 20d 조이",8
10004636,1000962,"2.0 GDI 노블레스",8
10010019,1002196,"2.8 사하라 4DR",8
10016580,1002961,"M70 xDrive",8
10012514,1001731,"X-3 3.0d Dynamic",8
10014583,1001664,"2.0 멀티트로닉 CVT",8
10003960,1000921,"2.7 9인 GOLD",8
10004248,1000881,"LPG 2.0 LX",8
10005384,1000923,"쌍용",8
10012868,1001169,"1.4 VVT 프리미어(장애인용)",8
10005400,1000924,"한국",8
10005472,1000910,"디젤 2.0 LT",8
10012990,1002678,"0.9 프라임 터보",8
10003968,1000915,"4WD JX250",8
10011918,1002566,"디젤1.6 4WD 프리미어",8
10010245,1002240,"2.0 SI4 HSE 럭셔리",8
10014099,1002213,"클래식 플러스",8
10011112,1000888,"BH380 익스클루시브",8
10012721,1002635,M50d,8
10012027,1002580,"630D XDRIVE 럭셔리",8
10012204,1001024,"디젤 4WD 살로몬 에디션",8
10016591,1002940,"750e xDrive M 스포츠",8
10012449,1002617,"3.0 4",8
10014478,1002647,"4.0 터보 GT 쿠페",8
10012388,1001363,"F24 럭셔리",8
10009918,1002165,SRT-10,8
10011768,1002036,"3.0 GDI 리미티드",8
10012911,1001791,"2.0 TDI R-LINE",8
10005113,1000866,"4WD HYPER",8
10003987,1000841,"12인(CRDI)",8
10009783,1002122,"6.2 EXT",8
10014692,1002767,"크로스 투리스모",8
10012318,1001623,"디젤 4WD R4U 에디션",8
10005168,1000802,"11인 RD300",8
10008217,1001725,"알피나 B7",8
10015224,1002996,"sDrive 18d M 스포츠",8
10007874,1001694,S420L,8
10004768,1000793,"1.6 MAX",8
10016938,1002959,"P635 SV 에디션 원",8
10014848,1000796,"휠체어리프트/슬로프",8
10013606,1002768,"가솔린 9인승 시그니처",8
10013083,1001690,"C200 아방가르드 에디션 C",8
10003900,1001059,"2WD(2.2VGT) 스타일팩",8
10016335,1003283,"1.3톤/킹캡/초장축/(CRDi)",8
10003916,1001163,"디젤 4WD 2.2 MLX",8
10013396,1002198,"2.4 리미티드",8
10005221,1000898,"리무진",8
10010257,1002242,"4.4 SDV8 AB LWB 디젤",8
10007169,1001561,"5.2 V10 GT 스파이더",8
10010297,1002246,"2.0 TD4 HSE 다이나믹",8
10017027,1002920,"45 스포트백 프리미엄",8
10010342,1002257,"플라잉스퍼 스피드",8
10010241,1002239,ES,8
10016922,1002681,"B5 울트라 브라이트",8
10008964,1001910,1.8,8
10016404,1003297,"표준캡/초장축/2WD",8
10013775,1002621,"2WD 가솔린 1.5 R-플러스",8
10012475,1001764,"2.0L GLS",8
10014937,1002456,"45 TFSI 콰트로 스포트",8
10014550,1001691,"C200 4MATIC 아방가르드",8
10016570,1002244,"3.0 D300 AB 다이나믹",8
10010227,1002236,"5.0 V8 HSE",8
10014687,1002931,"2.0 쿠퍼 D",8
10012789,1002648,"가솔린 2.0 GDe LE 2WD",8
10014455,1002741,"시그니처 엣지-UP",8
10013107,1002684,"45 TFSI 콰트로 카브리올레",8
10010491,1002295,"1.6 BlueHDi 알뤼르",8
10014718,1002616,"B4 AWD 얼티메이트 브라이트",8
10013430,1002734,"디젤 2.2 4WD 노블레스",8
10003664,1001165,"5DR 2.0",8
10014732,1002883,"110 D250 SE",8
10010286,1002245,"V8 5.0 HSE",8
10011884,1002562,"2WD 밴 5인승 LPi",8
10007578,1001659,"2.0 디젤 론지튜드 AWD",8
10013088,1002605,"CLS 53 4MATIC+ AMG",8
10013990,1002719,"120i M 스포츠",8
10012909,1002256,"6.0 GTC 스피드",8
10004388,1001306,"디젤 4WD 2.0 프레스티지",8
10014668,1002930,"2.0 쿠퍼 S 클래식",8
10003885,1000850,"4WD 2.0 VGT GOLD",8
10013664,1002774,"AWD 2.5 플래티넘",8
10013818,1002585,"P250 체커 플래그 에디션",8
10004421,1001382,"이지무브",8
10017463,1003522,"가솔린 M7 그랜드 스타일 롱 데크 4WD",8
10005704,1000966,ML500,8
10003496,1001224,"LPG X27",8
10007588,1000946,"CLA 250 4MATIC",8
10014741,1002243,"4.4 V8 HSE",8
10008268,1001735,"xDrive 50i",8
10017028,1002687,"GLE 450 4MATIC 쿠페",8
10010047,1002197,"3.7 리미티드",8
10012538,1001802,"0.9 프라임 터보",8
10011582,1002516,"2WD 2.0 어드벤처",8
10008194,1001721,"650 컨버터블",8
10014663,1002928,"519 CDi 엑스트라 롱",8
10005313,1001183,"대우5톤",8
10004462,1001249,"2.0 LPI 럭셔리",8
10008576,1001792,"카레라 GTS",8
10013682,1001710,"520d M 에어로다이나믹 프로",8
10013342,1002714,"2.0 시그니처",8
10010839,1002394,"2.5 AWD",8
10016518,1003357,"1.0톤/표준캡/초장축/(CRDi)",8
10014707,1002395,"T5 프리미엄",8
10004356,1001164,"디젤 2WD 2.2 LIMITED",8
10010199,1002226,"젠틀맨 에디션",8
10007927,1001696,"S 350L 블루텍",8
10017398,1002823,"420i 그란쿠페 M 스포츠 프로",8
10004975,1001293,"2.0 SE PLUS",8
10011085,1001760,"40 TDI 프리미엄",8
10013545,1001739,"xDrive 35i",8
10015166,1002812,"2WD 디젤 카고 스마트",8
10009203,1001967,3.5,8
10014304,1002743,"45 TFSI 콰트로 스포트백",8
10017602,1002807,"런치 시리즈",8
10014986,1002589,"3.0 PHEV",8
10008007,1001706,"318CI 쿠페",8
10008878,1001887,"라피트",8
10004368,1001226,"2WD 2.2 LX",8
10013702,1002634,"320i 투어링",8
10011449,1002505,"2WD 디젤 VX",8
10008182,1001719,"420d 그란쿠페",8
10013812,1001554,"GT 320D M 스포트 프리미엄",8
10014510,1002903,"컨버터블 컴패티션 M xDrive",8
10012327,1001558,"그래피티 에디션",8
10004237,1001038,"디젤 D-LEV",8
10008505,1001780,"W12 6.0",8
10011021,1002422,"장축 스페셜",8
10011893,1001720,"컨버터블 M driver's 패키지",8
10013877,1002570,"xDrive 30i",8
10014564,1002627,"1.6 터보 N Line 디자인에디션",8
10013517,1002423,"2.5T 체커드 플래그 에디션 AWD",8
10017506,1001007,"3DR 2.0 TGR",8
10017091,1003384,"영업용 초장축 29인승",8
10014786,1001717,"220i 컨버터블",8
10012325,1002425,"디젤 4WD RE 플러스",8
10011060,1002426,"3.8 GDI AWD",8
10012630,1002555,"GT 플러스",8
10014932,1002527,"40 TDI 콰트로",8
10005712,1001023,ML430,8
10011972,1000787,"파맥스3.5톤",8
10010101,1002205,"3.0 S 컨버터블",8
10014189,1002824,"220d M 스포츠 퍼스트 에디션",8
10015457,1002797,"S580e 4MATIC",8
10017108,1002641,"xDrive 20i 어드벤티지 SE",8
10013691,1002777,"가솔린 1.6 터보 4WD 프리미엄",8
10012350,1000811,"LPGi 2.0 LS",8
10012280,1002429,"S 4.0 에디션1",8
10014375,1002686,"GT3 투어링",8
10016752,1003396,"2.0 쿠퍼 D ALL4",8
10011688,1002447,"1.8 하이브리드 LT",8
10011701,1002533,"3.0 TD6 HSE 럭셔리",8
10011966,1001704,"GLA250 4MATIC",8
10007846,1001693,"E220 블루텍 아방가르드",8
10008534,1001789,"2.0 TDI",8
10011257,1000964,"3.8 GDI VIP",8
10014289,1002225,"로렐",8
10011150,1002449,"E300 아방가르드",8
10011300,1002475,"2.0 스마트",8
10004714,1001300,"장애우(CVT)",8
10007757,1001689,"C220 CDI",8
10017527,1003410,"에스카파드 4WD",8
10013562,1002684,"45 TFSI 콰트로 프리미엄 카브리올레",8
10014588,1001758," 3.2 FSI NWB",8
10013259,1002701,"45 TFSI 콰트로 프리미엄",8
10012921,1002673,"D180 SE",8
10014791,1002602,"320i 투어링",8
10007251,1001580,"디젤 2WD 1.6 VX",8
10017078,1002683,"AMG A45 S 4MATIC+",8
10015258,1002569,"B6 AWD 얼티메이트 브라이트",8
10011188,1002457,"3.0 GDI 익스클루시브",8
10008272,1001736,"xDrive M50d",8
10005664,1001022,"CLS 350",8
10011220,1002461,"프레스티지",8
10003617,1001429,"Y20 스포츠",8
10012104,1002561,"가솔린 9인승 하이리무진 노블레스 스페셜",8
10004944,1001327,RE,8
10013274,1002702,"3.3 프리미엄 초이스",8
10012170,1002600,"xDrive 20d M 스포츠 X",8
10014923,1001687,"SL55 AMG 4Matic +",8
10010175,1002215,"베이커스트릿",8
10014914,1001695,"S350 블루텍 AMG 스포츠패키지",8
10016946,1003430,"M50 xDrive 프로",8
10012616,1002401,"2.4 D5 R-디자인",8
10004615,1001032,"3.0 LPI",8
10016759,1002756,"40 TFSI 콰트로 프리미엄",8
10012701,1002462,"3.0  AWD 그란 스포츠",8
10017519,1003529,"1.6 가솔린 터보 시그니처 X-라인 4WD",8
10014300,1002733,"1.6 GTe LE 베이직",8
10016874,1002482,"토르 캠핑카",8
10014836,1001228,"LPLI LE",8
10013507,1002336,"3.0 리벨레 에디션",8
10012270,1002552,"LPI 프레스티지",8
10006579,1000887,XLX,8
10011350,1002485,"520d M 스포츠 플러스",8
10012314,1001297,"2.2 2WD RX7",8
10013556,1002753,"디젤 2.2 4WD 프리미엄",8
10012649,1002618,"가솔린 2.0 터보 퍼펙트 블랙",8
10004800,1000812,"L6 CLASSIC",8
10016649,1001708,"M3 컴패티션 투어링 M xDrive",8
10012518,1001733,M40i,8
10015140,1002992,"B6 AWD 인스크립션",8
10011178,1001702,"럭셔리 스포츠 런",8
10011491,1002507,90D,8
10008333,1001754,"2.8 FSI 콰트로",8
10013844,1002636,"xDrive 40d 디자인 퓨어 엑셀런스 7인승",8
10016712,1001647,"1.6 GDI 법인전용",8
10015480,1002873,"C300 4MATIC AMG 라인",8
10011628,1002526,"디젤 1.6 프레스티지",8
10017132,1003465,"(일반)트레일러",8
10016817,1002778,"4WD  프리미엄",8
10015446,1002749," 마이바흐 GLS600 4MATIC 매뉴팩처",8
10003487,1001131,"2.7 LPG",8
10012309,1002021,"1.7 VGT D 스펙",8
10009477,1000879,"LPGI 퍼펙트 블랙",8
10013403,1002727,"D180 SE",8
10009565,1000961,"1.6 VGT 트렌디",8
10011747,1002548,"1.6 BlueHDi 알뤼르",8
10015759,1003054,"1.0톤/일반캡/초장축/(CRDi)",8
10008098,1001709,530i,8
10004152,1001307,"5DR 1.4MPI 디럭스",8
10012092,1002565,"마이핏 프리미어",8
10005303,1001080,"현대 4톤",8
10015312,1002590,"플레드",8
10015737,1003053,"1.25톤",8
10010139,1001406,"디젤 7인승 아웃도어",8
10013726,1001653,"D180 R-다이나믹 S",8
10011985,1001701,"캠핑카",8
10011354,1001370,"휠체어 리프트",8
10007232,1001578,"1.5 디젤 D",8
10008617,1001798,"4.8 터보",8
10003630,1001447,"TURBO GDI 모던",8
10014134,1002546,"2.0 P250 R-다이나믹 SE",8
10016369,1003066,"1.0톤/표준캡/장축/4WD/(CRDi)/3WAY형",8
10015656,1003052,"1.0톤/장축",8
10013097,1002045,"GLC 300 4MATIC",8
10005719,1000976,R550,8
10011198,1002458,"디젤 1.6 LS",8
10017599,1003545,"4.0 V8 GTC 아주르",8
10004301,1000816,"가솔린 2WD QV380",8
10004200,1001173,"에코플러스 럭셔리",8
10015695,1003051,"1.0톤/킹캡/장축/(CRDi)",8
10003926,1001245,"디젤 4WD 2.0 익스클루시브",8
10007204,1001570,"35 TDI 콰트로 스포츠백",8
10015468,1003042,"가솔린 9인승 프레스티지",8
10011144,1002448,"30d 퍼스트 에디션",8
10007394,1001621,"2.0 럭셔리",8
10015675,1003050,"1.0톤/롱바디",8
10013674,1002775,"가솔린 1.6 터보 4WD 모던",8
10004101,1001116,"1.7 VGT PYL",8
10004623,1001146,"3.3 GDI 노블레스",8
10014420,1001700,"V250 d 4MATIC",8
10015786,1003102,"더블캡",8
10017357,1003045,"가솔린 1.6 터보 2WD N Line",8
10015534,1003046,"HEV 9인승 시그니처",8
10005009,1000974,"디젤 4WD LE",8
10013354,1002718,"xDrive 30d xLine",8
10011441,1001569,"3.0 TFSI 콰트로",8
10015058,1002520,"2WD 어린이보호차",8
10004456,1001140,"가솔린 PREMIUM",8
10009643,1002071,4.6L,8
10015858,1003124,"1.2톤/킹캡/초장축/(CRDi)",8
10003517,1001373,"L330 VIP",8
10009469,1001656,"1.8 퍼팩트 블랙",8
10010398,1002268,"2WD 3.7 스포츠",8
10015503,1003044,"HEV 1.6 4WD 모던",8
10015845,1003122,"상승내장탑",8
10007148,1001020,"25 TDI",8
10011795,1002553,"1.6 BlueHDi GT Line",8
10004566,1000930,"가솔린 2.0 CVVT PREMIUM(SLI)",8
10004649,1001145,"2.0 터보GDI 노블레스",8
10015200,1000902,"2.0 2WD 다이나믹 레드",8
10016381,1003136,"1.2톤",8
10010186,1002219,"하이게이트",8
10016636,1003039,"AMG GLC 43 4MATIC",8
10008317,1001753,"2.6 콰트로",8
10007723,1001684,A200,8
10006913,1000985,"5.0 프리미엄",8
10015971,1003142,"일반캡/초장축/(CRDi)",8
10011118,1001620,"2.0 시그니처",8
10013931,1002702,"3.3 르블랑",9
10014013,1002046,"2.0 수출형",9
10005705,1000966,"ML55 AMG",9
10009428,1001173,"에코 다이나믹스 스마트",9
10010492,1002295,"2.0 HDI 알뤼르",9
10009644,1002071,5.0L,9
10013605,1002768,"가솔린 9인승 노블레스",9
10004450,1001140,"디젤 VGT GX",9
10013557,1002753,"디젤 2.2 4WD 프리미엄 초이스",9
10004422,1001382,"그랜드 가솔린",9
10014907,1000956,"GLK320 CDI 4Matic",9
10011129,1001647,"1.6 터보 스포츠",9
10013692,1002777,"가솔린 1.6 터보 4WD 인스퍼레이션",9
10013697,1002618,"가솔린 2.0 터보 레드라인",9
10012853,1002219,MC15,9
10017390,1002883,"110  D250 X-다이나믹 SE",9
10015513,1003045,"가솔린 1.6 터보 4WD 모던",9
10008371,1001758,"3.2 FSI LWB",9
10007579,1001659,"2.0 디젤 리미티드 AWD",9
10013353,1002641,"xDrive 20i M 스포츠",9
10008879,1001887,C+C,9
10017109,1002616,"B4 AWD 울트라 브라이트",9
10013431,1002734,"디젤 2.2 4WD 시그니처",9
10014413,1002615,"2.0 루비콘 4도어 파워 탑 나초에디션",9
10012722,1002635,"M50d 퍼스트 에디션",9
10009536,1000954,"G320 CDI 카브리올레",9
10007895,1001695,"S350L 블루이피션시",9
10013031,1002600,"xDrive 30d M 스포츠 X",9
10004088,1000959,"1.7 VGT PREMIUM",9
10014971,1002507,P85D,9
10015859,1003124,"1.2톤/표준캡/초장축/(CRDi)",9
10012991,1002678,"0.9 브라부스 터보",9
10008535,1001789,"2.0 GT 스포트 TDI 2WD",9
10016679,1003039,"AMG GLC 43 4MATIC 쿠페",9
10012631,1002555,"5도어 GT 베이직",9
10003488,1001131,"아제라(수출형)",9
10007389,1001620,"1.7 디젤 디럭스",9
10014260,1002873,"C300 AMG 라인",9
10011625,1001760,"40 TDI 컴포트",9
10014688,1002931,"2.0 쿠퍼 D ALL4",9
10011785,1002552,"2인승 밴",9
10011984,1001701,"리무진",9
10016284,1003181,"1.4톤",9
10014995,1002214,"레솔루트 에디션",9
10004801,1000812,"L6 2.5",9
10010682,1002336,"3.0S Q4",9
10013054,1002621,"2WD 디젤 1.6 C3",9
10004971,1001228,"LPLI 영업용",9
10010242,1002239,V8I,9
10013880,1002701,"50 TDI 콰트로 프리미엄",9
10016370,1003180,"1.2톤/킹캡/초장축/수직형(2단)",9
10016659,1002963,"캠핑카",9
10004661,1000796,"에코플러스 력셔리",9
10015201,1000902,"2.0 2WD 시티패키지",9
10016818,1002778,"4WD 인스퍼레이션",9
10013845,1002636,"xDrive 40d M 스포츠",9
10012028,1002580,"630D XDRIVE M 스포츠",9
10003639,1001463,"2.0 스마트",9
10015318,1003022,"가솔린 2.5T 4WD 프레스티지",9
10016336,1003283,"1.4톤/킹캡/초장축/(CRDi)",9
10014139,1002569,"B6 AWD R-디자인",9
10013719,1002527,"40 TDI 콰트로 프리미엄",9
10007949,1001697,"B200 CDI",9
10008099,1001709,530iE,9
10004715,1001300,CVT,9
10004852,1001096,"디젤 L6 2.0 SX",9
10011368,1001249,"2.0 LPI 트렌디",9
10011946,1002485,"520d M 스포츠 스페셜 에디션",9
10016939,1002959,"P635 SV 에디션 투",9
10010048,1002197,4.0,9
10015504,1003044,"HEV 1.6 4WD 프리미엄",9
10004426,1001406,"디젤 9인승 럭셔리",9
10005222,1000898,"엠블런스",9
10008427,1001764,"2.0 CABRIOLET",9
10004774,1000793,"1.6 플래티넘",9
10005304,1001080,"라이노 4톤",9
10009566,1000961,"1.6 VGT W 스페셜",9
10010102,1002205,"3.0 S 컨버터블 AWD",9
10009413,1001163,"디젤 4WD 2.2 SLX",9
10016581,1002961,"M70 xDrive M Performance",9
10005163,1000802,"11인 RD400",9
10007758,1001689,C230,9
10015760,1003054,"1.0톤/일반캡/초장축/(터보)",9
10013727,1001653,"P250 R-다이나믹 S",9
10017277,1003170,"냉동윙바디",9
10013601,1002743,"50 TDI 콰트로 프리미엄",9
10007776,1001690,"C220 CDI",9
10003893,1001059,"4WD(2.2VGT) CLX",9
10012206,1001295,"디젤 4WD 럭셔리",9
10004008,1001370,"이지무브 리프트",9
10005010,1000974,"디젤 4WD RE",9
10003991,1000841,"7인(LPG)",9
10011162,1001656,"디젤 1.6 LT 디럭스팩",9
10011456,1002047,"740d xDrive M 스포츠",9
10010258,1002242,"5.0 SC VOGUE SE",9
10004650,1001145,"2.0 LPI 디럭스",9
10004562,1000930,"디젤 1.6 VGT",9
10003867,1000819,"가솔린 2WD 380X",9
10015738,1003053,"1.25톤/슈퍼캡/초장축",9
10013089,1002605,"CLS 53 4MATIC+ AMG 에디션1",9
10009505,1001327,"1.5 dCi SE",9
10010846,1002395,T6,9
10004153,1001307,"5DR 1.6GDI 럭셔리",9
10003518,1001373,"2.7 LPI",9
10011401,1001397,"HG300 더 타임리스",9
10003609,1001412,"N20 LPG",9
10016767,1001183,"더쎈 5톤",9
10012521,1001736,"xDrive 35i",9
10011379,1000946,"CLA 250 4MATIC AMG LINE",9
10016592,1002940,"750e xDrive 디자인 퓨어 엑셀런스",9
10016322,1003166,"1.2톤/(CRDi)",9
10016643,1000879,"LPGI 렌터카형 LS",9
10007629,1001665,"2.0 TFSI S-LINE",9
10007427,1001623,"가솔린 2WD SE",9
10014026,1002456,"50 TDI 콰트로",9
10010287,1002245,"V8 5.0 SC HSE",9
10003819,1000888,"BH380 프레스티지",9
10015893,1003129,"일반캡/초장축/(TCi)",9
10008618,1001798,"4.8 터보 S",9
10005661,1000949,"BRABUS 6.1",9
10015657,1003052,"1.0톤/초장축",9
10008169,1001716,"120d 스포츠",9
10010270,1002243,"4.6 HSE",9
10007797,1001691,"C200 d",9
10017437,1003491,"스포트백 40 TDI 콰트로 S-라인",9
10015362,1003027,"가솔린 2.5T 4WD 시그니처 그래비티",9
10008028,1001707,"320i 세단 모던",9
10003970,1000915,"4WD JX290",9
10013421,1002733,"1.6 GTe LE",9
10008459,1001771,"3.6 4MOTION",9
10010468,1002289,"2.0 BlueHDi 알뤼르",9
10011616,1002520,"2WD 아웃도어 에디션",9
10005720,1000976,"R63 AMG",9
10010149,1002213,"파크 레인",9
10005473,1000910,"디젤 2.0 LTZ",9
10005398,1000924,"한원",9
10004674,1000964,"3.8 GDI RVIP",9
10017072,1002546,"2.0 P250 LE",9
10012922,1002673,"D180 R-다이나믹 SE",9
10009435,1001306,"디젤 4WD 2.0 노블레스",9
10010033,1002196,"2.8 모압 에디션",9
10015172,1002812,"2WD 디젤 카고 모던",9
10011199,1002458,"디젤 1.6 LT",9
10015227,1002198,"2.4 래티튜드",9
10003507,1001288,"아제라(수출형)",9
10015696,1003051,"1.0톤/킹캡/장축/(TCi)",9
10011584,1002516,"2WD 2.2 KX",9
10015972,1003142,"일반캡/초장축/(TCi)",9
10004637,1000962,"2.0 GDI 터보 프레스티지",9
10015350,1002824,"220i 그란쿠페 스포츠",9
10010544,1002309,"2WD 디젤 1.6 AX",9
10011796,1002553,"2.0 BlueHDi GT",9
10012321,1001024,"가솔린 2WD SE",9
10016048,1003220,"1톤/(LPG)",9
10014115,1002719,"M135i xDrive",9
10012957,1001006,"4WD CRDI 고급형",9
10013960,1002570,"xDrive M40i",9
10007847,1001693,"E220 블루텍 아방가르드 스포츠",9
10011702,1002533,"3.0 TD6 퍼스트 에디션",9
10013703,1002634,"320i 투어링 럭셔리",9
10008246,1001732,"xDrive 30d 하이",9
10014615,1001554,"GT 320D M 스포트",9
10014311,1002648,"가솔린 2.0 GDe LE 시그니쳐 2WD",9
10006580,1000887,XLP,9
10015684,1003050,"1.0톤/프리미엄와이드",9
10003744,1001169,"1.4VVT 럭셔리",9
10008318,1001753,"2.7T 콰트로",9
10004782,1001035,"디젤 2.0 CDX",9
10005509,1000811,"LPGi 2.0 LT",9
10016032,1003218,"SUPER 카고",9
10003963,1000921,"가솔린",9
10012287,1002020,"1.7 VGT 스마트",9
10004302,1000816,"가솔린 2WD KV380",9
10016689,1003384,"렌터카 장축 15인승",9
10013675,1002775,"가솔린 1.6 터보 4WD 인스퍼레이션",9
10016753,1003396,"2.0 쿠퍼 D ALL4 클래식",9
10008631,1001800,"3.6 AWD",9
10012271,1001038,"1.8 비지니스",9
10012281,1002429,"R 4.0",9
10011035,1002423,"3.0 S AWD",9
10012549,1002246,"2.0 TD4 엠버 리미티드 에디션",9
10011024,1002422,"장축 리무진",9
10010399,1002268,"2WD 3.7 투어링",9
10005713,1001023,ML500,9
10007970,1001700,V280,9
10012414,1001022,"CLS 350 AMG 스포츠팩",9
10014511,1002903,"컨버터블 컴패티션 M xDrive 퍼스트에디션",9
10015469,1003042,"가솔린 9인승 노블레스",9
10014337,1002727,"D200 S",9
10004102,1001116,"1.7 VGT D 스펙",9
10011451,1002505,"2WD 디젤 LX",9
10011279,1001719,"420d 그란쿠페 럭셔리",9
10015566,1002448,"P 250 S",9
10012973,1002335,"GTS 3.8 V8 그란루쏘",9
10013375,1002720,"4WD 1.3 터보 가솔린 액티브",9
10014003,1002627,"2.0 모던",9
10010661,1001558,"퍼팩트 블랙",9
10008560,1001791,"2.0 GTD",9
10011961,1002475,"2.0 스마트 초이스",9
10010196,1002225,"햄튼",9
10012624,1002226,"하이드 파크",9
10014093,1002313,"LP610-2 에보 RWD",9
10011461,1002449,"E300 아방가르드 인텔리전트 드라이브",9
10008965,1001910,"1.8 S",9
10005481,1001092,"디젤 2.0 LTZ",9
10012450,1002617,"3.0 4 이그제큐티브",9
10013010,1001708,"M3 세단 페인트워크 에디션",9
10007252,1001580,"디젤 2WD 1.6 LX",9
10009784,1002122,"하이브리드",9
10016382,1003136,"1.2톤/표준캡/초장축/표준형/(싱글컴프)",9
10003927,1001245,"디젤 2WD 2.2 스마트",9
10011894,1001720,"컨버터블 퍼포먼스 사일렌서 에디션",9
10007724,1001684,"A200 터보",9
10013665,1002774,"AWD 2.5 마스터즈",9
10016584,1001802,"0.9 브라부스 터보",9
10016954,1002992,"B6 AWD 얼티메이트",9
10003669,1001227,"1.6 VVT 골드",9
10008577,1001792,"카레라 GTS 카브리올레",9
10011748,1002548,"1.6 BlueHDi GT Line",9
10011758,1001797,"4.5 터보",9
10009204,1001967,4.0,9
10015421,1002771,"1.8 TCe 인스파이어",9
10003837,1001309,"G380 프레스티지 AWD",9
10007928,1001696,"S 350L 블루텍 4MATIC",9
10012859,1002401,"2.0 폴스타",9
10016959,1002647,"4.0 GTS",9
10003697,1001380,"M16 GDI 모던",9
10012494,1001772,"2.0 TDI 럭셔리에디션",9
10007195,1001569,"35 TDI 콰트로",9
10013469,1002740,"1.6 LPI 스타일",9
10012310,1002021,"1.7 VGT 스마트",9
10014143,1002823,"420i 그란쿠페 퍼스트 에디션",9
10016520,1003357,"1.0톤/표준캡/초장축/(TCi)",9
10003497,1001224,"LPG R27",9
10007614,1001664,2.4,9
10015535,1003046,"HEV 9인승 시그니처 그래비티",9
10008002,1001705,"GT 30d xDRIVE",9
10014546,1002566,"디젤1.6 4WD 퍼펙트 블랙",9
10011878,1002562,"2WD 리무진",9
10007183,1001567,"35 TDI 콰트로",9
10007233,1001578,"1.5 디젤 D 프리미엄",9
10012910,1002256,"6.0 GTC 스피드 블랙에디션",9
10008334,1001754,"3.0 TDI",9
10013028,1002582,"xDrive 20d xLine",9
10015458,1002797,"AMG S63 E 퍼포먼스 4MATIC",9
10011221,1002461,"레이디",9
10013343,1002714,"LPI 2.0 프레스티지",9
10015579,1002312,"LP770-4 SVJ 로드스터",9
10004976,1001293,"2.0 LE",9
10007730,1001685,"A200 CDI 나이트",9
10014043,1002561,"가솔린 11인승 프레스티지",9
10012221,1002602,320d,9
10012389,1001363,"F24 엘레강스 스페셜",9
10011052,1002425,"디젤 4WD RE 시그니처",9
10011226,1002462,"3.0 S AWD",9
10015404,1003030,"1.6T 4WD 시그니처 그래비티",9
10007747,1001687,"SL63 AMG",9
10007569,1001658,"디젤 2.0 2WD 노블레스",9
10004245,1000881,"LPG 2.0 LXT",9
10016180,1003156,"1.4톤/킹캡/초장축/(CRDi)",9
10014785,1001297,"2.2 4WD RX5",9
10013357,1002718,"xDrive 30d xLine 퍼스트 에디션",9
10013696,1002565,"레드핏",9
10017464,1003522,"가솔린 M7 롱 데크 4WD",9
10016852,1002928,"캠핑카",9
10004353,1001164,"디젤 4WD 2.2 LX",9
10013098,1002045,"GLC 300 4MATIC AMG LINE",9
10008108,1001710,"520d xDrive",9
10016301,1003186,"슈퍼캡/초장축",9
10016947,1003430,"M50 xDrive 프로 퍼스트 에디션",9
10003631,1001447,"TURBO GDI 프리미엄",9
10007992,1001704,"GLA45 AMG 4MATIC",9
10014787,1001717,"230i 쿠페",9
10004832,1000917,"2.5 L6 ",9
10004624,1001146,"LPI 3.0 럭셔리",9
10011697,1001020,"25 TDI 다이나믹",9
10005390,1000923,"이베코",9
10017612,1002482,"커넥트 2.0 ",9
10016934,1002756,"40 TFSI 스포트백 콰트로",9
10008008,1001706,"318TI 해치백",9
10004369,1001226,"2WD 2.2 TLX",9
10005377,1000787,"라이노4.5톤",9
10005463,1000859,"1.6 LT",9
10013102,1001570,"35 TDI 콰트로 디자인 스포트백",9
10015374,1002687,"GLE 450d 4MATIC 쿠페",9
10007983,1001702,"밴",9
10007875,1001694,S430,9
10014669,1002930,"2.0 쿠퍼 S 클래식 런치팩",9
10010277,1002244,"4.4 SDV8 HSE 다이나믹",9
10011656,1001621,"2.0 스타일 에디션",9
10003881,1000850,"2WD 2.7 LPG",9
10012642,1002036,"3.0 GDI 노블레스",9
10009378,1001418,"1.6 VGT 월드컵에디션",9
10015395,1003029,"1.6T 4WD 프레스티지",9
10013885,1002686,"카레라 4",9
