gdetail_no,grade_no,gdetail_name,sort_no
100014352,10014952,"플래티넘",
100016524,10017542,"어스",
100015477,10016374,"프레스티지",
100016525,10017542,"GT 라인",
100015789,10005421,"기아",
100015788,10005421,"현대",
100016535,10017551,"11인승",
100016390,10017257,"모던플러스",
100016388,10017257,"스타일",
100016465,10016397,"스마트 셀렉션",
100015786,10005414,"현대",
100016556,10017576,"7인승",
100016426,10017345,"캠퍼 프레스티지",
100016557,10017576,"9인승",
100015461,10016360,"스마트",
100015686,10016533,GL,
100016558,10017577,"11인승",
100014317,10008209,i,
100016538,10017564,"3인승",
100016294,10017105,"어스",
100015787,10005414,"대우",
100015458,10016361,"슈퍼",
100015466,10016367,"럭셔리",
100016539,10017564,"5인승",
100014307,10014692,"터보S",
100014284,10008342,"컴포트",
100016540,10017565,"3인승",
100016550,10017572,"9인승",
100014502,10006570,"2세대",
100016564,10007974,"2인승",
100015790,10005421,"대우",
100016467,10017083,"슈퍼캡 스마트",
100016565,10007976,"2인승",
100016468,10017083,"슈퍼캡 스타일",
100016282,10017091,"스페셜",
100016283,10017091,"골드",
100014306,10014692,"터보",
100016291,10017104,"스페셜",
100016292,10017105,"라이트",
100015315,10016056,"하이울트라",
100016491,10005317,"뉴파워트럭 25톤",
100014281,10014584,"스탠다드",
100015820,10015237,"영업용 모빌리티",
100014492,10015237,"프리미엄",
100014494,10015237,"인스퍼레이션",
100014495,10015237,"장애인 익스클루시브",
100014496,10015237,"렌터카 비지니스 1 ",
100016559,10017577,"15인승",
100014261,10014523,B8,
100016541,10017565,"5인승",
100016542,10017566,"11인승",
100016571,10017566,"구급차",
100016502,10014497,"퍼포먼스 베터리 플러스",
100014503,10006571,"2세대",
100014576,10015272,"수출형",
100015314,10016056,"울트라",
100015265,10015981,"럭셔리",
100016543,10017567,"11인승",
100016544,10017568,"7인승",
100016512,10004605,"기본형",
100016545,10017569,"7인승",
100014255,10014512,"레드라인",
100014500,10006569,"1세대",
100016568,10017586,GL,
100015325,10016062,DLX,
100015326,10016062,"울트라",
100015467,10016368,"럭셔리",
100015327,10016062,"하이울트라",
100016452,10015785,"프리미엄",
100016466,10016402,"스마트 셀렉션",
100013889,10009874,"데날리",
100016326,10013748,"사지 에디션",
100016546,10017570,"2인승",
100016506,10004633,"렌터카 프레스티지",
100014300,10008603,S,
100016547,10017570,"5인승",
100014340,10014931,"다이나믹",
100016507,10005320,"올 뉴 마이티",
100016548,10017571,"2인승",
100015785,10005413,"대우",
100014350,10008886,SL,
100016549,10017571,"5인승",
100015468,10016369,DLX,
100016325,10017146,"스파이더",
100014467,10015190,SE,
100016517,10017180,"라이트",
100015457,10016352,GL,
100015459,10016360,"골드",
100015462,10016360,"스타일",
100014498,10006567,"3세대",
100016455,10017374,"프리미엄",
100015485,10016379,"럭셔리",
100014770,10015672,GL,
100014476,10015217,SAT397,
100016552,10017573,"9인승",
100014765,10015630,GL,
100015469,10016369,GX,
100015793,10013618,"대우",
100015490,10016385,"프레스티지",
100014254,10014512,"프리미어",
100016387,10017256,"스마트",
100016385,10017249,"퍼포먼스 배터리 플러스",
100016501,10014497,"퍼포먼스 베터리",
100014761,10015625,"슈퍼",
100014760,10015624,"스마트",
100015394,10016255,"슈퍼",
100014739,10015617,"프레스티지",
100014733,10015595,"스마트",
100014732,10015595,"슈퍼",
100014731,10015588,"노블레스",
100015792,10013618,"기아",
100014730,10015586,"GX스페셜",
100016464,10015787,"프리미엄",
100016451,10015785,"모던",
100016450,10015785,"스마트",
100016518,10015290,"라이트",
100014729,10015586,GLX,
100016511,10013505,"제트팩",
100014728,10015585,"노블레스",
100016449,10015784,"프리미엄",
100014727,10015585,"럭셔리",
100015470,10016369,"GX스페셜",
100016448,10015784,"모던",
100014726,10015585,LTD,
100014599,10011919,"네비",
100014725,10015585,"GX스페셜",
100016510,10013505,"기본형",
100014724,10015585,GLX,
100014577,10011583,"60th 에디션",
100016447,10015784,"스마트",
100014722,10015582,"럭셔리",
100015464,10016360,"하이슈퍼",
100016566,10017104,"슈퍼",
100016456,10017375,"스마트",
100016567,10017104,"골드",
100016374,10017235,GL,
100016553,10017573,"11인승",
100015471,10016369,"럭셔리",
100014478,10013489,"AMG 라인",
100016384,10017249,"퍼포먼스 배터리",
100016457,10017375,"모던",
100014309,10010867,"모멘텀",
100015784,10005413,"현대",
100016458,10017375,"프리미엄",
100014282,10014584,"트렌디",
100014285,10014599,"프리미엄",
100016459,10017376,"스마트",
100016554,10017575,"7인승",
100016460,10017376,"모던",
100014493,10015237,"익스클루시브",
100016461,10017376,"프리미엄",
100014795,10015685,GL,
100014310,10010868,"인스크립션",
100016498,10010867,"인스크립션",
100015632,10016475,GL,
100015633,10016476,"L라이트",
100014796,10015685,GLS,
100015635,10016480,"디럭스",
100014982,10015771,"슈퍼",
100015637,10016482,"디럭스",
100015638,10016485,"L라이트",
100014983,10015771,"하이슈퍼",
100015639,10016487,"스타일",
100015640,10016488,"디럭스",
100015975,10012624,"1세대",
100015641,10016488,"럭셔리",
100014365,10009722,"문 루프",
100014364,10009722,"테크팩",
100015460,10016360,"슈퍼",
100016389,10017257,"스마트",
100014363,10009722,"파노라마 루프",
100014301,10014692,4,
100015642,10016489,"럭셔리",
100014357,10014980,"8세대",
100016472,10017383,"스마트",
100015643,10016490,"프레스티지",
100015644,10016491,"프레스티지",
100016462,10015787,"스마트",
100016423,10016491,GL,
100016469,10014443,"4WD 디젤",
100015645,10016492,"럭셔리",
100014382,10015031,"3세대",
100015646,10016493,"럭셔리",
100015647,10016498,GL,
100016473,10017385,"스마트",
100015656,10016505,"슈퍼",
100015657,10016505,"스마트",
100015658,10016506,"슈퍼",
100016280,10016506,"스마트",
100016483,10017400,"마이티",
100016484,10017401,"마이티",
100014353,10008886,"플래티넘",
100016470,10014443,"2WD 디젤",
100016555,10017575,"9인승",
100015685,10016525,"럭셔리",
100015687,10016533,L,
100014400,10015107,C8,
100015688,10016533,"L라이트",
100016471,10014443,"2WD LPG",
100016551,10017572,"11인승",
100015690,10016534,"슈퍼",
100015695,10016536,"모던플러스",
100015698,10016536,"스마트",
100015699,10016536,"스타일",
100015701,10016537,"스마트",
100015704,10016540,L,
100014497,10015237,"렌터카 비지니스 2",
100014504,10015238,"2세대",
100015705,10016542,"스마트",
100015706,10016542,"스타일",
100016293,10017105,"에어",
100016463,10015787,"모던",
100015655,10016505,"모던플러스",
100015474,10016371,"럭셔리",
100016453,10017374,"스마트",
100015472,10015818,DLX,
100015104,10015843,"럭셔리",
100015173,10015848,"럭셔리",
100015703,10016538,"럭셔리",
100015481,10015924,"럭셔리",
100015482,10015925,"럭셔리",
100014723,10015585,GX,
100016454,10017374,"모던",
100014499,10006568,"3세대",
100015791,10013618,"현대",
100015463,10016360,"플러스",
100016514,10016571,"AMG 라인",
100014501,10006569,"2세대",
100015767,10016615,"모던",
100015475,10016372,"럭셔리",
100014351,10008886,SV,
100016519,10015291,"라이트",
100014302,10014692,4S,
100016485,10017402,"마이티",
100016486,10017403,"마이티",
100016487,10017404,"마이티",
100015476,10016373,"디럭스",
100014349,10008886,S,
100016523,10017542,"에어",
100014607,10008804,"9세대",
100010643,10008582,996,0
100011321,10007640,"프레스티지",0
100012331,10008160,"M 스포츠",0
100010743,10008337,S-LINE,0
100010748,10008342,"프리미엄",0
100007415,10006586,"에코부스트",0
100008923,10006598,SE,0
100008153,10006680,4WD,0
100013077,10006882,SWB,0
100011077,10006919,"프리미엄",0
100013313,10004741,"드림넷",0
100008578,10004874,"코치 SUPER",0
100010879,10007090,"프레스티지",0
100010308,10007100,"로드스터",0
100010859,10007188,"스포트",0
100012047,10007252,"Plus II",0
100010557,10007674,"모던",0
100010664,10008590,991,0
100010868,10010128,"7인",0
100011183,10011507,"프레스티지",0
100012049,10011694,Plus,0
100011482,10011984,"11인승",0
100007130,10003806,"기본형",0
100009722,10003993,"CLUB 4WD",0
100007364,10004149,"스위트",0
100013272,10013060,"RSH 5",0
100008653,10004149,"하이클래스",0
100011078,10006920,R,0
100010343,10007135,C-TECH,0
100010363,10007189,"디럭스",0
100010753,10008345,"스포츠",0
100007561,10004290,"큐리오",0
100009791,10004343,"LX 최고급형",0
100011325,10010698,"스포츠",0
100010937,10011058,"프리미엄 럭셔리",0
100010987,10011138,"프리미엄",0
100010988,10011146,PE,0
100012174,10011555,"기본형",0
100011507,10011997,"스마트",0
100011533,10012088,"7인",0
100013346,10004702,"고급형",0
100007748,10004822,DOHC,0
100007212,10004827,"기본형",0
100007466,10004831,"일반형",0
100008645,10004903,"프리미엄",0
100010538,10007627,"아반트",0
100010577,10007974,"14인승",0
100010581,10007975,"16인승",0
100010832,10008215,i,0
100010603,10008568,991,0
100010644,10008582,993,0
100010645,10008582,964,0
100012924,10008803,"유로",0
100010841,10009540,"F SPORT",0
100013672,10013901,"9인승",0
100013703,10013926,2WD,0
100008900,10004929,PREMIUM,0
100011962,10005019,"프리미엄",0
100007064,10005150,"고급형",0
100008374,10005158,"브라운스페셜",0
100009287,10005158,"프레스티지",0
100009288,10005159,"프레스티지",0
100010518,10005159,"60주년 에디션",0
100010659,10008586,997,0
100012088,10009559,"스타일",0
100013792,10014007,"더 센",0
100009876,10005163,"4WD 최고급형",0
100008560,10005163,"최고급형",0
100006892,10005164,2WD,0
100008561,10005166,"최고급형",0
100009360,10005166,"EZ SPECIAL",0
100012258,10012368,"프레스티지",0
100010588,10008563,996,0
100010615,10008573,991,0
100010653,10008584,993,0
100012919,10008810,"기본형",0
100013531,10009508,"프리미에르",0
100012165,10011549,"고급형",0
100012026,10011573,"고급형",0
100012236,10011661,"어드밴스드",0
100011319,10011688,"디럭스",0
100013845,10013458,"기본형",0
100009045,10005169,"4WD 고급형",0
100007525,10005174,"최고급형",0
100009047,10005174,"4WD 최고급형",0
100009577,10005177,"4WD 최고급형",0
100008728,10003538,"FIRST CLASS",0
100011102,10005312,"중축",0
100006963,10003549,"고급형",0
100007896,10005458,"LS형",0
100009855,10003560,"VVIP PACK",0
100007650,10006594,"해치백",0
100006902,10006681,2WD,0
100010658,10008586,991,0
100011416,10011427,"드림에디션",0
100011189,10011519,"최고급형",0
100012024,10011572,"고급형",0
100007101,10003541,"기본형",0
100007429,10003975,"웨곤 고급형",0
100009762,10003985,"GX 점보 터보인터쿨러 ",0
100008772,10003986,"GRX 점보",0
100009792,10004346,"LX 최고급형",0
100007929,10004347,"LX 고급형",0
100011667,10004454,"최고급형 패밀리",0
100010719,10009522,"프라다 다이나믹",0
100011188,10011519,"기본형",0
100011205,10011526,"최고급형",0
100011233,10011567,COMFORT,0
100012037,10011597,"기본형",0
100011279,10011614,"11인승",0
100011268,10011615,"9인승",0
100012235,10011659,"엘리트",0
100012326,10011660,"슈프림",0
100009924,10004473,"코치 EST",0
100007500,10004480,"장축",0
100007501,10004481,"장축",0
100008816,10004482,"J2 ",0
100007653,10004483,"AM705 미니버스",0
100007204,10004787,"기본형",0
100013505,10012896,"트렌디",0
100008694,10004814,"DK 고급형",0
100008244,10004829,"고급형",0
100008014,10004950,SPECIALE,0
100013612,10012895,"시그니처",0
100010948,10011063,"럭셔리",0
100012341,10011214,"슈퍼캡",0
100011415,10011424,"드림에디션",0
100011984,10011513,"4WD SL 최고급형",0
100009192,10004957,"장애우용",0
100008724,10004961,EXCLUSIVE,0
100007297,10005045,"레버런스",0
100008371,10005067,"보우에디션",0
100007068,10005163,"고급형",0
100007072,10005177,"고급형",0
100007317,10005184,"멀티엘리트",0
100009148,10005184,"슈퍼프라임",0
100012256,10012368,"럭셔리",0
100008939,10004822,SOHC,0
100013302,10005002,"썸머 스페셜 컬렉션",0
100007907,10005058,LUXURY,0
100009005,10005121,YOUTH,0
100006894,10005175,2WD,0
100012189,10005461,"일반형",0
100010307,10007100,"쿠페",0
100010368,10007195,"다이나믹",0
100011177,10007674,"스마트",0
100009806,10005121,PASSION,0
100007470,10005138,"일반형",0
100007523,10005149,"최고급형",0
100010895,10010319,"럭셔리",0
100010896,10010319,"프레스티지",0
100010897,10010319,"노블레스",0
100013693,10010341,4.0,0
100013694,10010341,6.0,0
100013695,10010342,4.0,0
100013696,10010342,6.0,0
100011058,10010443,"e-HDi 에코",0
100011059,10010443,"e-HDi 알뤼르",0
100011060,10010444,"e-HDi 알뤼르",0
100011061,10010445,"BlueHDi 알뤼르",0
100011062,10010445,"BlueHDi GT Line",0
100011063,10010445,"e-HDi 에코",0
100011064,10010445,"e-HDi 펠린",0
100010900,10010545,"플러스 패키지",0
100010902,10010546,"플러스 패키지",0
100010903,10010548,"플러스 패키지",0
100010904,10010549,"플러스 패키지",0
100011324,10010698,"프리미엄",0
100011098,10005311,"중축",0
100011289,10010952,"기본형",0
100011128,10010952,"스페셜",0
100011565,10003944,"모던",0
100007798,10003958,"GLS 기본형",0
100009241,10004272,"최고급형",0
100010088,10003985,"GRX MULTI 점보 터보인터쿨러 ",0
100009040,10004468,4WD,0
100012124,10004709,"고급형",0
100011601,10004878,"슈퍼",0
100007942,10004927,PLUS,0
100013290,10004937,"리미티드 에디션",0
100011357,10011057,"프레스티지",0
100010934,10011057,"럭셔리",0
100010935,10011057,"프리미엄 럭셔리",0
100013530,10011057,"럭셔리 스페셜",0
100013529,10011058,"럭셔리 스페셜",0
100011358,10011058,"프레스티지",0
100010938,10011059,"프레스티지",0
100010939,10011059,"파이니스트",0
100012246,10011059,"프리미엄 럭셔리",0
100012248,10011060,"프리미엄 럭셔리",0
100012249,10011060,"럭셔리",0
100010940,10011060,"프레스티지",0
100010941,10011060,"파이니스트",0
100010945,10011062,"럭셔리",0
100010946,10011062,"프리미엄 럭셔리",0
100010947,10011062,"프레스티지",0
100010951,10011064,"럭셔리",0
100010952,10011064,"프리미엄 럭셔리",0
100010953,10011064,"프레스티지",0
100010954,10011065,"프레스티지",0
100010965,10011083,"스타일",0
100010966,10011083,"스타일 피버",0
100010967,10011083,"모던",0
100010968,10011083,"모던 피버",0
100011329,10011083,"프리미엄",0
100011176,10011083,"스마트",0
100013542,10011083,"인스퍼레이션",0
100011773,10011112,"다이나믹",0
100010973,10011113,"최고급형",0
100012043,10011113,"기본형",0
100009916,10004957,"장애우용 LE BLACK",0
100012078,10011134,"기본형",0
100010983,10011134,"디럭스",0
100010984,10011135,"디럭스",0
100012079,10011135,"기본형",0
100011973,10011136,"기본형",0
100010985,10011136,"프리미엄 세이프티",0
100010986,10011137,"프리미엄 세이프티",0
100010989,10011146,SE,0
100009775,10004962,LE,0
100007048,10004971,"고급형",0
100010998,10004983,"S/S 컬렉션",0
100007329,10004992,"블랙",0
100011009,10011195,"디럭스",0
100012199,10011196,"기본형",0
100011010,10011196,"디럭스",0
100011534,10011196,"코어",0
100012201,10011199,"코어",0
100012202,10011199,"기본형",0
100011012,10011199,"디럭스",0
100007472,10005140,"일반형",0
100011018,10011207,"스포츠",0
100011019,10011208,"스포츠",0
100012340,10011214,"일반캡",0
100008981,10003822,"Turbo S",0
100007442,10003845,"유니크",0
100010015,10003859,V6,0
100008632,10003871,"프리미엄",0
100010072,10004272,"프레스티지",0
100007003,10004299,"고급형",0
100009902,10004311,"블루프리미엄",0
100009449,10004343,"LX 영팩",0
100007023,10004359,"고급형",0
100012138,10004893,"LT 스페셜",0
100009117,10004963,"모범형",0
100008256,10005138,"고급형",0
100008257,10005139,"고급형",0
100010657,10008585,996,0
100010942,10011061,"럭셔리",0
100010990,10011146,LE,0
100011011,10011198,"디럭스",0
100012200,10011198,"기본형",0
100008307,10005507,"디럭스 알로이휠",0
100013167,10011410,"아이언맨 에디션",0
100011132,10011410,"스마트",0
100011134,10011410,"모던 팝",0
100011136,10011410,"모던 아트",0
100011137,10011410,"프리미엄",0
100011139,10011411,"프리미엄",0
100011140,10011411,"프리미엄 스페셜",0
100011142,10011412,"모던",0
100011143,10011412,"모던 팝",0
100013541,10011412,"모던 초이스",0
100013493,10011413,"모던초이스",0
100011147,10011413,"스마트",0
100011149,10011413,"모던 팝",0
100011151,10011413,"모던 아트",0
100011152,10011413,"프리미엄",0
100011155,10011414,"프리미엄 스페셜",0
100011156,10011415,"프레스티지",0
100007320,10003861,"밸류",0
100010093,10003983,"GX 점보",0
100007368,10004154,"스위트",0
100008002,10004257,SL,0
100008906,10005058,PRESTIGE,0
100007062,10005146,"고급형",0
100007310,10005329,"마이티",0
100012214,10011083,"얼티밋 에디션",0
100013492,10011410,"모던초이스",0
100011135,10011410,"모던 테크",0
100011141,10011412,"스마트",0
100011144,10011412,"모던 테크",0
100011145,10011412,"모던 아트",0
100011146,10011412,"프리미엄",0
100013168,10011412,"아이언맨 에디션",0
100011157,10011423,"프라임",0
100011158,10011423,"플래티넘",0
100011159,10011423,"플래티넘 익스트림팩",0
100011414,10011423,"드림에디션",0
100013225,10011423,"알칸타라에디션",0
100013226,10011424,"알칸타라에디션",0
100011160,10011424,"프라임",0
100011161,10011424,"플래티넘",0
100011162,10011424,"플래티넘 익스트림팩",0
100011164,10011425,"마스터즈",0
100011165,10011425,GT,0
100011166,10011426,"마스터즈",0
100011167,10011426,GT,0
100011168,10011427,"프라임",0
100011169,10011427,"플래티넘",0
100011545,10011427,"프라임 라이트",0
100011546,10011428,"프라임 라이트",0
100011417,10011428,"드림에디션",0
100011171,10011428,"플래티넘",0
100011174,10011440,INTENS,0
100011175,10011440,CARGO,0
100011181,10011507,EL,0
100011184,10011507,"TDI 프레스티지",0
100011187,10011509,"프레스티지",0
100011976,10011513,"2WD S 기본형",0
100011977,10011513,"2WD S 고급형",0
100011978,10011513,"2WD S 최고급형",0
100011979,10011513,"4WD S 기본형",0
100011980,10011513,"4WD S 고급형",0
100011981,10011513,"4WD S 최고급형",0
100011982,10011513,"4WD SL 기본형",0
100011991,10011513,"2WD S CT 기본형",0
100011992,10011513,"2WD S CT 고급형",0
100011993,10011513,"2WD S CT 최고급형",0
100011985,10011514,"4WD SL 기본형",0
100011986,10011514,"4WD SL 고급형",0
100011987,10011514,"4WD SL 최고급형",0
100011988,10011514,"4WD SR 기본형",0
100011989,10011514,"4WD SR 고급형",0
100011990,10011514,"4WD SR 최고급형",0
100011994,10011515,"2WD 고급형",0
100011996,10011515,"2WD CT 고급형",0
100011997,10011515,"2WD CT 최고급형",0
100011998,10011515,"4WD 고급형",0
100011999,10011515,"4WD 최고급형",0
100012000,10011516,"4WD 최고급형",0
100012002,10011518,"320LX 4WD",0
100012004,10011519,"CT 고급형",0
100012005,10011519,"CT 최고급형",0
100012006,10011519,"4WD 기본형",0
100012007,10011519,"4WD 최고급형",0
100011191,10011520,"최고급형",0
100007273,10003841,"럭셔리",0
100009712,10003952,"프리미엄",0
100009911,10003952,"월드컵에디션",0
100006983,10004178,"고급형",0
100009001,10004224,VX,0
100008227,10004233,"고급형",0
100009235,10004233,"최고급형",0
100006989,10004250,"고급형",0
100009671,10004260,"최고급형-세이프티",0
100011627,10004311,"세이프티",0
100011628,10004311,"VIP팩",0
100011642,10004337,"월드팩",0
100009886,10004403,"기본형 디젤",0
100011963,10005012,"기본형",0
100011964,10005012,"프리미엄",0
100008133,10005129,"2WD 최고급형",0
100009575,10005129,"4WD 최고급형",0
100009044,10005129,"4WD 고급형",0
100008387,10005189,"슈퍼프라임",0
100010793,10008203,iL,0
100010836,10008218,i,0
100010837,10008218,Li,0
100010613,10008572,997,0
100010791,10009560,"스페셜",0
100012198,10011195,"기본형",0
100011138,10011411,"모던",0
100012009,10011520,"4WD 최고급형",0
100012010,10011521,"2WD CT 일반형",0
100012011,10011521,"4WD 고급형",0
100011193,10011521,"고급형",0
100011194,10011522,"기본형",0
100011195,10011522,"고급형",0
100011196,10011522,"최고급형",0
100011197,10011523,"기본형",0
100011198,10011523,"고급형",0
100011199,10011523,"최고급형",0
100011200,10011524,"고급형",0
100011202,10011525,"최고급형",0
100011203,10011526,"일반형",0
100011204,10011526,"고급형",0
100012153,10011535,"기본형",0
100012154,10011535,"고급형",0
100012155,10011535,"최고급형",0
100012156,10011540,"기본형",0
100012157,10011540,"고급형",0
100012158,10011540,"최고급형",0
100012159,10011541,"고급형",0
100012160,10011541,"최고급형",0
100012161,10011542,"고급형",0
100012162,10011542,"최고급형",0
100012168,10011543,"고급형",0
100012169,10011543,"최고급형",0
100012163,10011547,"고급형",0
100012164,10011547,"최고급형",0
100012166,10011549,"최고급형",0
100012171,10011550,"고급형",0
100007357,10003953,"스마트",0
100008216,10003967,"고급형",0
100008687,10004115,"Di GOLD",0
100009140,10004166,"세이프티",0
100009163,10004188,"스페셜",0
100007163,10004191,"기본형",0
100008352,10004872,"리빅 DLX",0
100008363,10005330,"마이티II",0
100009787,10005458,"LT형",0
100008023,10005461,Star,0
100011474,10006230,"스포츠 에디션",0
100010302,10007097,"볼란테",0
100010440,10007338,M,0
100010489,10007438,"LS 디럭스 팩",0
100010839,10008219,Li,0
100012167,10011551,"최고급형",0
100012172,10011552,"일반형",0
100012175,10011555,"고급형",0
100012176,10011555,"최고급형",0
100012177,10011557,"기본형",0
100012178,10011557,"고급형",0
100012179,10011557,"최고급형",0
100012181,10011558,"고급형",0
100012182,10011558,"최고급형",0
100012184,10011559,"고급형",0
100012185,10011559,"최고급형",0
100012187,10011560,"고급형",0
100012188,10011560,"최고급형",0
100011206,10011561,"기본형",0
100011207,10011561,"고급형",0
100011208,10011561,"최고급형",0
100011209,10011561,"소프트탑",0
100011210,10011562,"기본형",0
100011211,10011562,K-LOOK,0
100011212,10011562,"비트",0
100011213,10011562,"리미티드",0
100011214,10011563,"기본형",0
100011215,10011563,GUARDIAN,0
100011216,10011563,PARK,0
100011217,10011563,K-LOOK,0
100011218,10011563,"리미티드",0
100011219,10011564,"기본형",0
100011220,10011564,COMFORT,0
100011221,10011564,LUXURY,0
100011222,10011565,"기본형",0
100011224,10011565,"비트",0
100011225,10011565,"리미티드",0
100011226,10011566,"기본형",0
100011227,10011566,GUARDIAN,0
100011228,10011566,PARK,0
100011229,10011566,"매니아",0
100011230,10011566,K-LOOK,0
100011231,10011566,"리미티드",0
100011232,10011567,"기본형",0
100012016,10011568,"고급형",0
100012019,10011569,"최고급형",0
100012021,10011570,"최고급형",0
100012022,10011571,"고급형",0
100012023,10011571,"최고급형",0
100012025,10011572,"최고급형",0
100012027,10011573,"최고급형",0
100011236,10011575,"고급형",0
100011237,10011575,"최고급형",0
100011239,10011579,"고급형",0
100011240,10011579,"최고급형",0
100011243,10011585,"최고급형",0
100011246,10011589,"최고급형",0
100012034,10011593,"기본형",0
100012035,10011593,"고급형",0
100012036,10011593,"최고급형",0
100012038,10011597,"고급형",0
100012039,10011597,"최고급형",0
100011247,10011600,"에코",0
100011248,10011600,"클럽",0
100011249,10011600,"패션",0
100007155,10003960,"기본형",0
100010254,10003982,"GRX MULTI RV 터보인터쿨러 ",0
100008080,10004133,"1.1 SLX",0
100010006,10004175,SX,0
100007174,10004238,"기본형",0
100007175,10004241,"기본형",0
100009061,10004241,"고급형",0
100008699,10004256,DLX,0
100009940,10004261,"프리미엄",0
100006995,10004263,"고급형",0
100010212,10004270,"프레스티지",0
100010251,10004270,"프레스티지 VIP패키지",0
100008780,10004287,GT,0
100011661,10004408,"월드스페셜",0
100008532,10004447,"최고급형",0
100007591,10004476,"판넬밴 EST",0
100009687,10004871,"판넬밴 SUPER",0
100013320,10004887,"LPG LP 고급형",0
100007047,10004963,"고급형",0
100009252,10005134,"최고급형",0
100008254,10005134,"고급형",0
100008608,10005184,"프라임",0
100010374,10007129,"베이직",0
100012018,10011569,"고급형",0
100012029,10011584,"스페셜",0
100011245,10011589,"고급형",0
100011250,10011601,"클럽",0
100011251,10011601,LEISURE,0
100011253,10011601,"비젼",0
100011256,10011605,"클럽",0
100011259,10011606,"클럽",0
100011260,10011606,"패션",0
100011261,10011606,"비젼",0
100011262,10011609,"9인승",0
100011276,10011610,"11인승",0
100011263,10011610,"9인승",0
100011264,10011611,"9인승",0
100011277,10011612,"11인승",0
100011265,10011612,"9인승",0
100011266,10011613,"9인승",0
100011278,10011613,"11인승",0
100011267,10011614,"9인승",0
100011280,10011615,"11인승",0
100012059,10011615,"11인승 하이루프",0
100011281,10011617,"11인승",0
100011270,10011618,"9인승",0
100011282,10011618,"11인승",0
100011283,10011619,"11인승",0
100011271,10011619,"9인승",0
100011284,10011620,"11인승",0
100012228,10011658,"어드밴스드",0
100012232,10011659,"어드밴스드",0
100012233,10011659,"슈프림",0
100012234,10011659,"스포츠 패키지",0
100012328,10011660,"프레스티지",0
100012238,10011661,"엘리트",0
100012239,10011661,"프레스티지",0
100012243,10011663,"어드밴스드",0
100012245,10011663,"엘리트",0
100013191,10011680,"마스터 스페셜",0
100011300,10011680,"노블레스",0
100011302,10011681,"노블레스",0
100013193,10011682,"마스터 스페셜",0
100009635,10003974,"슈퍼형",0
100011835,10003980,"GRX 4WD",0
100013239,10004111,"기본형",0
100008935,10004173,"SLX ",0
100009122,10004213,"보냉탑",0
100008224,10004229,"고급형",0
100011655,10004246,"기본형",0
100008325,10004260,"럭셔리",0
100011472,10006230,"에센스",0
100009889,10003721,"디럭스",0
100010439,10007338,E,0
100010085,10004423,"GLX 11인승 프리미엄",0
100012057,10011615,"9인승 하이루프",0
100011273,10011621,"9인승",0
100012325,10011660,"어드밴스드",0
100011303,10011682,"럭셔리",0
100011304,10011682,"프레스티지",0
100011305,10011682,"노블레스",0
100011306,10011682,"노블레스 스페셜",0
100011456,10011682,"마스터",0
100011646,10011683,"넘버원 에디션",0
100011307,10011683,"럭셔리",0
100011308,10011683,"프레스티지",0
100011310,10011683,"노블레스 스페셜",0
100013194,10011683,"마스터 스페셜",0
100011311,10011684,"프레스티지",0
100011312,10011684,"노블레스",0
100011313,10011684,"노블레스 스페셜",0
100011458,10011684,"마스터",0
100011459,10011685,"마스터",0
100011647,10011685,"넘버원 에디션",0
100011317,10011685,"노블레스 스페셜",0
100013196,10011685,"마스터 스페셜",0
100011972,10011686,"LTZ 프리미엄 세이프티",0
100011318,10011688,"기본형",0
100012048,10011692,Plus,0
100012050,10011694,"Plus II",0
100011514,10011760,"11인승",0
100011342,10011771,"기본형",0
100011344,10011771,"파노라믹 에디션",0
100013224,10011771,"레드 에디션",0
100011346,10011772,"어드벤처",0
100011347,10011772,"프레스티지",0
100011348,10011772,"노블레스",0
100011350,10011773,"어드벤처",0
100011351,10011773,"프레스티지",0
100011352,10011773,"노블레스",0
100013515,10011773,"프레스티지 스페셜",0
100013653,10011773,"다이내믹 에디션",0
100007131,10003807,"기본형",0
100010125,10004423,"가솔린 11인승",0
100010178,10004423,"가솔린 11인승 프리미엄",0
100009752,10004423,"GLX 11인승",0
100009965,10004423,"GLX 11인승 최고급형",0
100006943,10004423,"7인승 기본형",0
100008172,10004423,"7인승 고급형",0
100007803,10004422,"GLX 11인승",0
100008904,10004422,"President 11인승",0
100009708,10003807,"프리미엄",0
100009020,10004421,"11인승 GLX",0
100006945,10004421,"8인승",0
100010026,10003849,XL,0
100007834,10004420,"GX 고급형",0
100008530,10004419,"최고급형",0
100009190,10003856,"인터쿨러엑시드",0
100013241,10004113,"고급형",0
100007182,10004419,"기본형",0
100007031,10004418,"고급형",0
100007685,10003983,CLUB,0
100008276,10004414,"그랜드팩",0
100007030,10004414,"고급형",0
100007833,10004417,"GX 고급형",0
100009757,10004728,GTE,0
100009303,10004745,"프리미엄",0
100007946,10004954,PLUS,0
100009347,10005326,"e 마이티",0
100008359,10005326,"마이티 II",0
100007307,10005326,"마이티",0
100006832,10005469,+,0
100006937,10005503,"5인",0
100008169,10005503,"7인",0
100011073,10006917,"프리미엄",0
100011074,10006917,"S 포트폴리오",0
100013234,10004114,"고급",0
100011290,10011629,"기본형",0
100011291,10011629,"고급형",0
100012327,10011660,"엘리트",0
100011309,10011683,"노블레스",0
100011337,10011760,"9인승",0
100007720,10004115,"Di SR",0
100008796,10004417,"GX 그랜드팩",0
100007807,10004129,GLXi,0
100009386,10004417,GLX,0
100007804,10004411,"GLX 8인승",0
100008141,10004304,"디젤 터보인터쿨러",0
100012129,10004722,"스타",0
100008759,10004411,"GLX 11인승",0
100009405,10004410,"GX 그랜드팩",0
100012104,10004766,"일반형",0
100013317,10004887,"LPG LD 고급형",0
100009751,10004410,GLX,0
100007948,10004994,PLUS,0
100008795,10004410,"GX 고급형",0
100007827,10004410,GX,0
100008529,10004409,"최고급형",0
100007889,10004253,LPG,0
100006991,10004252,"고급형",0
100013294,10005001,"기본형",0
100008505,10004252,"최고급형",0
100008901,10005007,PREMIUM,0
100009175,10004251,"월드컵",0
100008892,10005009,"PLUS 스포티",0
100008504,10004251,"최고급형",0
100009470,10005009,PREMIUM,0
100007658,10005023,ART,0
100006990,10004251,"고급형",0
100008542,10005052,"최고급형",0
100009665,10004249,"최고급형",0
100010163,10003982,"SVX 터보인터쿨러",0
100007438,10004002,"윈도우밴 SV",0
100013243,10004109,"고급형",0
100007994,10004131,Si,0
100009735,10004158,"DOHC LSDi",0
100009162,10004187,"스페셜",0
100008573,10004208,"코치 DLX",0
100007888,10004225,LPG,0
100009237,10004237,"최고급형",0
100010701,10004429,"노블레스",0
100007205,10004788,"기본형",0
100011130,10005465,"스탠다드",0
100012090,10005468,"기본형",0
100012091,10005469,"기본형",0
100008407,10004249,"스페셜",0
100010741,10008335,"다이나믹",0
100007177,10004249,"기본형",0
100011677,10004247,"기본형",0
100011659,10004247,"최고급형",0
100011658,10004247,"고급형",0
100009538,10005052,VIP,0
100011657,10004246,"최고급형",0
100011656,10004246,"고급형",0
100007176,10004245,"기본형",0
100008996,10005053,VIP,0
100007519,10005055,"최고급형",0
100011452,10011887,"럭셔리",0
100011453,10011887,"프리미엄 럭셔리",0
100011454,10011888,"럭셔리",0
100011455,10011888,"프리미엄 럭셔리",0
100011463,10011915,"기본형",0
100011464,10011915,"익스클루시브",0
100011466,10011916,"익스클루시브",0
100011467,10011917,"익스클루시브",0
100011468,10011918,"익스클루시브",0
100008373,10005055,"브라운 에디션",0
100008230,10004245,"고급형",0
100011483,10011985,"4인승",0
100011484,10011986,"23인승",0
100011485,10011987,"3인승",0
100011654,10004244,"최고급형",0
100011653,10004244,"고급형",0
100011652,10004244,"기본형",0
100009516,10005064,SVIP,0
100007742,10004242,DOHC,0
100008324,10004242,"럭셔리",0
100010062,10004241,"최고급형 스페셜",0
100009919,10004241,"최고급형",0
100009590,10004241,"고급형 스페셜",0
100009850,10005064,VIP,0
100008285,10004241,"기본형 스페셜",0
100007622,10004240,"프리미엄",0
100009298,10004239,"프리미엄",0
100007873,10004143,L,0
100007366,10004152,"스위트",0
100013253,10004184,"고급형",0
100006984,10004187,"고급형",0
100009062,10004249,"고급형",0
100007514,10004264,"최고급형",0
100006890,10004285,"2인승 밴",0
100008508,10004296,"최고급형",0
100008635,10004356,"프리미엄",0
100013516,10004393,"가솔린",0
100011666,10004454,"최고급형",0
100008818,10004486,J2,0
100009717,10004239,"프리미엄 스페셜",0
100012105,10004766,"고급형",0
100012263,10004784,"고급형",0
100007203,10004786,"기본형",0
100011960,10005177,"기본형",0
100008502,10004239,"최고급형",0
100007258,10005513,"디럭스",0
100012196,10007134,"플러스",0
100012624,10009061,N,0
100010789,10009559,E,0
100010867,10010128,"5인",0
100008259,10005142,"고급형",0
100006988,10004239,"고급형",0
100007060,10005144,"고급형",0
100008284,10004238,"기본형 스페셜",0
100008229,10004237,"고급형",0
100007173,10004237,"기본형",0
100006987,10004236,"고급형",0
100008501,10004236,"최고급형",0
100008633,10004235,"프리미엄",0
100008228,10004234,"고급형",0
100007172,10004234,"기본형",0
100009716,10004234,"프리미엄",0
100006940,10005496,"5인승",0
100009236,10004234,"최고급형",0
100013545,10011996,"인스퍼레이션",0
100011506,10011996,"스마트",0
100011508,10011996,"모던",0
100011510,10011996,"프리미엄",0
100011512,10011996,"얼티밋 에디션",0
100011513,10011997,"얼티밋 에디션",0
100011509,10011997,"모던",0
100007171,10004233,"기본형",0
100007170,10004232,"기본형",0
100009234,10004230,"최고급형",0
100008029,10004287,STD,0
100009884,10004305,"그랜드 터보인터쿨러 SDLX",0
100013251,10004440,"TLX 고급형",0
100007193,10004667,"기본형",0
100009971,10004727,GTE,0
100013334,10004804,"일반형",0
100009332,10004287,DLX,0
100006837,10005475,+,0
100010543,10007641,"다이나믹",0
100012247,10011059,"럭셔리",0
100008794,10004286,"GX 2인승 밴 최고급형",0
100011511,10011997,"프리미엄",0
100013547,10011997,"인스퍼레이션",0
100009844,10003857,"V6 엑시드",0
100007832,10004286,"GX 2인승 밴 고급형",0
100009089,10003859,"디젤엑시드(숏바디)",0
100007925,10004284,"LX 4인승 최고급형",0
100009446,10004284,"LX 5인승 최고급형",0
100013814,10012086,"쿠페",0
100013815,10012086,"쿠페 AMR",0
100011531,10012087,"7인",0
100011532,10012088,"5인",0
100009354,10004149,"ECO PLUS",0
100009815,10004283,"SDLX 5인승 가솔린",0
100011550,10012116,"11인승",0
100011561,10012122,"스타일링 기어",0
100011562,10012123,"스타일링 기어",0
100011558,10012123,"드라이빙 기어",0
100011559,10012126,"드라이빙 기어",0
100011563,10012126,"스타일링 기어",0
100011564,10012127,"스타일링 기어",0
100011560,10012127,"드라이빙 기어",0
100008596,10004309,"터보인터쿨러 DLX",0
100011608,10012235,"익스클루시브",0
100011609,10012235,"프레스티지",0
100013583,10012235,"캘리그래피",0
100013585,10012236,"캘리그래피",0
100013586,10012236,VIP,0
100011610,10012236,"익스클루시브",0
100011612,10012237,"익스클루시브",0
100013587,10012237,"캘리그래피",0
100013588,10012237,VIP,0
100011614,10012238,"익스클루시브",0
100011615,10012238,"프레스티지",0
100011737,10012291,"기본형",0
100011740,10012291,"고급형",0
100011741,10012291,"최고급형",0
100011758,10012293,"고급형",0
100012055,10012339,"9인승",0
100009484,10004283,"SDLX 5인승",0
100012227,10004494,"그랜드 판넬밴 RS",0
100013646,10013866,"9인",0
100013650,10013873,"5인승",0
100008917,10004283,"SDLX 4인승",0
100007730,10004283,"DLX 5인승",0
100007196,10004745,"기본형",0
100008062,10004278,V6,0
100008803,10004277,HONOUR,0
100007680,10004277,CLASSIC,0
100011641,10004347,"LX 영팩",0
100011635,10004367,"스페셜",0
100011636,10004367,"기본형",0
100007179,10004276,"기본형",0
100007898,10004492,LST,0
100007600,10004663,"패밀리",0
100013347,10004702,"스페셜에디션",0
100008239,10004741,"고급형",0
100007458,10004741,"일반형",0
100013280,10004796,"스페셜",0
100011051,10004895,"스페셜에디션",0
100013293,10004936,"썸머 에디션",0
100008135,10004276,"3.0 PRESIDENT",0
100008063,10004275,"V6 CLASSIC",0
100007647,10006591,"해치백",0
100010856,10007187,"스포트라인",0
100010488,10007438,LS,0
100010805,10008208,i,0
100010806,10008208,iL,0
100012003,10011519,"CT 기본형",0
100011759,10012293,"최고급형",0
100013354,10013139,"기본형",0
100008115,10004797,"2.0 DOHC",0
100008667,10004274,CLASSIC,0
100007178,10004274,"기본형",0
100009409,10004273,HONOUR,0
100011648,10004272,"디럭스",0
100013322,10004887,"LPG LS 고급형",0
100009668,10004272,"최고급형럭셔리",0
100009891,10004272,"럭셔리",0
100008265,10004272,"고급형럭셔리",0
100008289,10004271,"노블레스",0
100007446,10005065,"익스큐티브",0
100007624,10004271,"프리미엄",0
100010076,10004270,"프리미엄",0
100008328,10005065,"럭셔리",0
100013746,10013971,"e 마이티",0
100013747,10013971,"올뉴마이티",0
100011426,10005066,"리무진",0
100010126,10004270,"럭셔리",0
100010180,10004270,"럭셔리 하이클래스패키지",0
100010267,10004270,"노블레스 VIP패키지",0
100007063,10005148,"고급형",0
100010260,10004270,"노블레스",0
100010236,10004270,"프레스티지 하이클래스패키지",0
100008558,10005152,"최고급형",0
100007385,10004270,"스페셜",0
100008413,10004270,"스페셜럭셔리",0
100009921,10004270,"최고급형",0
100008386,10005186,"슈퍼프라임",0
100009592,10004270,"고급형럭셔리",0
100009064,10004270,"고급형",0
100007027,10004407,"고급형",0
100007073,10005462,"고급형",0
100009087,10004269,"디럭스",0
100010626,10008577,997,0
100010630,10008579,997,0
100010786,10009559,"기본형",0
100009611,10004269,"디럭스스페셜",0
100011186,10011509,"기본형",0
100012008,10011520,"4WD 기본형",0
100011257,10011605,"패션",0
100011258,10011606,"매니아",0
100008051,10003726,TRENDY,0
100007784,10003786,GL,0
100008405,10003818,"스페셜",0
100008627,10003866,"프리미어",0
100013861,10014073,"고급형 레드프리미엄",0
100007615,10003869,"프리미엄",0
100011703,10003935,"MX 스타일팩",0
100009378,10003961,"GLS 기본형",0
100010149,10003983,"GRX 점보",0
100007384,10004269,"스페셜",0
100006997,10004272,"고급형",0
100009587,10004398,"9인승 LPG ",0
100007180,10004403,"기본형",0
100008100,10004421,"11인승",0
100007934,10004556,LXDi,0
100011833,10003999,"판넬밴 GRX",0
100010264,10004727,RTi,0
100009025,10004796,"2.0 DELUXE",0
100013333,10004799,"2.0 스페셜 고급형 드림넷",0
100008851,10004896,"LT 고급형",0
100008031,10005069,STD,0
100007058,10005123,"고급형",0
100008552,10005123,"최고급형",0
100013123,10006572,"리미티드",0
100010959,10007675,"모던 스페셜",0
100010559,10007675,"모던",0
100013079,10008145,"기본형",0
100012330,10008160,"스포츠",0
100011914,10009374,"기본형",0
100011234,10011567,LUXURY,0
100009861,10004135,"1.3 GLXi",0
100007380,10004151,"스페셜",0
100008711,10004158,"DOHC GLXi(GLX)",0
100008841,10004253,"LPG 프라임",0
100009628,10004313,"블루프리미엄",0
100011637,10004370,"기본형",0
100007759,10004470,"EGI ",0
100007921,10004323,LX,0
100008637,10004358,"프리미엄",0
100008839,10004393,LPG,0
100008817,10004483,J2,0
100008819,10004487,J2,0
100007985,10004729,SE,0
100006855,10004771,"1.6 LUX",0
100009619,10004788,"밀레니엄 스페셜",0
100007891,10004887,"LPG SL",0
100007248,10004904,"디럭스",0
100007296,10005042,"레버런스",0
100009881,10005131,"7인 2WD",0
100012100,10005510,"일반형",0
100011043,10008196,"d xDrive M 스포츠 그란쿠페",0
100010826,10008214,"d xDrive",0
100010833,10008215,Li,0
100010834,10008215,"Li 인디비주얼",0
100011115,10008674,"파이니스트 에디션",0
100013129,10009715,"셀렉트",0
100008717,10004589,"ECO PLUS",0
100011316,10011685,"노블레스",0
100011948,10012314,"디럭스",0
100011949,10012314,"럭셔리",0
100011951,10012315,"디럭스",0
100011952,10012315,"럭셔리",0
100011953,10012315,"프레스티지",0
100007631,10004755,"프리미엄",0
100009643,10004778,"아이덴티티 고급형",0
100013325,10004797,"2.0 DOHC 고급형",0
100008914,10004798,ROYALE,0
100008118,10004799,"2.0 EXCLUSIVE",0
100008693,10004813,"DK 고급형",0
100007289,10005066,"럭셔리",0
100009105,10005067,"리무진",0
100008549,10005112,"최고급형",0
100009838,10004354,"TLX 프리미엄",0
100009301,10004360,"프리미엄",0
100008410,10004668,"스페셜",0
100013306,10004733,"DOHC 프리미엄",0
100013276,10004754,"퍼펙트",0
100012269,10004786,"세이프티",0
100008392,10004820,"슈프림",0
100007247,10004903,"디럭스",0
100008145,10005164,4WD,0
100010318,10007107,"라피드 S",0
100012588,10008198,i,0
100010627,10008578,991,0
100010628,10008578,997,0
100010629,10008579,991,0
100011275,10011611,"11인승",0
100012240,10011662,"어드밴스드",0
100012056,10012339,"11인승",0
100007055,10005112,"고급형",0
100007056,10005114,"고급형",0
100009316,10005122,CLUB,0
100009572,10005124,"4WD 최고급형",0
100006903,10005124,"2WD 고급형",0
100008129,10005124,"2WD 최고급형",0
100009573,10005125,"4WD 최고급형",0
100009042,10005125,"4WD 고급형",0
100009571,10005126,"4WD 일반형",0
100008488,10003618,"최고급형",0
100007764,10003729,ES,0
100008192,10003800,"고급형",0
100009701,10003839,"프리미어",0
100009291,10003841,"프리미어",0
100007374,10003870,"스타일팩",0
100007013,10004337,"고급형",0
100007259,10004391,"디젤",0
100013288,10004933,"썸머 에디션",0
100008890,10004959,PLUS,0
100010601,10008567,996,0
100012170,10011548,"고급형",0
100011223,10011565,K-LOOK,0
100012242,10011662,"엘리트",0
100012244,10011663,"슈프림",0
100013223,10011771,"S-에디션",0
100012097,10012350,"일반형",0
100012098,10012350,"디럭스",0
100009511,10003874,SUPER-DLX,0
100009156,10003944,"스마트 팩",0
100013269,10013044,"프레스티지",0
100013271,10013060,"RSH 4",0
100013273,10013060,"RSH 6",0
100010191,10003983,"GRX RV",0
100009517,10003985,"SVX 점보 터보인터쿨러 ",0
100010186,10003997,"판넬밴 GX 점보 터보인터쿨러 ",0
100007477,10004730,"임팩트",0
100008117,10004772,"2.0 EX",0
100006878,10004800,"2.0 SOHC",0
100008116,10004800,"2.0 DOHC",0
100007563,10004801,"클래식",0
100013323,10004892,"일반형",0
100007949,10005006,PLUS,0
100007976,10005048,S,0
100011182,10011507,TDI,0
100012032,10011562,"쿨",0
100012237,10011661,"슈프림",0
100011349,10011773,"와일드",0
100013544,10012361,"인스퍼레이션",0
100012216,10012361,"프리미엄",0
100012217,10012361,"얼티밋 에디션",0
100012251,10012365,"럭셔리",0
100012252,10012366,"럭셔리",0
100012253,10012366,"프리미엄 럭셔리",0
100012254,10012366,"프레스티지",0
100012255,10012367,"럭셔리",0
100012257,10012368,"프리미엄 럭셔리",0
100013501,10012894,"노블레스",0
100013600,10012894,"그래비티",0
100013611,10012894,"시그니처",0
100013601,10012895,"그래비티",0
100013502,10012895,"트렌디",0
100013503,10012895,"프레스티지",0
100013504,10012895,"노블레스",0
100013506,10012896,"프레스티지",0
100013507,10012896,"노블레스",0
100013602,10012896,"그래비티",0
100013613,10012896,"시그니처",0
100013258,10012962,"6인승",0
100013261,10012963,"6인승",0
100013262,10012963,"7인승",0
100013266,10013043,DOHC,0
100013267,10013043,"프레스티지",0
100013268,10013044,DOHC,0
100009482,10004759,RX,0
100013314,10004776,"일반형",0
100008364,10005331,"마이티II",0
100006831,10005468,+,0
100011345,10011772,"와일드",0
100012259,10012370,"프레스티지",0
100013337,10012380,"고급형",0
100007811,10004132,GS,0
100010027,10004135,"1.3 YOUNG",0
100009954,10004150,"ECO PLUS 하이클래스",0
100007560,10004289,"큐리오",0
100007516,10004321,"최고급형",0
100006955,10004397,"9인승 디젤",0
100011708,10003937,"JX 고급형",0
100013277,10004757,"퍼펙트",0
100013125,10012461,"슈퍼캡",0
100012590,10012506,i,0
100012595,10012551,"플래티넘",0
100007632,10004758,"프리미엄",0
100012118,10004782,"일반형",0
100013144,10012612,"기본형",0
100013498,10012893,"노블레스",0
100013499,10012894,"트렌디",0
100013500,10012894,"프레스티지",0
100007599,10004662,"패밀리",0
100013316,10004887,"LPG LD 엔조이",0
100007882,10004888,LD,0
100008836,10004888,LP,0
100011969,10004983,"기본형",0
100007972,10005038,S,0
100007973,10005039,S,0
100009993,10005120,PASSION,0
100013581,10005324,"올뉴마이티",0
100008308,10005510,"디럭스(블랙휠)",0
100010646,10008583,991,0
100013326,10004797,"2.0 DOHC 고급형 드림넷",0
100011983,10011513,"4WD SL 고급형",0
100012186,10011560,"일반형",0
100012031,10011588,"스페셜",0
100013145,10012612,"프리미엄",0
100013156,10012643,"디럭스",0
100013157,10012644,"기본형",0
100013158,10012644,"디럭스",0
100013159,10012645,"기본형",0
100013160,10012645,"프라임 세이프티",0
100013161,10012646,"기본형",0
100013487,10012646,"프리미어",0
100013163,10012647,"스페셜",0
100013164,10012648,"스페셜",0
100013165,10012650,"기본형",0
100013364,10004813,"LK 고급형 드림넷",0
100013180,10012819,"프레스티지",0
100013181,10012819,"노블레스",0
100013559,10012819,"X 에디션",0
100013182,10012820,"노블레스",0
100013183,10012820,"시그니처",0
100013184,10012821,"프레스티지",0
100013185,10012821,"노블레스",0
100013187,10012822,"노블레스",0
100009428,10004814,"LK 일반형",0
100008915,10004802,ROYALE,0
100013369,10004887,"LPG 스페셜",0
100007225,10005135,"기본형",0
100012192,10005456,"기본형",0
100010567,10007699,"터보",0
100010595,10008565,996,0
100009982,10004887,"LPG LP",0
100012001,10011518,"230SR 4WD",0
100011254,10011601,"매니아",0
100011255,10011605,"에코",0
100011299,10011680,"프레스티지",0
100013543,10012361,"스마트",0
100013188,10012823,"스텐다드",0
100013189,10012823,"트렌디",0
100013190,10012823,"프레스티지",0
100013201,10012831,"기본형",0
100013202,10012831,"디럭스",0
100013203,10012832,"기본형",0
100013204,10012832,"익스클루시브",0
100007894,10004893,"LS기본형",0
100009439,10004894,"LT 익스트림",0
100013704,10013926,4WD,0
100011961,10005019,"기본형",0
100007287,10005063,"럭셔리",0
100012086,10004405,"GX 고급형",0
100009006,10005122,YOUTH,0
100012015,10005123,"하이테크",0
100010043,10004403,"기본형 LPI",0
100009599,10004403,"기본형 이지무브 9인승",0
100009242,10004403,"최고급형",0
100008231,10004403,"고급형",0
100009041,10005124,"4WD 고급형",0
100008520,10004338,"최고급형",0
100013255,10004182,"고급형",0
100008937,10004180,SLX,0
100013221,10012839,PE,0
100013222,10012839,SE,0
100013610,10012893,"시그니처",0
100013599,10012893,"그래비티",0
100013496,10012893,"트렌디",0
100013497,10012893,"프레스티지",0
100007919,10004180,LX,0
100006839,10005474,"+ 래더패키지",0
100006936,10005502,"5인",0
100011079,10006920,R-S,0
100010560,10007675,"프리미엄",0
100006905,10005126,"2WD 고급형",0
100011170,10011428,"프라임",0
100011201,10011524,"최고급형",0
100012033,10011565,"쿨",0
100011557,10012122,"드라이빙 기어",0
100011582,10012146,SRX,0
100006907,10005129,"2WD 고급형",0
100013355,10013139,"고급형",0
100013357,10013160,"기본형",0
100013358,10013160,"프레스티지",0
100013494,10013226,"프레스티지",0
100013495,10013226,"노블레스",0
100008155,10005130,"4WD 고급형",0
100011633,10004179,"고급형",0
100013552,10013299,"기본형",0
100013553,10013299,"퍼스트 에디션",0
100013554,10013300,"기본형",0
100013555,10013300,"퍼스트 에디션",0
100007224,10005134,"기본형",0
100013574,10013414,"휠체어 리프트",0
100008255,10005135,"고급형",0
100013846,10013458,"스포츠팩",0
100009253,10005135,"최고급형",0
100007521,10005136,"최고급형",0
100011632,10004179,"기본형",0
100007065,10005152,"고급형",0
100011676,10004179,"뷰티",0
100013853,10013462,"기본형",0
100013854,10013462,"스포츠팩",0
100013855,10013463,"기본형",0
100013856,10013463,"스포츠팩",0
100008963,10004177,SX,0
100008009,10004177,"SLX 기본형",0
100007430,10003976,"웨곤 고급형",0
100009780,10004887,"LPG LD",0
100011956,10005149,"고급형",0
100009178,10003976,"웨곤 슈퍼형",0
100007252,10005505,"디럭스",0
100010316,10007105,"쿠페",0
100013078,10007105,"볼란테",0
100006982,10004176,"고급형",0
100012173,10011552,"최고급형",0
100011611,10012236,"프레스티지",0
100008497,10004176,"최고급형",0
100009448,10004175,"LX 기본형",0
100009818,10004175,"SLX 기본형",0
100008828,10004175,"L 고급형",0
100013798,10014024,"트랙 호크",0
100013799,10014025,"올뉴마이티",0
100007881,10004175,"L 기본형",0
100007918,10004174,LX,0
100008936,10004174,SLX,0
100013072,10006908,"프리미엄",0
100010336,10007133,M/T,0
100012587,10008197,i,0
100013651,10013873,"6인승",0
100013652,10013873,"7인승",0
100013674,10013901,"11인승",0
100013675,10013902,"11인승",0
100013673,10013902,"9인승",0
100008762,10004138,GLXi,0
100007917,10004173,"LX ",0
100008008,10004171,SLX,0
100008765,10004171,GOLD,0
100009790,10004165,"LX 최고급",0
100009447,10004165,"LX 고급",0
100010200,10004158,"SOHC GXi(SLX)",0
100010162,10004158,"SOHC GS",0
100010107,10004158,"SOHC GLXi(GTX)",0
100013686,10013906,"노블레스 라이트",0
100013687,10013906,"노블레스",0
100013688,10013906,"시그니처",0
100009340,10004158,"DOHC GSDi",0
100009999,10004158,"SOHC GLXDi",0
100007750,10004158,"DOHC GLXDi",0
100009985,10004156,LSDi,0
100008844,10003747,"L S",0
100009759,10004156,GTX(GLX),0
100007695,10003748,"CR 기본형",0
100007046,10004897,"고급형",0
100007404,10005013,"씨티",0
100009515,10005063,SVIP,0
100009285,10005065,"프레스티지",0
100011090,10005308,"초장축",0
100007304,10005322,"마이티",0
100007360,10004155,"스마트 스페셜",0
100007528,10005466,"최고급형",0
100007776,10006583,FWD,0
100010309,10007101,"쿠페",0
100010957,10007674,"프리미엄",0
100011323,10008327,"다이나믹 스포츠",0
100010686,10008675,"프레스티지",0
100012594,10009178,LE,0
100010936,10011058,"럭셔리",0
100011133,10011410,"모던",0
100011154,10011414,"프리미엄",0
100013590,10012238,VIP,0
100013629,10012370,"스타더스트",0
100013162,10012646,"프라임 세이프티",0
100009357,10004154,"ECO PLUS",0
100009955,10004153,"ECO PLUS 하이클래스",0
100013717,10013937,"프레스티지",0
100013713,10013937,"익스클루시브",0
100009781,10003748,"LS 기본형",0
100007974,10005043,S,0
100008620,10005064,"프레스티지",0
100010127,10005065,"리무진",0
100011088,10005308,"단축",0
100009384,10003783,GLSi,0
100011131,10005465,"펀 에디션",0
100012102,10005506,"기본형",0
100008376,10005506,"블랙휠",0
100008193,10003801,"고급형",0
100011178,10007675,"스마트",0
100011179,10007676,"스마트",0
100008194,10003805,"고급형",0
100010597,10008566,991,0
100010598,10008566,997,0
100010638,10008581,996,0
100010639,10008581,993,0
100010682,10008673,"익스클루시브 스페셜",0
100011172,10011435,"프레스티지",0
100011173,10011435,"노블래스",0
100011995,10011515,"2WD 최고급형",0
100012180,10011558,"기본형",0
100011553,10012117,"코어",0
100013166,10012650,"프리미엄",0
100009596,10004145,"골드프리미엄",0
100013630,10013698,"프리미어",0
100013770,10013992,"플래티넘",0
100013771,10013993,"플래티넘",0
100008055,10003848,"TUIX 크래용",0
100006939,10005131,"5인 2WD",0
100006833,10005470,+,0
100013073,10006910,"럭셔리",0
100010438,10007337,S,0
100010441,10007338,S,0
100009915,10003850,"인터쿨러슈퍼엑시드",0
100011554,10012117,"프리미어",0
100013124,10012461,"일반캡",0
100008513,10004311,"최고급형",0
100009066,10004740,"고급형",0
100008211,10003894,"고급형",0
100007153,10003894,"기본형",0
100010300,10007096,"빈티지",0
100010340,10007134,"Plus M/T",0
100011354,10007675,"익스트림 에디션",0
100010616,10008574,991,0
100011613,10012237,"프레스티지",0
100009713,10003953,"프리미엄",0
100013875,10014172,"스마트",0
100013876,10014172,"모던 초이스",0
100013877,10014172,"프리미엄",0
100009228,10003957,"최고급형",0
100013885,10014199,"스포츠팩",0
100013886,10014199,"디자인",0
100007154,10003957,"기본형",0
100007156,10003965,"기본형",0
100012101,10005505,"기본형",0
100010299,10007095,"기본형",0
100010361,10007188,"다이나믹",0
100010434,10007297,"SOL 플러스",0
100013135,10007653,1.4,0
100013136,10007653,1.6,0
100013137,10007653,2.0,0
100011112,10008196,i,0
100011150,10011413,"모던 테크",0
100012030,10011588,"기본형",0
100011457,10011683,"마스터",0
100013514,10011772,"프레스티지 스페셜",0
100011555,10012118,"코어",0
100011762,10003971,"고급형 블랙스페셜",0
100011751,10003973,"고급형",0
100008672,10003988,"CLUB 점보 ",0
100007648,10006592,"해치백",0
100012041,10007241,"스타일",0
100010565,10007697,"터보",0
100010566,10007698,"터보",0
100007437,10003999,"윈도우밴 SV",0
100010608,10008570,997,0
100010609,10008570,996,0
100010622,10008576,991,0
100007777,10004138,G(LX),0
100010698,10009496,AWD,0
100011192,10011521,"기본형",0
100011272,10011620,"9인승",0
100013192,10011681,"마스터 스페셜",0
100011343,10011771,"시그니처",0
100011950,10012314,"프레스티지",0
100013549,10012370,"리무진 프레스티지",0
100013631,10013698,"프리미어 프라임 세이프티",0
100009406,10004138,GX(GTX),0
100006898,10006576,2WD,0
100008922,10006597,SE,0
100011242,10011585,"고급형",0
100011530,10012087,"5인",0
100012215,10012361,"모던",0
100007694,10003749,CR,0
100008195,10003806,"고급형",0
100012042,10011113,"고급형",0
100011148,10011413,"모던",0
100011153,10011414,"모던",0
100011190,10011520,"기본형",0
100011269,10011617,"9인승",0
100011301,10011681,"프레스티지",0
100013195,10011684,"마스터 스페셜",0
100011581,10012146,SR,0
100013589,10012238,"캘리그래피",0
100013508,10013227,"익스클루시브",0
100009271,10003850,"터보엑시드",0
100009969,10003985,"GRX 점보 터보인터쿨러 ",0
100006942,10003994,"6인승",0
100013257,10012962,"5인승",0
100013584,10012235,VIP,0
100009737,10004149,"ECO PLUS 스위트",0
100011549,10012116,"9인승",0
100008797,10004161,GXDi,0
100011548,10012115,"11인승",0
100008498,10004178,"최고급형",0
100011547,10012115,"9인승",0
100009031,10004290,"2.0 TX",0
100011971,10011686,LTZ,0
100007814,10004292,GT,0
100013862,10014073,"프레스티지",0
100013860,10014073,"럭셔리",0
100013575,10013414,"휠체어 슬로프",0
100007413,10004300,"에센스 패키지",0
100011481,10011983,"11인승",0
100011465,10011916,"기본형",0
100011413,10011829,"퀀텀",0
100011315,10011685,"프레스티지",0
100012241,10011662,"슈프림",0
100012229,10011658,"슈프림",0
100009527,10004347,"TLX 고급형",0
100011285,10011621,"11인승",0
100011669,10004455,"고급형 패밀리",0
100011252,10011601,"패션",0
100007654,10004484,AM715,0
100013260,10012963,"5인승",0
100012017,10011568,"최고급형",0
100012028,10011584,"기본형",0
100012058,10011615,"9인승 하이 리무진",0
100012230,10011658,"엘리트",0
100012231,10011658,"스포츠 패키지",0
100013259,10012962,"7인승",0
100009261,10004490,"코치 RS",0
100012223,10004493,"판넬밴 GS",0
100013186,10012822,"프레스티지",0
100008238,10004719,"고급형",0
100013155,10012643,"기본형",0
100007460,10004764,"일반형",0
100011556,10012118,"프리미어",0
100009185,10004932,"익스클루시브 BOSE에디션",0
100012020,10011570,"고급형",0
100008924,10004962,"SE BLACK",0
100009634,10005185,"숏코치",0
100007424,10005185,"엘리트",0
100007605,10005186,"프라임",0
100012099,10005509,"일반형",0
100007649,10006593,"해치백",0
100007980,10006597,S,0
100009462,10003750,"n(네티)기본형",0
100007848,10003755,"i 기본형",0
100008612,10003811,"프라임팩",0
100011710,10003937,"MX 최고급형",0
100011713,10003937,"MXL 스타일팩",0
100011822,10003994,"9인승 점보 GOLD",0
100010170,10003755,"w 프리미어 팬시팩(2)",0
100009508,10004066,SRX,0
100009355,10004150,"ECO PLUS",0
100007817,10004219,GTX,0
100008142,10004305,"4D(숏바디) 터보인터쿨러 SDLX",0
100007020,10004356,"고급형",0
100007021,10004357,"고급형",0
100011670,10004455,"최고급형",0
100007541,10004490,"코치 GS",0
100007457,10004719,"일반형",0
100007045,10004765,"고급형",0
100008246,10004831,"고급형",0
100007538,10004873,"코치 DLX",0
100007945,10004949,PLUS,0
100007447,10004968,"익스클루시브",0
100008861,10005060,"LUXURY GRAY EDITION",0
100008701,10005070,DLX,0
100008132,10005128,"2WD 최고급형",0
100007425,10005187,"엘리트",0
100008610,10005187,"프라임",0
100011097,10005311,"단축",0
100011104,10005313,"단축",0
100009497,10003536,"SIGNATURE SV PREMIER",0
100008483,10003548,"최고급형",0
100010117,10003755,"w 프리미어",0
100009399,10003821,GT-RW,0
100007586,10003840,"트렌디",0
100009859,10003851,"XL 4WD",0
100010016,10003855,"V6 골드",0
100010853,10003930,"스페셜",0
100011714,10003937,"MXL 최고급형",0
100008820,10003938,"JX 고급형",0
100006860,10003776,1400,0
100008217,10003968,"고급형",0
100007433,10003978,"윈도우밴 슈퍼형",0
100007505,10003986,"점보",0
100011827,10003997,"윈도우밴 GRX",0
100011831,10003999,"윈도우밴 GRX",0
100009953,10004149,"ECO PLUS 하이클래스",0
100012108,10004227,"모젠 고급형",0
100007004,10004301,"고급형",0
100007006,10004310,"고급형",0
100008636,10004357,"프리미엄",0
100008524,10004360,"최고급형",0
100008525,10004361,"최고급형",0
100007025,10004361,"고급형",0
100008143,10004467,4WD,0
100008700,10004468,"DLX ",0
100008576,10004490,"코치 LS",0
100007078,10004494,"그랜드 판넬밴 LX",0
100007835,10004555,GXDi,0
100007328,10004560,"블랙",0
100009935,10004607,"프레스티지 프리미엄",0
100007981,10006598,S,0
100010880,10007091,"프레스티지",0
100013173,10007092,"매직스페이스",0
100010294,10007093,"프레지던트",0
100010301,10007097,"쿠페",0
100010304,10007098,"볼란테",0
100010310,10007101,"로드스터",0
100010311,10007102,"쿠페",0
100010312,10007103,"쿠페",0
100010313,10007103,"로드스터",0
100010314,10007104,"쿠페",0
100010315,10007104,"볼란테",0
100010317,10007106,"라피드",0
100010373,10007129,"기본형",0
100010375,10007129,"스페셜",0
100010334,10007132,M/T,0
100010339,10007134,C-TECH,0
100011850,10003894,"최고급형 모젠팩",0
100007859,10003935,JX,0
100009394,10003986,"GRX MULTI 점보",0
100007365,10004150,"스위트",0
100007515,10004303,"최고급형",0
100007627,10004609,"프리미엄",0
100012130,10004721,"고급형",0
100012131,10004721,"스타",0
100009555,10004771,"1.6 플래티넘",0
100013331,10004796,"2.0 DOHC 고급형",0
100012012,10005116,"기본형",0
100011091,10005309,"단축",0
100009970,10003782,GSXi,0
100009626,10004229,"블랙 프리미엄 고급형",0
100009900,10004229,"블랙 프리미엄 최고급형",0
100013881,10005324,"마이티 하이냉동탑차 파워게이트",0
100010306,10007099,"로드스터",0
100006909,10003539,3.0,0
100007577,10003854,"터보STD",0
100008219,10003970,"고급형",0
100009231,10003970,"최고급형",0
100011760,10003970,"월드컵",0
100009931,10003999,"판넬밴 SV",0
100011625,10004311,"모노고급",0
100007386,10004363,"스페셜",0
100007389,10004370,"스페셜",0
100007502,10004495,"장축",0
100007036,10004568,"고급형",0
100013366,10004796,"2.0 스페셜 드림넷",0
100007887,10004815,"LK 일반형",0
100011602,10004878,"슈퍼 투톤컬러팩",0
100008888,10004994,PLEASURE,0
100010048,10005065,"보우에디션",0
100012013,10005116,"레이디팩",0
100009359,10005163,"EZ SPECIAL",0
100011975,10005169,"4WD EZ SPECIAL",0
100011092,10005309,"중축",0
100009233,10004229,"최고급형",0
100009232,10004228,"최고급형",0
100009897,10004228,"브라운 프리미엄 최고급형",0
100007309,10005328,"마이티",0
100007311,10005330,"마이티",0
100007312,10005331,"마이티",0
100009624,10004228,"브라운 프리미엄 고급형",0
100011709,10003937,"MX 고급형",0
100007938,10003941,MX,0
100007167,10004228,"기본형",0
100008223,10004228,"고급형",0
100010129,10004228,"블랙 프리미엄 최고급형",0
100010049,10004228,"블랙 프리미엄 고급형",0
100009510,10003774,STD,0
100008322,10003943,"럭셔리",0
100008453,10003845,"익스트림",0
100008590,10003854,"터보엑시드",0
100008879,10003935,MX,0
100009631,10003936,"비즈니스 JX",0
100011706,10003938,"JX 밀리언스페셜",0
100009798,10003938,"MX 최고급형",0
100008332,10003939,"럭셔리 MXL",0
100011761,10003970,"최고급형 블랙스페셜",0
100013371,10003978,"판넬밴 울트라 슈퍼형",0
100007506,10003987,"점보",0
100010211,10003997,"판넬밴 GRX 점보 터보인터쿨러 ",0
100008604,10004000,"판넬밴 GRX 점보",0
100012115,10004228,"블랙 프리미엄 모젠 최고급형",0
100008654,10004150,"하이클래스",0
100009738,10004150,"ECO PLUS 스위트",0
100006960,10004306,"가솔린 DOHC",0
100009164,10004311,"스페셜",0
100007390,10004372,"스페셜",0
100008721,10004469,"EST ",0
100007758,10004469,"EGI ",0
100007077,10004491,"그랜드 코치 GS",0
100007076,10004493,"그랜드 글라스밴 GS ",0
100008179,10004568,"고급 레드프리미엄",0
100012106,10004774,"일반형",0
100012107,10004774,"고급형",0
100013367,10004796,"2.0 슈퍼 드림넷",0
100010029,10004796,"2.0 LPG 디럭스",0
100007207,10004818,"기본형",0
100006835,10005472,+,0
100007256,10005510,"디럭스",0
100007257,10005512,"디럭스",0
100011469,10006230,"기본형",0
100012114,10004228,"블랙 프리미엄 모젠 고급형",0
100009085,10003861,"디럭스",0
100007275,10003862,"럭셔리",0
100008773,10003987,"GRX 점보",0
100012113,10004228,"브라운 프리미엄 모젠 최고급형",0
100007963,10004066,PRO,0
100012335,10004072,"일반캡",0
100007168,10004229,"기본형",0
100006961,10004304,"가솔린 DOHC/SOHC",0
100009625,10004311,"브라운프리미엄",0
100007391,10004373,"스페셜",0
100007324,10004377,"브라운프리미엄",0
100009435,10004469,"LST ",0
100008275,10004493,"그랜드 판넬밴 GS ",0
100013279,10004727,EX,0
100010275,10004727,LS,0
100013315,10004776,"고급형",0
100009029,10004797,"2.0 LPG",0
100008940,10004823,SOHC,0
100007954,10005022,PLUS,0
100009314,10005120,CLUB,0
100009578,10005174,"4WD SPECIAL",0
100007426,10005192,"엘리트",0
100007278,10003944,"럭셔리",0
100012112,10004228,"브라운 프리미엄 모젠 고급형",0
100012111,10004228,"모젠 최고급형",0
100012110,10004228,"모젠 고급형",0
100012190,10005462,"일반형",0
100008024,10005464,Star,0
100007074,10005465,"고급형",0
100008079,10005470,"+ 레더 패키지",0
100012093,10005470,"기본형",0
100012095,10005472,"기본형",0
100008739,10003956,"GL 고급형",0
100006934,10005500,"5인",0
100012109,10004228,"모젠 기본형",0
100009187,10003854,"인터쿨러슈퍼",0
100009910,10003862,"월드컵 스페셜 에디션",0
100009120,10003865,"모젠팩",0
100008013,10004119,"SOHC RS",0
100007997,10004124,"Si LX",0
100008226,10004232,"고급형",0
100009788,10004469,"LTD ",0
100008234,10004569,"고급형",0
100011839,10003982,"GRX 4WD",0
100010089,10004727,"GTE 옵티마",0
100010152,10004727,"GTE 포커스",0
100007983,10004727,SE,0
100011597,10004877,"리빅",0
100007667,10004956,BLACK,0
100013295,10005001,"아트",0
100009004,10005120,YOUTH,0
100007067,10005154,"고급형",0
100011965,10005174,"4WD 기본형",0
100010270,10003982,"CLUB 4WD",0
100007439,10004003,"윈도우밴 SV",0
100008222,10004227,"고급형",0
100013869,10005315,"엑시언트 13.5톤",0
100007166,10004227,"기본형",0
100012089,10005472,"+ 래더 패키지",0
100006836,10005473,+,0
100008076,10005473,"+ (The Perfect Black)",0
100008077,10005475,"+ 더 퍼펙트 블랙",0
100010898,10005475,"+ 래더패키지",0
100007102,10003542,"기본형",0
100013245,10004115,"Di SR  기본형",0
100008826,10003716,"L 고급형",0
100009138,10003845,"블루세이버",0
100010017,10003856,"V6 골드",0
100007420,10003857,"엑시드",0
100007266,10003858,"디젤엑시드",0
100013372,10003978,"윈도우밴 울트라 슈퍼형",0
100007434,10003998,"윈도우밴 GRX 점보",0
100008949,10004066,SR,0
100008655,10004153,"하이클래스",0
100006919,10004305,"4D(숏바디) 터보인터쿨러 DLX",0
100007008,10004312,"고급형",0
100007325,10004380,"브라운프리미엄",0
100009436,10004470,"LST ",0
100009789,10004470,"LTD ",0
100009079,10004493,"글라스밴 GS ",0
100009972,10004728,"GTE 옵티마",0
100013312,10004740,"LX 드림넷",0
100013296,10005001,"파노라마",0
100007659,10005026,ART,0
100009807,10005122,PASSION,0
100009125,10005154,"브라운",0
100007250,10005156,"디럭스",0
100008726,10005176,"EZ SPECIAL",0
100007165,10004226,"기본형",0
100011089,10005308,"중축",0
100007578,10005315,"트라고 11.5톤",0
100009344,10005322,"e 마이티",0
100007305,10005324,"마이티",0
100008221,10004226,"고급형",0
100009451,10004225,LXDi,0
100010899,10005475,"+ 스타일패키지",0
100006829,10005480,"(The Perfect Black)",0
100006830,10005482,"(The Perfect Black)",0
100009059,10003542,"고급형",0
100008863,10004143,LX,0
100009843,10004225,V6,0
100013373,10003978,"LPG 판넬밴 슈퍼형",0
100009913,10003997,"윈도우밴 GRX RV 터보인터쿨러 ",0
100008845,10004132,LS,0
100009434,10004132,LSDI,0
100006841,10004133,"1.1 LX",0
100009356,10004153,"ECO PLUS",0
100006986,10004235,"고급형",0
100007363,10004148,"스위트",0
100010192,10004727,"GTE 살롱",0
100010159,10004740,"LX 고급형",0
100007461,10004777,"일반형",0
100007749,10004823,DOHC,0
100008846,10004893,"LS고급형",0
100009986,10004893,"LT 익스트림",0
100011957,10005006,"기본형",0
100011958,10005006,"프리미엄",0
100007971,10005037,S,0
100008069,10005122,VISION,0
100010033,10005126,"4WD 최고급형",0
100007251,10005157,"디럭스",0
100008564,10005177,"최고급형",0
100007411,10005243,"어린이버스",0
100009696,10005324,"프런티어",0
100006840,10005486,"+ 래더패키지",0
100008864,10004225,LX,0
100007367,10004153,"스위트",0
100007103,10003543,"기본형",0
100008323,10004155,"럭셔리",0
100007826,10004224,GX,0
100009960,10003773,GL,0
100007969,10003777,R,0
100011726,10003806,"프리미엄 사운드팩",0
100007244,10003943,"디럭스",0
100008496,10003971,"최고급형",0
100006981,10003971,"고급형",0
100013374,10003978,"LPG 판넬밴 울트라슈퍼형",0
100009395,10003987,"GRX MULTI 점보",0
100010070,10003997,"판넬밴 SV",0
100007824,10004161,GX,0
100007002,10004298,"고급형",0
100012087,10004405,"GLX 기본형",0
100008903,10004425,President,0
100009686,10004493,"판넬밴 LS",0
100010102,10004740,"LX 일반형",0
100007462,10004778,"일반형",0
100006877,10004797,"2.0 SOHC",0
100013282,10004797,"2.0 로얄",0
100007210,10004824,"기본형",0
100009429,10004824,LPG,0
100007211,10004825,"기본형",0
100011599,10004877,"슈퍼 투톤컬러팩",0
100011600,10004878,DLX,0
100009783,10004893,"LT 고급형",0
100007950,10005007,PLUS,0
100007951,10005008,PLUS,0
100007952,10005009,PLUS,0
100009108,10005041,"마제스티S",0
100008337,10005042,"레버런스S",0
100010370,10005122,"LEISURE SPECIAL",0
100007473,10005142,"일반형",0
100007290,10005158,"럭셔리",0
100010291,10007091,"럭셔리",0
100010303,10007098,"쿠페",0
100010345,10007137,C-TECH,0
100010365,10007190,"다이나믹",0
100010367,10007191,"디럭스",0
100012040,10007241,"기본형",0
100010372,10007243,"최고급형",0
100013286,10007254,"스프린트 에디션",0
100008318,10003544,"럭셔리",0
100007108,10003550,"기본형",0
100007007,10004311,"고급형",0
100009958,10004223,EXCESS,0
100009793,10004223,LXDi,0
100008514,10004312,"최고급형",0
100008873,10004347,"LX 최고급형",0
100009400,10003718,"GV 슈퍼형",0
100010197,10003718,"LE 고급형",0
100010222,10003718,"LE 슈퍼형",0
100010084,10003773,GLX,0
100007810,10003779,GS,0
100008196,10003807,"고급형",0
100009154,10003807,"슈퍼형",0
100008426,10003849,"엑시드",0
100007602,10003849,"표준형",0
100009655,10003855,"인터쿨러슈퍼",0
100007448,10003860,"인터쿨러(숏바디)",0
100008026,10003873,STD,0
100008697,10003873,DLX,0
100009951,10003876,"DOHC SUPER-DLX 4WD",0
100011711,10003937,"MX 스타일팩",0
100009161,10003943,"스패셜 팩",0
100009255,10003971,"최고급형 블랙스페셜",0
100013375,10003978,"LPG 윈도우밴 슈퍼형",0
100007686,10003988,CLUB,0
100008444,10004003,"윈도우밴 SVX",0
100009443,10004167,LX,0
100009444,10004223,LX,0
100009074,10004305,"그랜드 가솔린 DOHC",0
100009597,10004305,"그랜드 터보인터쿨러 DLX",0
100011629,10004312,"VIP팩",0
100011630,10004313,"스페셜",0
100008527,10004407,"최고급형",0
100007592,10004471,"판넬밴 LST ",0
100006935,10005501,"5인",0
100008168,10005502,"7인",0
100010341,10007134,"Plus C-TECH",0
100008849,10004223,LSDi,0
100008799,10004222,GXDi,0
100009544,10004222,VXDi,0
100010227,10004728,STi,0
100007629,10004742,"프리미엄",0
100007812,10004222,GSDi,0
100007920,10004221,LX,0
100009875,10005126,"4WD 고급형",0
100010153,10003773,GX,0
100007265,10003856,"디젤엑시드",0
100009640,10003943,"스타일",0
100009904,10003943,"스마트",0
100009180,10003997,"윈도우밴 GX 점보 터보인터쿨러 ",0
100012336,10004072,"슈퍼캡",0
100006843,10004134,"1.3 CD",0
100009739,10004153,"ECO PLUS 스위트",0
100008012,10004220,"SOHC GLX DGT",0
100007611,10004316,"프렌드",0
100009077,10004407,"그랜드 팩",0
100007188,10004569,"기본형",0
100009502,10004220,"SOHC GLXi",0
100010217,10004727,ETi,0
100008309,10004827,"디젤",0
100007213,10004828,"기본형",0
100007953,10005010,PLUS,0
100007956,10005012,"PLUS 씨티",0
100009539,10005055,VIP,0
100006904,10005125,"2WD 고급형",0
100008131,10005126,"2WD 최고급형",0
100009576,10005169,"4WD 최고급형",0
100008609,10005185,"프라임",0
100008941,10004220,"SOHC LX",0
100008719,10004219,"EGI GXi",0
100013254,10004182,"기본형",0
100008385,10004264,"수출형(아만티)",0
100012193,10005448,"기본형",0
100011470,10006230,"스타일",0
100007298,10006574,"리미티드 4WD",0
100008994,10003550,VIP,0
100008065,10003553,VIP,0
100011651,10004263,"최고급형-하이오너형",0
100007879,10003721,"L 기본형",0
100008592,10003856,"터보엑시드",0
100010097,10003876,"LPG DLX",0
100011087,10005307,"초장축",0
100011712,10003937,"MXL 고급형",0
100009513,10003988,SV,0
100009826,10003988,SVX,0
100009652,10003997,"윈도우밴 GRX 점보 터보인터쿨러 ",0
100012337,10004073,"일반캡",0
100008087,10004134,"1.3 DM",0
100009123,10004214,"보냉탑",0
100008595,10004306,"디젤 터보인터쿨러",0
100009424,10004323,LIMITED,0
100008277,10004472,"글라스밴 LST ",0
100012224,10004493,"그랜드 판넬밴 LS",0
100007533,10004571,"컴포트시트",0
100007295,10004578,"레드스페셜",0
100010269,10004727,BX,0
100010255,10004727,STi,0
100013327,10004797,"2.0 SOHC 고급형",0
100013328,10004797,"2.0 SOHC 고급형 드림넷",0
100007464,10004829,"일반형",0
100012139,10004893,"스마트팩",0
100012140,10004893,"스페셜 에디션",0
100009785,10004894,"LT 최고급형",0
100009988,10004894,"LTX 최고급형",0
100008893,10005013,"PLUS 씨티",0
100008905,10005056,PRESTIGE,0
100009512,10005058,SUPREME,0
100008375,10005159,"브라운스페셜",0
100007291,10005159,"럭셔리",0
100011650,10004263,"고급형-하이오너형",0
100009350,10005329,"e 마이티",0
100011471,10006230,"스마트 패키지",0
100008150,10006576,4WD,0
100011804,10003544,"알칸타라 셀렉션",0
100008742,10003721,"GL 기본형",0
100009612,10003722,"럭셔리",0
100006973,10003723,"고급형",0
100010195,10003773,GXL,0
100007737,10003783,DOHC,0
100011727,10003807,"레드팩",0
100007132,10003808,"기본형",0
100008197,10003808,"고급형",0
100009656,10003856,"인터쿨러슈퍼",0
100008403,10003864,"스타일팩",0
100008603,10003978,"판넬밴 슈퍼형",0
100010004,10003988,"SVX 점보 ",0
100012338,10004073,"슈퍼캡",0
100009007,10004134,"1.3 EF",0
100008656,10004154,"하이클래스",0
100009740,10004154,"ECO PLUS 스위트",0
100008869,10004284,"LX 5인승 고급형",0
100007937,10004307,MR,0
100009103,10004310,"레져형",0
100009528,10004316,"TLX 기본형",0
100007282,10004429,"럭셔리",0
100008535,10004579,"최고급형 ",0
100010242,10004727,GTi,0
100008855,10004786,LUXURY,0
100007717,10004798,DELUXE,0
100008847,10004895,"LS고급형",0
100007405,10005014,"씨티",0
100008071,10005060,VVIP,0
100007057,10005115,"고급형",0
100009046,10005126,"4WD 기본형",0
100007665,10005127,"AWD 고급형",0
100011947,10005159,"매니아",0
100009670,10004263,"최고급형-럭셔리",0
100009240,10004263,"최고급형",0
100007527,10005463,"최고급형",0
100008167,10005501,"7인",0
100008170,10005504,"7인",0
100008268,10004263,"고급형-럭셔리",0
100007513,10004262,"최고급형",0
100007809,10003654,"골드",0
100008634,10004262,"프리미엄",0
100008805,10003755,"i 디럭스",0
100010226,10003773,STD,0
100007706,10003774,CXL,0
100008745,10003783,GLi,0
100009709,10003808,"프리미엄",0
100011764,10003972,"최고급형 블랙스페셜",0
100013376,10003978,"LPG 윈도우밴 울트라슈퍼형",0
100008440,10003998,"윈도우밴 GRX RV",0
100012339,10004074,"슈퍼캡",0
100013238,10004110,"고급형",0
100009956,10004154,"ECO PLUS 하이클래스",0
100007332,10004308,"빅밴 터보인터쿨러",0
100009835,10004316,"TLX 고급형",0
100009390,10004435,GOLD,0
100009244,10004580,"최고급형 ",0
100008240,10004745,"고급형",0
100008640,10004747,"프리미엄",0
100008421,10004779,"아이덴티티 일반형",0
100009563,10004799,"2.0 SPECIAL",0
100008245,10004830,"고급형",0
100007465,10004830,"일반형",0
100010099,10004893,"LT 최고급형",0
100007668,10004959,BLACK,0
100007406,10005015,"씨티",0
100008066,10005119,VISION,0
100009239,10004261,"최고급형",0
100011129,10005465,"일반형",0
100006938,10005504,"5인",0
100007253,10005506,"디럭스",0
100013122,10006572,XLT,0
100008152,10006578,4WD,0
100008660,10006583,AWD,0
100006901,10006680,2WD,0
100010292,10007092,VIP,0
100009669,10004261,"최고급형-럭셔리",0
100007110,10003559,"기본형",0
100006994,10004261,"고급형",0
100008267,10004261,"고급형-럭셔리",0
100011772,10003755,"w 럭셔리 팬시팩(1)",0
100010021,10003755,"w 최고급형",0
100007738,10003784,DOHC,0
100007139,10003819,"기본형",0
100009657,10003849,"인터쿨러엑시드",0
100006993,10004260,"고급형",0
100007862,10003938,"JX 기본형",0
100009649,10003944,"월드컵 스페셜 에디션",0
100007279,10003946,"럭셔리",0
100011750,10003973,"기본형",0
100008043,10003989,"SVX 점보 ",0
100008040,10003990,"SV 점보 ",0
100009279,10003998,"판넬밴 GRX 점보",0
100009281,10004003,"판넬밴 SV",0
100013240,10004111,"고급형",0
100009551,10004134,"1.3 FS",0
100007741,10004156,DOHC,0
100008758,10004156,GLX,0
100007576,10004309,"터보인터쿨러 SDLX",0
100010009,10004316,"TLX 최고급형",0
100010111,10004316,"TLX VIP팩",0
100007922,10004436,LX,0
100007829,10004437,GX,0
100008866,10004437,LX,0
100008175,10004473,"가솔린",0
100010223,10004473,"LPG LTD",0
100008273,10004494,"그랜드 글라스밴 GS ",0
100007395,10004654,"스페셜",0
100008777,10004727,GSi,0
100009756,10004727,GSE,0
100007197,10004747,"기본형",0
100010387,10007253,"스포트 프리미엄",0
100010388,10007254,"디자인",0
100010407,10007285,"프리미엄",0
100010435,10007297,VIS,0
100009939,10004260,"프리미엄",0
100009545,10003755,"w 기본형",0
100008750,10003774,GLS,0
100008746,10003784,GLi,0
100009385,10003784,GLSi,0
100008785,10003821,GT-R,0
100011697,10003946,"스타일",0
100008630,10003950,"프리미어",0
100010166,10004316,"TLX 세이프티",0
100007830,10004439,GX,0
100009258,10004473,"코치 라운지",0
100009076,10004494,"그랜드 판넬밴 GS ",0
100009723,10004580,COOL,0
100007191,10004595,"기본형",0
100007594,10004655,"패밀리",0
100007042,10004660,"고급형",0
100009369,10004727,GLE,0
100007199,10004749,"기본형",0
100012120,10004780,"일반형",0
100012121,10004781,"일반형",0
100006874,10004799,"2.0 DIAMOND",0
100013332,10004799,"2.0 스페셜 고급형",0
100013343,10004831,"딥브라운",0
100009437,10004893,"LT 기본형",0
100009238,10004260,"최고급형",0
100007944,10004932,PLUS,0
100007955,10005028,PLUS,0
100008146,10005165,4WD,0
100006893,10005165,2WD,0
100009150,10005187,"슈퍼프라임",0
100007445,10005191,"이코노미",0
100010077,10004260,"하이오너형",0
100010137,10004259,"최고급형-하이오너형",0
100012096,10005473,"기본형",0
100013074,10006910,"프리미엄",0
100010063,10004259,"최고급형-럭셔리",0
100009072,10004259,"고급형-하이오너형",0
100009856,10003755,"w 고급형",0
100011678,10003839,"월드컵 스페셜에디션",0
100010113,10003849,V6,0
100008593,10003857,"터보엑시드",0
100009920,10004259,"최고급형",0
100009650,10004259,"웰빙 스페셜",0
100009114,10003953,"모던",0
100009685,10003998,"판넬밴 GRX RV",0
100010105,10004156,SLX,0
100009333,10004288,DLX,0
100009674,10004473,"코치 레인보우",0
100009598,10004494,"글라스밴 GS ",0
100007038,10004580,"고급형 ",0
100008428,10004655,"엘레강스",0
100009398,10004728,GSi,0
100008641,10004749,"프리미엄",0
100012122,10004781,"고급형",0
100008448,10004801,"이글",0
100008248,10004836,"고급형",0
100009308,10005127,"AWD 하이테크",0
100008661,10005127,"AWD 최고급형",0
100006992,10004259,"고급형",0
100009342,10005320,"e 마이티",0
100007302,10005320,"마이티",0
100013075,10006910,"S 프리미엄",0
100011066,10006915,"럭셔리",0
100011067,10006915,"프리미엄",0
100011068,10006915,R-Sport,0
100011069,10006916,"럭셔리",0
100011070,10006916,"프리미엄",0
100008266,10004259,"고급형-럭셔리",0
100007678,10004258,CEO,0
100009310,10004257,CEO,0
100008957,10004257,SUMMIT,0
100009498,10004256,SL,0
100008028,10004256,STD,0
100009700,10003723,"프리미어",0
100011728,10003808,"레드팩",0
100011679,10003839,"탑",0
100007603,10003850,"표준형",0
100008427,10003850,"엑시드",0
100007743,10004255,DOHC,0
100009860,10004134,"1.3 GLXi",0
100008088,10004135,"1.3 DM",0
100006844,10004135,"1.3 CD",0
100007801,10004157,GLX,0
100010225,10004158,"SOHC LS",0
100007012,10004318,"고급형",0
100008867,10004439,LX,0
100007595,10004656,"패밀리",0
100013344,10004831,"다크그레이",0
100007899,10004894,"LT 기본형",0
100008451,10004932,"익스클루시브",0
100007582,10005041,"트라이엄",0
100009851,10005065,VIP,0
100010019,10005065,VVIP,0
100009043,10005128,"4WD 고급형",0
100009574,10005128,"4WD 최고급형",0
100007522,10005137,"최고급형",0
100007069,10005166,"고급형",0
100009172,10005192,"옴니 엘리트",0
100009614,10005192,"롱",0
100007802,10004425,GLX,0
100011107,10005321,"메가트럭",0
100009283,10004253,"프라임",0
100011071,10006916,R-Sport,0
100011072,10006917,"럭셔리",0
100010371,10007243,"고급형",0
100012045,10007250,Plus,0
100008287,10004214,"냉동탑",0
100009817,10004167,SLX,0
100010012,10003723,TOP,0
100007790,10003724,"GL 기본형",0
100006976,10003809,"고급형",0
100009937,10003839,"프리미어 브라운스페셜",0
100007349,10003863,"슈프림",0
100008602,10003979,"판넬밴 고급형",0
100011698,10003946,"스마트",0
100007431,10003974,"웨곤 슈퍼형",0
100009683,10003979,"판넬밴 슈퍼형",0
100009179,10003979,"윈도우밴 슈퍼형",0
100008442,10003999,"윈도우밴 SVX",0
100009008,10004135,"1.3 EF",0
100009552,10004135,"1.3 FS",0
100010244,10004158,"SOHC RS",0
100007897,10004159,LSDi,0
100008782,10004289,GT,0
100008512,10004310,"최고급형",0
100008518,10004318,"최고급형",0
100012222,10004440,"EX 고급형",0
100010064,10004473,"코치 LTD",0
100009929,10004494,"판넬밴 GS ",0
100007396,10004657,"스페셜",0
100007596,10004658,"패밀리",0
100007192,10004666,"기본형",0
100008776,10004728,GSE,0
100008642,10004750,"프리미엄",0
100007200,10004750,"기본형",0
100007630,10004751,"프리미엄",0
100012119,10004782,"고급형",0
100013329,10004800,"2.0 디럭스 고급형 드림넷",0
100007718,10004802,DELUXE,0
100010290,10007090,"럭셔리",0
100010382,10007245,"기본형",0
100010469,10007430,"유니크",0
100008317,10003542,"럭셔리",0
100007034,10004450,"고급형",0
100011775,10003708,"SL 고급",0
100009959,10003718,"GD 고급형",0
100008390,10003809,"슈퍼형",0
100010056,10003839,"익스트림",0
100009871,10003857,2WD,0
100009227,10003894,"최고급형",0
100010851,10003922,"스페셜",0
100010852,10003926,"스페셜",0
100009457,10003938,"MX 고급형",0
100011699,10003947,"모던",0
100007614,10003947,"프리미어",0
100007372,10003954,"스타일",0
100008439,10003974,"웨곤 프로그랜드살롱",0
100008962,10003990,"SVX 점보 ",0
100009181,10003999,"윈도우밴 GX 점보 터보인터쿨러",0
100013242,10004113,"최고급형",0
100007892,10004160,LS,0
100009534,10004289,TX,0
100009641,10004310,"스페셜",0
100009299,10004318,"프리미엄",0
100012219,10004440,"GX 기본형",0
100010157,10004473,"LPG 라운지",0
100012225,10004494,"판넬밴 LS",0
100010069,10004494,"판넬밴 RS ",0
100008382,10004580,"세이프티",0
100012197,10007134,"기본형",0
100010490,10007438,LT,0
100010491,10007438,"LT 레더 패키지",0
100011427,10007577,"기본형",0
100011428,10007577,"하이",0
100012334,10007578,"블랙 에디션",0
100011322,10007640,"컴포트에디션",0
100010955,10007674,"스타일 피버",0
100010956,10007674,"모던 피버",0
100010958,10007675,"스타일 스페셜",0
100013546,10007675,"인스퍼레이션",0
100013548,10007676,"인스퍼레이션",0
100010963,10007676,"스타일 스페셜",0
100010568,10007700,"터보",0
100007593,10004472,"판넬밴 LST ",0
100008842,10004476,"LPG EST",0
100007536,10004477,"코치 장축",0
100007883,10003711,LE,0
100009746,10003724,"GLS 고급형",0
100009375,10003724,"GLS 기본형",0
100007765,10003734,ES,0
100008878,10003734,MULTY,0
100011688,10003763,"고급형",0
100007620,10003948,"프리미엄",0
100007687,10003992,CLUB,0
100012226,10004494,"글라스밴 LS",0
100007597,10004659,"패밀리",0
100007598,10004661,"패밀리",0
100010193,10004728,GTi,0
100008643,10004754,"프리미엄",0
100012262,10004784,"일반형",0
100013353,10004786,"고급형 드림넷",0
100013330,10004800,"2.0 로얄 고급형 드림넷",0
100007728,10004869,DLX,0
100009987,10004895,"LT 익스트림",0
100008945,10004950,"SPECIALE PLUS",0
100008889,10004956,PLUS,0
100007975,10005046,S,0
100007049,10005052,"고급형",0
100007471,10005139,"일반형",0
100011084,10005301,"중축",0
100009345,10005324,"e 마이티",0
100009928,10005324,"파맥스",0
100006838,10005487,+,0
100008078,10005487,"+ 더 퍼펙트 블랙",0
100011473,10006230,"하이테크",0
100007651,10006595,"해치백",0
100009490,10006596,SES,0
100010335,10007132,C-TECH,0
100010337,10007133,C-TECH,0
100010359,10007185,"다이나믹",0
100010360,10007186,"다이나믹",0
100010855,10007187,"디자인라인",0
100010858,10007188,"디자인 익스클루시브",0
100008998,10003559,"VIP PACK",0
100009962,10003724,"GLS 최고급형",0
100008723,10003739,"EURO DOHC",0
100007739,10003785,DOHC,0
100010854,10003934,"스페셜",0
100007428,10003949,"워너비",0
100009177,10003975,"웨곤 슈퍼형",0
100010276,10003982,"SVX 4WD",0
100012218,10004439,"GX 고급형",0
100012221,10004440,"LX 고급형",0
100008408,10004666,"스페셜",0
100010090,10004728,"GTE 포커스",0
100008938,10004755,SOHC,0
100009617,10004786,"밀레니엄 스페셜",0
100012147,10004800,"2.0 DELUXE",0
100013340,10004836,"베이지 고급형",0
100013341,10004836,"다크그레이 고급형",0
100009540,10005066,VIP,0
100008767,10005069,GOLD,0
100007070,10005167,"고급형",0
100011966,10005167,"EZ SPECIAL",0
100008639,10004740,"프리미엄",0
100008019,10005447,STAR,0
100011605,10005487,"+ 스타일패키지",0
100012625,10006248,"아웃도어 패키지",0
100009491,10006597,SES,0
100010338,10007134,M/T,0
100010364,10007189,"슈프림",0
100012333,10007578,"기본형",0
100008991,10003545,VIP,0
100011787,10003711,"LE 슈퍼",0
100010156,10003718,"LE 기본형",0
100009358,10003739,"EURO MULTY",0
100011729,10003809,"레드팩",0
100010032,10003857,4WD,0
100009992,10003938,"MX STYLE PACK",0
100007280,10003950,"럭셔리",0
100008212,10003957,"고급형",0
100013378,10003979,"판넬밴 그랜드살롱형",0
100008670,10003992,"CLUB 4WD",0
100011830,10003999,"윈도우밴 GX",0
100013235,10004114,"최고급",0
100008783,10004290,GT,0
100009899,10004310,"브라운프리미엄",0
100008973,10004323,"TLX 최고급형",0
100007772,10004440,EX,0
100009445,10004440,LX,0
100010198,10004473,"LPG EST",0
100008292,10004495,"단축",0
100007189,10004581,"기본형",0
100008673,10004581,COSMO,0
100008409,10004667,"스페셜",0
100010150,10004728,"GTE 살롱",0
100009501,10004755,"SOHC 고급형",0
100009334,10004786,DLX,0
100012148,10004800,"2.0 DELUXE 일반형",0
100012149,10004800,"2.0 DELUXE 고급형",0
100012212,10007675,"얼티밋 에디션",0
100010584,10007983,"고급형",0
100013083,10008147,"기본형",0
100012589,10008199,i,0
100010794,10008204,i,0
100010796,10008204,Li,0
100008843,10004887,"LPG VL",0
100010827,10008214,"d xDrive M 스포츠",0
100010831,10008214,"Ld 인디비주얼",0
100010738,10008326,"다이나믹 스포츠",0
100010739,10008327,"다이나믹",0
100010742,10008337,"다이나믹",0
100009149,10005185,"슈퍼프라임",0
100007105,10003546,"기본형",0
100007111,10003560,"기본형",0
100010051,10003724,"비지니스",0
100011101,10005312,"단축",0
100006979,10003895,"고급형",0
100013236,10004114,"스페셜 세이프티",0
100011623,10004325,"최고급형",0
100007028,10004408,"고급형",0
100008792,10004440,GX,0
100009834,10004440,TLX,0
100006918,10004474,"4륜구동",0
100008536,10004582,"최고급형  ",0
100009335,10004787,DLX,0
100012150,10004800,"2.0 ROYALE",0
100008959,10004870,SUPER,0
100007895,10004895,"LS기본형",0
100007943,10004929,PLUS,0
100009660,10004957,"장애우용 LE",0
100007518,10005053,"최고급형",0
100007050,10005054,"고급형",0
100009391,10005070,GOLD,0
100006908,10005130,"2WD 고급형",0
100008258,10005140,"고급형",0
100009254,10005140,"최고급형",0
100007475,10005168,"일반형",0
100008369,10003541,"밸류",0
100012194,10005449,"기본형",0
100011076,10006918,"AWD 프리미엄",0
100010342,10007135,M/T,0
100010344,10007136,C-TECH,0
100010383,10007245,"스페셜",0
100010453,10007360,"프리미엄",0
100010470,10007430,"PYL A/T",0
100011274,10011609,"11인승",0
100008060,10003538,V6,0
100011788,10003711,"LE 월드컵",0
100007693,10003747,CR,0
100009658,10003850,"인터쿨러엑시드",0
100009188,10003857,"인터쿨러슈퍼",0
100008625,10003863,"프리미어",0
100009458,10003935,MXL,0
100013379,10003979,"윈도우밴 울트라 슈퍼형",0
100008041,10003993,SVX,0
100007813,10004291,GT,0
100010050,10004310,"블루프리미엄",0
100011660,10004408,"기본형",0
100007923,10004441,LX,0
100008176,10004474,"가솔린",0
100008800,10004555,"GXDi (7인승)",0
100007039,10004582,"고급형 ",0
100007040,10004584,"고급형  ",0
100012143,10004669,"기본형",0
100010151,10004729,"GTE 살롱",0
100013278,10004755,"퍼펙트",0
100012151,10004800,"2.0 ROYALE 일반형",0
100007729,10004870,DLX,0
100009126,10005054,"브라운 에디션",0
100008032,10005070,STD,0
100008161,10005131,"5인 2WD 브라운에디션",0
100009052,10005131,"5인 4WD",0
100009601,10005140,"노블레스",0
100008260,10005161,"고급형",0
100008261,10005168,"고급형",0
100007071,10005169,"고급형",0
100007104,10003545,"기본형",0
100011093,10005309,"초장축",0
100007398,10005449,"스페셜에디션",0
100010406,10007285,"기본형",0
100010795,10008204,iL,0
100010744,10008337,"다이나믹 S-LINE",0
100011786,10003711,"LE 고급",0
100008731,10003719,"GD 고급형",0
100011766,10003724,"디럭스",0
100009021,10003776,1600,0
100008987,10003852,V6,0
100007321,10003864,"밸류",0
100009816,10004138,SLX,0
100011624,10004327,"최고급형",0
100007924,10004442,LX,0
100008874,10004556,"LXDi (7인승)",0
100008537,10004584,"최고급형  ",0
100012144,10004669,"스페셜",0
100010091,10004729,"GTE 포커스",0
100007044,10004757,"고급형",0
100009561,10004800,"2.0 EXCLUSIVE",0
100008433,10004957,"영업용 모범형",0
100007427,10004957,"영업용 고급형",0
100008543,10005054,"최고급형",0
100007054,10005111,"고급형",0
100007229,10005141,"노블레스",0
100008554,10005144,"최고급형",0
100007061,10005145,"고급형",0
100008563,10005169,"최고급형",0
100008022,10005455,STAR,0
100012191,10005455,"기본형",0
100006897,10006575,2WD,0
100009492,10006598,SES,0
100008926,10006599,SES,0
100010857,10007188,"디자인라인",0
100010860,10007188,"스포트 S-Line",0
100007337,10003713,"센스 LE",0
100010802,10008206,Li,0
100010803,10008207,i,0
100010804,10008207,Li,0
100007789,10003715,"GL 기본형",0
100007338,10003712,"센스 SD",0
100009366,10003719,"GD 슈퍼형",0
100009532,10003747,TR,0
100007932,10004162,LXDi,0
100011626,10004311,"모노최고급",0
100013250,10004442,TLX,0
100007831,10004445,GX,0
100009259,10004474,"코치 레인보우",0
100007186,10004557,"기본형",0
100008538,10004585,"최고급형  ",0
100009320,10004585,COOL,0
100007041,10004585,"고급형  ",0
100007359,10004675,"스마트",0
100010199,10004729,LS,0
100008644,10004757,"프리미엄",0
100007080,10004871,"글라스밴 DLX",0
100012142,10004895,"스마트팩",0
100011967,10004957,"장애우용 SE",0
100009849,10005054,VIP,0
100008548,10005111,"최고급형",0
100007059,10005143,"고급형",0
100008662,10005149,BROWN,0
100011974,10005169,"EZ SPECIAL",0
100007399,10005456,"스페셜에디션",0
100010092,10003719,"GV 슈퍼형",0
100008166,10005500,"7인",0
100008149,10006575,4WD,0
100007989,10006599,SE,0
100010362,10007188,"프레스티지",0
100010366,10007191,"슈프림",0
100008737,10003724,"GL 고급형",0
100009983,10003748,"LS 고급형",0
100009270,10003849,"터보엑시드",0
100008751,10003786,GLS,0
100009086,10003864,"디럭스",0
100009189,10003855,"인터쿨러엑시드",0
100009799,10003935,"MXL STYLE PACK",0
100010103,10003938,"MXL 고급형",0
100007621,10003951,"프리미엄",0
100009936,10003974,"프로 그랜드 살롱형",0
100009317,10003983,"CLUB 점보",0
100008960,10003993,"SVX 4WD",0
100010140,10003999,"판넬밴 GX 점보 터보인터쿨러",0
100013246,10004115,"Di SR 고급형",0
100007825,10004163,GX,0
100008982,10004291,TX,0
100008528,10004408,"최고급형",0
100007029,10004409,"고급형",0
100008868,10004445,LX,0
100007032,10004446,"고급형",0
100008232,10004557,"고급형",0
100007757,10004676,"ECO PLUS",0
100010218,10004729,ETi,0
100009758,10004729,GTE,0
100009973,10004729,"GTE 옵티마",0
100008856,10004787,LUXURY,0
100009026,10004800,"2.0 DIAMOND",0
100009277,10004871,"판넬밴 DLX",0
100011968,10004957,"장애우용 SE 플러스",0
100008553,10005143,"최고급형",0
100008557,10005150,"최고급형",0
100008725,10005172,"EZ SPECIAL",0
100007524,10005172,"최고급형",0
100007356,10003952,"스마트",0
100008741,10003961,"GL 고급형",0
100010749,10008342,"스포츠",0
100010750,10008343,"다이나믹",0
100008189,10003770,"고급형",0
100008732,10003778,GL,0
100009337,10003786,DOHC,0
100007133,10003810,"기본형",0
100008304,10003840,"디럭스",0
100010114,10003850,V6,0
100007276,10003865,"럭셔리",0
100010160,10003938,"MXL 최고급형",0
100009460,10003940,MXL,0
100013384,10003974,"LPG 그랜드 살롱형",0
100008688,10004118,"Di GOLD",0
100007721,10004118,"Di SR",0
100006915,10004139,"3DR 1.3 2인승밴",0
100007872,10004140,L,0
100007915,10004141,LX,0
100008798,10004163,GXDi,0
100009307,10004291,A348,0
100009848,10004291,VAN,0
100008531,10004446,"최고급형",0
100009675,10004474,"코치 EST",0
100008372,10004560,"브라운",0
100007190,10004586,"기본형",0
100008658,10004676,"하이클래스Ⅰ",0
100009370,10004729,GLE,0
100008449,10004730,"이름셔",0
100013275,10004758,"퍼펙트",0
100009106,10004872,"리빅 SUPER",0
100013283,10004895,"익스트림스페셜",0
100007900,10004896,"LT 기본형",0
100009466,10004961,PLUS,0
100007217,10004961,"기본형",0
100011180,10007438,"퍼펙트 블랙",0
100011320,10007640,"다이나믹",0
100013081,10008146,"기본형",0
100010824,10008214,Li,0
100010754,10008346,"다이나믹",0
100007109,10003551,"기본형",0
100011662,10004446,"최고급형 패밀리",0
100009925,10004474,"코치 LTD",0
100008674,10004586,COSMO,0
100007755,10004588,"ECO PLUS",0
100007747,10004759,DOHC,0
100013335,10004804,"고급형",0
100009786,10004896,"LT 최고급형",0
100007986,10004962,SE,0
100009485,10004962,"SE PLUS",0
100007906,10005056,LUXURY,0
100009127,10005150,"브라운 에디션",0
100008944,10005174,SPECIAL,0
100011099,10005311,"초장축",0
100008354,10005320,"마이티 II",0
100012183,10005464,"일반형",0
100008154,10006681,4WD,0
100013076,10006882,LWB,0
100010533,10007624,"다이나믹",0
100010534,10007624,"프레스티지",0
100010535,10007627,"다이나믹",0
100010536,10007627,"유로에디션",0
100010537,10007627,"프레스티지",0
100010960,10007676,"스타일",0
100010961,10007676,"모던",0
100010797,10008205,i,0
100008218,10003969,"고급형",0
100007512,10003972,"최고급형",0
100011768,10003719,"GV 디럭스",0
100010130,10003724,"엘레강스",0
100010179,10003724,"럭셔리",0
100011771,10003755,"w 럭셔리",0
100007740,10003787,DOHC,0
100008611,10003810,"프라임팩",0
100009092,10003840,"럭셔리",0
100010168,10003850,"V6 골드",0
100007419,10003851,"엑시드",0
100008626,10003865,"프리미어",0
100007350,10003866,"슈프림",0
100011700,10003935,"JX 고급형",0
100007026,10004402,"고급형",0
100013385,10003974,"LPG 슈퍼형",0
100013383,10003979,"LPG 윈도우밴 슈퍼형",0
100009998,10004165,"SLX 고급",0
100009734,10004214,DLX,0
100008983,10004292,TX,0
100009129,10004312,"브라운프리미엄",0
100011643,10004337,"영팩",0
100009102,10004337,"레져팩",0
100007033,10004447,"고급형",0
100010158,10004474,"LPG LTD",0
100010098,10004474,"LPG EST",0
100007330,10004561,"블랙스페셜",0
100008606,10004677,"패밀리",0
100007744,10004733,DOHC,0
100013307,10004734,"DOHC 프리미엄",0
100008793,10004759,GX,0
100009454,10004760,MPFi,0
100012271,10004787,"세이프티",0
100010962,10007676,"프리미엄",0
100010798,10008205,iL,0
100010799,10008205,Li,0
100010801,10008206,iL,0
100010807,10008208,Li,0
100010823,10008214,i,0
100009075,10003974,"그랜드 살롱형",0
100010206,10003724,"밸류",0
100008752,10003787,GLS,0
100009702,10003840,"프리미어",0
100008882,10003941,MXL,0
100008398,10003952,"스마트 스페셜",0
100013386,10003974,"LPG 프로 그랜드 살롱형",0
100008930,10004119,"Si DLX",0
100007999,10004120,"Si STD",0
100008933,10004141,SLX,0
100010106,10004165,"SLX 세이프티",0
100009627,10004312,"블루프리미엄",0
100011663,10004447,"고급형 패밀리",0
100007318,10004475,"밴 EST",0
100008605,10004475,"판넬밴 LST",0
100007982,10004562,"S 고급형",0
100007375,10004589,"스타일팩",0
100012133,10004699,"고급형",0
100007745,10004734,DOHC,0
100008706,10004760,DOHC,0
100007936,10004761,MPFi,0
100013400,10004872,"글라스밴SUP",0
100008646,10004904,"프리미엄",0
100012044,10004962,"LE 익스클루시브",0
100008617,10005057,"프레스티지",0
100008550,10005114,"최고급형",0
100008551,10005115,"최고급형",0
100009583,10005131,"5인 4WD 브라운에디션",0
100010038,10005131,"7인 2WD 브라운에디션",0
100008562,10005167,"최고급형",0
100008147,10005175,4WD,0
100007526,10005176,"최고급형",0
100011103,10005312,"초장축",0
100008362,10005329,"마이티II",0
100012092,10005469,"+ 더 퍼팩트 블랙",0
100013377,10003979,"판넬밴 울트라 슈퍼형",0
100008526,10004402,"최고급형",0
100010755,10008346,"스포츠",0
100010586,10008563,991,0
100010587,10008563,997,0
100010589,10008563,993,0
100013380,10003979,"윈도우밴 그랜드살롱형",0
100009070,10004402,"고급형 디젤",0
100013382,10003979,"LPG 판넬밴 울트라슈퍼형",0
100009113,10003952,"모던",0
100008753,10003963,GLS,0
100007682,10003980,CLUB,0
100012297,10004141,"월드 스페셜",0
100011527,10004429,"프레스티지 하이루프",0
100009430,10004475,"LPG EST",0
100008929,10004562,"Si 기본형",0
100007644,10004677,"하이클래스Ⅱ",0
100009796,10004812,"MK 고급형",0
100007249,10004905,"디럭스",0
100007285,10005057,"럭셔리",0
100011105,10005313,"중축",0
100007303,10005321,"마이티",0
100007011,10004315,"고급형",0
100009088,10005507,"디럭스 블랙휠",0
100009591,10004402,"고급형 LPI",0
100012046,10007252,Plus,0
100010386,10007253,"스포트",0
100013169,10007298,"로드스터",0
100008311,10004401,"디젤 LAND",0
100007926,10004343,"LX 고급형",0
100013305,10007984,"에투왈 화이트",0
100011041,10008196,"i 익스클루시브",0
100011044,10008196,"d xDrive M 스포츠 20th 그란쿠페",0
100007263,10004401,"디젤 TRIP",0
100010825,10008214,d,0
100010752,10008345,"프리미엄",0
100006957,10004400,"9인승 디젤",0
100006958,10004399,"9인승 LPG",0
100009054,10004398,"7인승 가솔린",0
100008766,10004436,GOLD,0
100011789,10003713,"센스 LE 월드컵",0
100009367,10003721,"GL 고급형",0
100009622,10003721,"밸류",0
100008675,10003748,"CR 고급형",0
100009321,10003748,"CR 최고급형",0
100006974,10003790,"고급형",0
100007134,10003811,"기본형",0
100008589,10003851,"터보엑시드",0
100008594,10003858,"터보엑시드",0
100009297,10003866,"프리미엄",0
100006956,10004398,"9인승 디젤",0
100008173,10004398,"9인승 가솔린",0
100011701,10003935,"MX 고급형",0
100011707,10003938,"MXL 스타일팩",0
100008399,10003953,"스마트 스페셜",0
100009388,10003963,GOLD,0
100008438,10003975,"웨곤 그랜드살롱",0
100008770,10003980,"GOLD RV 터보인터쿨러 ",0
100008171,10003994,"7인승",0
100009653,10003999,"윈도우밴 GRX 점보 터보인터쿨러 ",0
100006917,10004473,"4륜구동",0
100008931,10004120,"Si EL",0
100009496,10004120,"Si KL",0
100008005,10004142,SLX,0
100008271,10004142,"골드",0
100008414,10004166,"스포츠",0
100007509,10004166,"최고급",0
100009306,10004292,A347,0
100007009,10004313,"고급형",0
100008515,10004313,"최고급형",0
100011644,10004337,"시티팩",0
100007014,10004338,"고급형",0
100007283,10004434,"럭셔리",0
100011664,10004447,"최고급형 패밀리",0
100010542,10007639,"컴포트에디션",0
100010558,10007675,"스타일",0
100013082,10008146,"시그니처",0
100011042,10008196,"d xDrive 그란쿠페",0
100008174,10004397,"9인승 LPG",0
100006954,10004396,"9인승 디젤",0
100007542,10004489,"코치 LS",0
100008274,10004491,"그랜드 코치 LS",0
100009535,10003858,V6,0
100007575,10003859,"터보(숏바디)",0
100007373,10003867,"스타일팩",0
100012332,10003938,"40주년 스페셜 팩",0
100011837,10003980,"SVX 4WD",0
100007683,10003981,CLUB,0
100009057,10003994,"9인승",0
100009130,10004313,"브라운프리미엄",0
100008533,10004450,"최고급형",0
100007537,10004478,"코치 초장축",0
100009494,10004562,"Si 블랙",0
100012272,10004873,"코치 슈퍼 투톤컬러팩",0
100008647,10004905,"프리미엄",0
100009718,10004963,"프리미엄블랙",0
100010123,10005131,"7인 4WD",0
100009250,10005132,"최고급형",0
100007294,10004577,"레드스페셜",0
100011106,10005313,"초장축",0
100008355,10005321,"마이티 II",0
100012103,10005507,"기본형",0
100007416,10006587,"에코부스트",0
100007417,10006590,"에코부스트",0
100008312,10004395,"디젤 TRIP",0
100010389,10007254,"스포트 프리미엄",0
100010390,10007254,"디자인 프리미엄",0
100007262,10004395,"디젤 LAND",0
100007261,10004393,"디젤",0
100007260,10004392,"디젤",0
100009697,10004607,"프레스티지",0
100007393,10004608,"스페셜",0
100007230,10003868,"노블팩",0
100008838,10004392,LPG,0
100011702,10003935,"MX 최고급형",0
100007293,10003939,"럭셔리 MX",0
100013387,10003975,"웨곤 기본형",0
100009098,10004142,"레드프리미엄",0
100009714,10004166,"프리미엄",0
100008837,10004391,LPG,0
100007601,10004678,"패밀리",0
100007195,10004737,"기본형",0
100008876,10004762,MPFi,0
100008857,10004788,LUXURY,0
100009336,10004788,DLX,0
100007760,10004812,"EK 일반형",0
100007947,10004966,PLUS,0
100009808,10004966,"PLUS 25",0
100009853,10005058,VVIP,0
100009003,10005119,YOUTH,0
100009313,10005119,CLUB,0
100009805,10005119,PASSION,0
100008252,10005132,"고급형",0
100007222,10005132,"기본형",0
100011954,10005152,"브라운에디션",0
100009343,10005321,"e 마이티",0
100009351,10005330,"e 마이티",0
100013285,10007254,"디자인 에디션",0
100011607,10007638,"리미티드 에디션",0
100007327,10004386,"브라운프리미엄",0
100007878,10003716,"L 기본형",0
100009549,10003851,"XL 2WD",0
100008769,10003981,"GOLD RV",0
100011823,10003994,"9인승 점보 GRX",0
100007326,10004383,"브라운프리미엄",0
100007532,10004374,"컨비니언스",0
100009732,10004120,"Di KL",0
100009997,10004214,SDX,0
100007641,10004293,"하드탑 2인승 밴",0
100006998,10004294,"고급형",0
100007010,10004314,"고급형",0
100007015,10004341,"고급형",0
100008534,10004451,"최고급형",0
100011665,10004454,"고급형",0
100008479,10004480,"초장축",0
100011674,10004562,"Si 프리미엄",0
100007756,10004590,"ECO PLUS",0
100008425,10004595,"에코 플러스",0
100007454,10004698,"일반형",0
100008638,10004737,"프리미엄",0
100007459,10004763,"일반형",0
100008858,10004789,LUXURY,0
100007206,10004789,"기본형",0
100007722,10004813,"DK 일반형",0
100007539,10004874,"코치 DLX",0
100009688,10004875,"판넬밴 SUPER",0
100007351,10004906,"슈프림",0
100007397,10004907,"스페셜",0
100009134,10004966,"블랙",0
100008891,10004966,"PLUS 보스에디션",0
100012014,10005058,"LUXURY GREY EDITION",0
100009543,10005059,VVIP,0
100009613,10005059,"럭셔리 그레이 에디션",0
100009776,10005120,"LEISURE SPECIAL",0
100011955,10005153,"최고급형",0
100007066,10005153,"고급형",0
100009877,10005177,"4WD EZ SPECIAL",0
100011080,10007623,"다이나믹",0
100010556,10007674,"스타일",0
100011638,10004373,"기본형",0
100010592,10008564,997,0
100007388,10004369,"스페셜",0
100010054,10003721,"엘레강스",0
100008686,10003726,DELUXE,0
100009441,10003726,LUXURY,0
100010112,10003748,"TR 기본형",0
100011339,10004366,"스페셜",0
100008313,10003859,"디젤엑시드(롱바디)",0
100008429,10004658,"엘레강스",0
100009393,10003981,"GOLD RV 4WD",0
100007995,10004121,"Si DLX",0
100007880,10004167,"L 기본형",0
100008827,10004167,"L 고급형",0
100008516,10004314,"최고급형",0
100008521,10004341,"최고급형",0
100008615,10004434,"프레스티지",0
100008235,10004698,"고급형",0
100012132,10004699,"일반형",0
100013308,10004738,"일반형",0
100009778,10004813,"LK 고급형",0
100012273,10004874,"코치 슈퍼 투톤컬러팩",0
100007940,10004924,PLUS,0
100011634,10004364,"기본형",0
100009352,10005331,"e 마이티",0
100009353,10005332,"e 마이티",0
100011295,10005470,"+ 스타일패키지",0
100007387,10004364,"스페셜",0
100010432,10007297,LUX,0
100010433,10007297,SOL,0
100010580,10007975,"15인승",0
100011045,10008197,"i 익스클루시브",0
100010792,10008203,i,0
100008430,10004663,"엘레강스",0
100008993,10003547,VIP,0
100007024,10004360,"고급형",0
100011690,10003764,"최고급형",0
100007231,10003871,"노블팩",0
100009300,10004359,"프리미엄",0
100011704,10003935,"MXL 고급형",0
100007684,10003982,CLUB,0
100011824,10003994,"6인승 점보 GOLD",0
100007299,10003996,"리프트",0
100010071,10003999,"판넬밴 SVX",0
100008523,10004359,"최고급형",0
100012141,10004358,"최고급형",0
100008689,10004122,"Di KL",0
100009166,10004294,"에센스 패키지",0
100008506,10004294,"최고급형",0
100011645,10004341,"레져팩",0
100007187,10004567,"기본형",0
100012123,10004709,"일반형",0
100012134,10004700,"일반형",0
100013309,10004738,"프리미엄",0
100008242,10004764,"고급형",0
100011596,10004877,DLX,0
100007941,10004925,PLUS,0
100008899,10004927,PREMIUM,0
100007987,10004970,SE,0
100008925,10004970,"SE PLUS",0
100008618,10005059,"프레스티지",0
100007286,10005059,"럭셔리",0
100008067,10005120,VISION,0
100008068,10005121,VISION,0
100007223,10005133,"기본형",0
100008559,10005154,"최고급형",0
100011959,10005177,"4WD 기본형",0
100007022,10004358,"고급형",0
100007931,10004355,"LX 고급형",0
100011006,10005322,"메가트럭",0
100008365,10005332,"마이티II",0
100007313,10005332,"마이티",0
100013356,10005463,"스포츠",0
100011296,10005471,"+ 스타일패키지",0
100012094,10005471,"기본형",0
100008972,10004355,"TLX 고급형",0
100010492,10007438,LTZ,0
100010599,10008567,991,0
100009425,10003538,LIMO,0
100009530,10004355,"TLX 최고급형",0
100012127,10004712,"일반형",0
100009839,10004355,"TLX 프리미엄",0
100007984,10004728,SE,0
100009809,10003726,PREMIER,0
100007573,10003852,"터보",0
100007616,10003872,"프리미엄",0
100009529,10004354,"TLX 최고급형",0
100011705,10003935,"MXL 최고급형",0
100006999,10004295,"고급형",0
100009131,10004314,"브라운프리미엄",0
100009629,10004314,"블루프리미엄",0
100007016,10004342,"고급형",0
100011668,10004455,"고급형",0
100008480,10004481,"초장축",0
100007652,10004482,"AM705 미니버스",0
100008233,10004567,"고급형",0
100008971,10004354,"TLX 고급형",0
100012135,10004700,"고급형",0
100012136,10004701,"일반형",0
100013310,10004739,"일반형",0
100009427,10004813,"LK 일반형",0
100008707,10004818,DOHC,0
100007082,10004875,"글라스밴 DLX",0
100008282,10004875,"글라스밴 SUPER",0
100008253,10005133,"고급형",0
100009251,10005133,"최고급형",0
100007930,10004354,"LX 고급형",0
100007018,10004352,"고급형",0
100008356,10005322,"마이티 II",0
100011008,10005332,"메가트럭",0
100010243,10004728,RTi,0
100008075,10005471,"+ (The Perfect Black)",0
100006834,10005471,+,0
100012081,10005513,"기본형",0
100007979,10006596,S,0
100008921,10006596,SE,0
100013071,10006908,"럭셔리",0
100010471,10007430,"PYL DCT",0
100010472,10007431,"디스펙 M/T",0
100010473,10007431,"디스펙 DCT",0
100009368,10003716,"GL 기본형",0
100011763,10003721,"밸류플러스",0
100011767,10003721,"럭셔리",0
100008052,10003728,TRENDY,0
100007869,10003780,L,0
100008775,10003780,GS,0
100007017,10004351,"고급형",0
100011640,10004347,"LX 레저팩",0
100007292,10003936,"럭셔리 MX",0
100009101,10003939,"레이디 MX",0
100013388,10003975,"웨곤 울트라형",0
100008671,10003982,"CLUB 점보 ",0
100008416,10003996,"슬로프",0
100010185,10003999,"판넬밴 GRX 점보 터보인터쿨러",0
100009837,10004347,"TLX 최고급형",0
100009495,10004122,"Si EL",0
100007992,10004123,Si,0
100007510,10004168,"최고급",0
100008412,10004269,"스페셜럭셔리",0
100008507,10004295,"최고급형",0
100011631,10004314,"스페셜",0
100008522,10004342,"최고급형",0
100007828,10004435,GX,0
100009058,10004567,"고급 레드프리미엄",0
100007254,10005507,"디럭스",0
100012137,10004701,"고급형",0
100013345,10004702,"기본형",0
100013311,10004739,"프리미엄",0
100009246,10004764,"최고급형",0
100008539,10004765,"최고급형",0
100012268,10004792,"고급형",0
100009278,10004875,"판넬밴 DLX",0
100011594,10004876,DLX,0
100009422,10004970,LE,0
100008541,10004971,"최고급형",0
100008619,10005063,"프레스티지",0
100007288,10005064,"럭셔리",0
100009315,10005121,CLUB,0
100010800,10008206,i,0
100010756,10008347,"다이나믹",0
100007255,10005509,"디럭스",0
100008992,10003546,VIP,0
100010167,10003748,"TR 고급형",0
100007778,10003717,"GD 기본형",0
100007779,10003719,"GD 기본형",0
100007797,10003722,"GLS 기본형",0
100010013,10003726,TOP,0
100008895,10003728,PREMIER,0
100008977,10003749,TR,0
100009372,10003780,GLS,0
100008388,10003790,"슈퍼형",0
100007125,10003799,"기본형",0
100009542,10003811,"VIP팩",0
100007574,10003853,"터보",0
100009659,10003859,"인터쿨러엑시드(숏바디)",0
100009459,10003937,MXL,0
100009632,10003939,"비즈니스 JX",0
100009912,10003953,"월드컵에디션",0
100010194,10003982,"GX RV 터보인터쿨러 ",0
100007436,10003997,"윈도우밴 SV",0
100011826,10003997,"윈도우밴 GX",0
100008691,10004124,"Di SLX",0
100007993,10004125,Si,0
100012295,10004142,"월드 스페셜",0
100009595,10004142,"골드프리미엄",0
100007916,10004144,LX,0
100008934,10004144,SLX,0
100008415,10004168,"스포츠",0
100007000,10004296,"고급형",0
100007001,10004297,"고급형",0
100009821,10006597,ST,0
100010600,10008567,997,0
100009275,10003978,"판넬밴 고급형",0
100007432,10003979,"윈도우밴 고급형",0
100011838,10003982,"GOLD 4WD",0
100007796,10003658,GLS,0
100008730,10003717,"GD 고급형",0
100009379,10003722,"GLS 최고급형",0
100008755,10003722,"GLS 고급형",0
100008733,10003781,GL,0
100007135,10003812,"기본형",0
100008455,10003853,"인터쿨러",0
100009269,10003860,"터보(롱바디)",0
100007726,10003874,DLX,0
100009312,10003993,CLUB,0
100008368,10003954,"모던",0
100013389,10003975,"웨곤 울트라 슈퍼형",0
100009318,10003982,"CLUB 점보 터보인터쿨러 ",0
100008441,10003997,"윈도우밴 SVX",0
100007998,10004126,"Si LX",0
100011675,10004144,"월드 스페셜",0
100008006,10004145,SLX,0
100009141,10004168,"세이프티",0
100008509,10004297,"최고급형",0
100009132,10004315,"브라운프리미엄",0
100008870,10004343,"LX 레저팩",0
100007927,10004344,"LX 고급형",0
100008018,10004468,"ST ",0
100007655,10004485,AM715,0
100007656,10004486,AM715,0
100007418,10004570,"에코플러스",0
100012125,10004711,"일반형",0
100012126,10004711,"고급형",0
100012213,10007676,"얼티밋 에디션",0
100008225,10004230,"고급형",0
100013303,10007984,"소닉 레드",0
100010829,10008214,Ld,0
100010602,10008567,993,0
100010604,10008568,997,0
100008781,10004288,GT,0
100007822,10003718,"GV 기본형",0
100007856,10003750,"i(인터)기본형",0
100007124,10003771,"기본형",0
100008190,10003771,"고급형",0
100009383,10003781,GLSi,0
100008191,10003799,"고급형",0
100007126,10003800,"기본형",0
100008997,10003812,"VIP 팩",0
100008402,10003861,"스타일팩",0
100008702,10003874,"DLX 4WD",0
100008517,10004315,"최고급형",0
100008331,10003936,"럭셔리 MXL",0
100008881,10003940,MX,0
100010235,10003997,"판넬밴 GRX RV 터보인터쿨러 ",0
100007435,10004000,"윈도우밴 GRX 점보",0
100007300,10004008,"리프트",0
100008692,10004126,"Di SLX",0
100009715,10004168,"프리미엄",0
100007169,10004230,"기본형",0
100009167,10004297,"에센스 패키지",0
100009630,10004315,"블루프리미엄",0
100012083,10004316,"프렌드 고급형",0
100008872,10004344,"LX 최고급형",0
100008865,10004435,LX,0
100011671,10004455,"최고급형 패밀리",0
100006959,10004465,"가솔린",0
100007657,10004487,AM715,0
100009168,10004571,"에코플러스",0
100008657,10004571,"하이클래스",0
100007625,10004605,"프리미엄",0
100012128,10004712,"고급형",0
100009984,10004740,"LS 고급형",0
100009084,10004770,"다이아몬드",0
100008875,10004770,"MAX 고급형",0
100013368,10004796,"2.0 DOHC 고급형 드림넷",0
100010578,10007974,"15인승",0
100013304,10007984,"쇼콜라 브라운",0
100010606,10008569,964,0
100010610,10008570,993,0
100008519,10004337,"최고급형",0
100008932,10003536,"SIGNATURE SV",0
100008995,10003551,VIP,0
100006969,10003618,"고급형",0
100008788,10003718,"GV 고급형",0
100007902,10003727,LUXURY,0
100009100,10003936,"레이디 MX",0
100011718,10003941,"워너비",0
100010141,10003997,"판넬밴 SVX",0
100008443,10004002,"윈도우밴 SVX",0
100009689,10004002,"판넬밴 SVX",0
100009280,10004002,"판넬밴 SV",0
100008417,10004008,"슬로프",0
100007780,10004127,Gi,0
100008272,10004145,"골드",0
100007511,10004169,"최고급",0
100008705,10004273,DOHC,0
100007005,10004302,"고급형",0
100012084,10004316,"프렌드 최고급형",0
100009836,10004344,"TLX 최고급형",0
100009526,10004344,"TLX 고급형",0
100008840,10004465,LPG,0
100007534,10004572,"컴포트시트",0
100011672,10004572,"기본형",0
100007626,10004606,"프리미엄",0
100008236,10004717,"고급형",0
100007455,10004717,"일반형",0
100009782,10004740,"LS 일반형",0
100009559,10004770,"2.0 다이아몬드",0
100009426,10004815,"LK 3도어",0
100013318,10004887,"LPG LD 고급형 드림넷",0
100013319,10004887,"LPG LP 엔조이",0
100008540,10004963,"최고급형",0
100010740,10008328,"다이나믹",0
100010611,10008571,991,0
100010612,10008572,991,0
100010614,10008572,996,0
100010617,10008574,997,0
100010619,10008575,991,0
100010620,10008575,997,0
100010621,10008575,996,0
100010623,10008576,997,0
100010624,10008577,991,0
100010631,10008580,991,0
100010632,10008580,997,0
100010633,10008580,996,0
100010634,10008580,993,0
100010635,10008580,994,0
100010636,10008581,991,0
100010637,10008581,997,0
100010640,10008581,994,0
100010641,10008582,991,0
100009930,10004493,"판넬밴 RS ",0
100009908,10003722,"엘레강스",0
100008894,10003727,PREMIER,0
100009304,10003800,"프리미엄 사운드팩",0
100007136,10003813,"기본형",0
100009654,10003854,"이노베이션 터보",0
100013390,10003975,"LPG 웨곤 그랜드 살롱",0
100009825,10003982,SV,0
100008801,10004127,GXi,0
100007671,10004218,"CD 800L ",0
100008030,10004288,STD,0
100012085,10004316,"프렌드 스페셜",0
100007928,10004346,"LX 고급형",0
100007890,10004466,LPG,0
100007540,10004488,"코치 GS",0
100011673,10004572,"브라운",0
100007456,10004718,"일반형",0
100008237,10004718,"고급형",0
100007746,10004740,DOHC,0
100009069,10004779,"고급형",0
100013281,10004796,"슈퍼",0
100008835,10004815,"LK 고급형",0
100013321,10004887,"LPG LP 고급형 드림넷",0
100013291,10004935,"BOSE 스페셜 에디션",0
100013298,10005001,"썸머 스페셜 컬렉션",0
100008555,10005145,"최고급형",0
100008556,10005146,"최고급형",0
100007474,10005161,"일반형",0
100009165,10005189,"어린이보호차량",0
100007606,10005189,"프라임",0
100009349,10005328,"e 마이티",0
100007198,10004748,"기본형",0
100006899,10006577,2WD,0
100008151,10006577,4WD,0
100010293,10007092,"프레지던트",0
100010493,10007438,"프리미엄",0
100010590,10008563,964,0
100010591,10008564,991,0
100010594,10008565,997,0
100010605,10008568,996,0
100010642,10008582,997,0
100013365,10004754,"드림넷 퍼펙트",0
100007201,10004760,"기본형",0
100009744,10003718,"GD 기본형",0
100009531,10003727,TOP,0
100008025,10003772,STD,0
100009750,10003781,"GLSi TRX",0
100007348,10003815,"수출형",0
100007860,10003937,JX,0
100011719,10003941,"밀리언스페셜",0
100009176,10003954,"월드컵에디션",0
100010003,10003982,SVX,0
100007202,10004762,"기본형",0
100007806,10004128,GLXi,0
100012296,10004145,"월드 스페셜",0
100008381,10004169,"세이프티",0
100008510,10004298,"최고급형",0
100008871,10004346,"LX 레저팩",0
100007727,10004467,"DLX ",0
100008575,10004488,"코치 LS",0
100007643,10004574,"하이클래스",0
100007245,10004607,"디럭스",0
100008326,10004607,"럭셔리",0
100009157,10004718,"스타",0
100007043,10004754,"고급형",0
100009862,10004771,"1.6 다이아몬드",0
100009018,10004771,"1.6 SX 해치백",0
100008097,10004771,"1.6 MAX",0
100006876,10004796,"2.0 SOHC",0
100008114,10004796,"2.0 DOHC",0
100009560,10004796,"2.0 EXCLUSIVE",0
100013292,10004935,"썸머 에디션",0
100011939,10004935,"익스클루시브",0
100013299,10005002,"기본형",0
100013300,10005002,"파노라마",0
100009895,10005066,"보우에디션",0
100008621,10005066,"프레스티지",0
100010648,10008583,996,0
100010650,10008583,964,0
100010652,10008584,996,0
100010655,10008585,991,0
100010656,10008585,997,0
100010660,10008586,996,0
100010665,10008590,997,0
100010666,10008590,996,0
100010668,10008591,997,0
100008241,10004763,"고급형",0
100007106,10003547,"기본형",0
100008718,10004819,EFi,0
100012116,10004767,"일반형",0
100012117,10004767,"고급형",0
100010305,10007099,"쿠페",0
100011725,10007676,"익스트림 에디션",0
100008814,10003750,"i(인터)고급형",0
100009319,10003773,CLX,0
100007871,10003782,L,0
100008624,10003862,"프리미어",0
100009824,10003874,"SUPER-DLX 4WD",0
100007901,10004770,"LUX 고급형",0
100011720,10003941,"스타일팩",0
100013391,10003975,"LPG 웨곤 슈퍼형",0
100010108,10003982,"SVX 점보 ",0
100008802,10004129,GXi,0
100009099,10004145,"레드프리미엄",0
100009397,10004156,GSDi,0
100008007,10004170,SLX,0
100008511,10004299,"최고급형",0
100009450,10004346,"LX 영팩",0
100007019,10004353,"고급형",0
100009158,10004719,"스타",0
100009245,10004741,"최고급형",0
100007639,10004772,"플래티넘",0
100009024,10004772,"2.0 플래티늄",0
100009338,10004820,DOHC,0
100009797,10004820,MPFi,0
100009432,10004887,"LPG LS",0
100011940,10004935,"익스클루시브 BOSE에디션",0
100013301,10005002,"S/S 컬렉션",0
100008072,10005067,VVIP,0
100008130,10005125,"2WD 최고급형",0
100013270,10005149,"BROWN SPECIAL",0
100009570,10005163,"4WD 고급형",0
100010034,10005163,"4WD EZ SPECIAL",0
100008450,10005192,"이코노미",0
100011085,10005307,"단축",0
100011086,10005307,"중축",0
100008243,10004777,"고급형",0
100008361,10005328,"마이티 II",0
100008420,10004778,"아이덴티티 일반형",0
100009068,10004778,"고급형",0
100008877,10003729,MULTY,0
100009801,10003750,"n(네티)고급형",0
100013227,10003954,"스마트 스페셜",0
100009690,10004003,"판넬밴 SVX",0
100009096,10004607,"럭셔리 프리미엄",0
100009867,10004796,"2.0 SPECIAL",0
100010040,10004887,"가솔린 VG",0
100010576,10005448,Plus,0
100010828,10008214,"d xDrive 인디비주얼",0
100010737,10008326,"다이나믹",0
100010745,10008339,"다이나믹",0
100010751,10008344,"프리미엄",0
100013560,10008346,"프리미엄",0
100010757,10008347,"스포츠",0
100010618,10008574,996,0
100010661,10008587,991,0
100010667,10008591,991,0
100010670,10008592,991,0
100007122,10003753,"기본형",0
100008779,10003772,GSL,0
100009733,10003773,DLX,0
100008734,10003782,GL,0
100009119,10003862,"모젠팩",0
100008880,10003937,MX,0
100008214,10003965,"고급형",0
100007157,10003966,"기본형",0
100013392,10003975,"LPG 웨곤 울트라형",0
100010220,10003982,"GRX RV 터보인터쿨러 ",0
100010263,10003982,"GOLD RV 터보인터쿨러 ",0
100010256,10003983,"SVX 4WD",0
100010245,10003983,"SVX ",0
100010219,10003983,"GRX MULTI RV",0
100008669,10003983,"CLUB 4WD",0
100009968,10003983,"GOLD RV 4WD",0
100009755,10003983,"GOLD RV",0
100008774,10003984,"GRX 점보 터보인터쿨러 ",0
100008042,10003984,"SVX 점보",0
100008039,10003985,"SV 점보",0
100008961,10003985,"SVX 점보 ",0
100007808,10004130,GLXi,0
100010539,10007638,"다이나믹",0
100010964,10007676,"모던 스페셜",0
100007123,10003770,"기본형",0
100008738,10003955,"GL 고급형",0
100009747,10003955,"GLS 고급형",0
100009376,10003955,"GLS 기본형",0
100007791,10003955,"GL 기본형",0
100007792,10003956,"GL 기본형",0
100009748,10003956,"GLS 고급형",0
100013352,10003957,"월드컵",0
100008756,10003958,"GLS 고급형",0
100009961,10003958,"GL 고급형",0
100009745,10003958,"GL 기본형",0
100009380,10003958,"GLS 최고급형",0
100008740,10003959,"GL 고급형",0
100007793,10003959,"GL 기본형",0
100008213,10003960,"고급형",0
100009229,10003960,"최고급형",0
100009749,10003961,"GLS 고급형",0
100009964,10003961,"GLS 최고급형",0
100007794,10003961,"GL 기본형",0
100008108,10003776,1500,0
100007228,10004214,"내장탑",0
100008215,10003966,"고급형",0
100011745,10003966,"이코노미",0
100007158,10003967,"기본형",0
100007159,10003968,"기본형",0
100009230,10003968,"최고급형",0
100011753,10003968,"월드컵",0
100007160,10003969,"기본형",0
100007161,10003970,"기본형",0
100013394,10003976,"웨곤 기본형",0
100010649,10008583,993,0
100010651,10008584,997,0
100010654,10008584,964,0
100013142,10008631,"에디션 970",0
100013143,10008631,"플래티넘 에디션 970",0
100010678,10008672,"익스클루시브 스페셜",0
100010681,10008673,"익스클루시브",0
100010684,10008673,"파이니스트에디션",0
100011114,10008674,"익스클루시브",0
100011551,10008674,"익스클루시브 스페셜",0
100011552,10008675,"익스클루시브 스페셜",0
100012931,10008714,"F스포츠",0
100012922,10008803,LX,0
100012923,10008803,EX,0
100012921,10008810,EX,0
100011851,10003895,"최고급형 모젠팩",0
100009944,10004213,"홈로리",0
100012623,10009061,"기본형",0
100010241,10003982,"GRX MULTI 점보 터보인터쿨러 ",0
100009914,10003854,"이노베이션 인터쿨러",0
100008591,10003855,"터보엑시드",0
100007264,10003855,"디젤엑시드",0
100008027,10003875,STD,0
100008710,10003876,"DOHC DLX",0
100009736,10003876,"DOHC SUPER-DLX",0
100009339,10003876,"DOHC DLX 4WD",0
100011834,10003992,HSV,0
100009610,10004213,"덤프",0
100011832,10003999,"판넬밴 GX",0
100008286,10004213,"냉동탑",0
100007227,10004213,"내장탑",0
100009302,10004361,"프리미엄",0
100007590,10004212,"판넬밴 DLX",0
100008280,10004212,"글라스밴 SDX",0
100008279,10004211,"글라스밴 SDX",0
100007589,10004211,"판넬밴 DLX",0
100009262,10004210,"코치 SDX",0
100008574,10004210,"코치 DLX",0
100007392,10004604,"스페셜",0
100009226,10003893,"최고급형",0
100007152,10003893,"기본형",0
100008210,10003893,"고급형",0
100009644,10004779,"아이덴티티 고급형",0
100007463,10004779,"일반형",0
100007545,10004210,"코치 STD",0
100012260,10004783,"일반형",0
100007544,10004209,"코치 SDX",0
100010579,10007975,"14인승",0
100013080,10008145,"시그니처",0
100007543,10004208,"코치 SDX",0
100009684,10004208,"판넬밴 DLX",0
100012593,10009178,CL,0
100010042,10004208,"글라스밴 SDX",0
100009885,10004208,"글라스밴 DLX",0
100010022,10003750,"w(월드)기본형",0
100006944,10003773,88,0
100009396,10003782,GS,0
100009153,10003801,"슈퍼형",0
100011730,10003801,"레드팩",0
100011731,10003802,"슈퍼형",0
100008335,10003802,"레드팩",0
100007128,10003802,"기본형",0
100006975,10003803,"고급형",0
100007604,10003816,"프라다",0
100007137,10003817,"기본형",0
100008404,10003817,"스페셜",0
100011516,10003817,"다이나믹 스페셜",0
100007138,10003818,"기본형",0
100008406,10003819,"스페셜",0
100008056,10003820,"Turbo D",0
100008980,10003820,"Turbo P",0
100009533,10003820,"Turbo R",0
100009841,10003820,"Turbo RW",0
100007815,10003821,GT-P,0
100008057,10003822,"Turbo D",0
100008786,10003823,GT-R,0
100007816,10003823,GT-P,0
100008303,10003839,"디럭스",0
100007585,10003839,"트렌디",0
100009091,10003839,"럭셔리",0
100009276,10004207,"판넬밴 DLX",0
100012267,10004792,"일반형",0
100008278,10004207,"글라스밴 SDX",0
100007443,10003846,"유니크",0
100008454,10003846,"익스트림",0
100008978,10003847,"TUIX 블랙 라이트",0
100008054,10003847,"TUIX 크래용",0
100009638,10003862,"스마트팩",0
100011836,10003980,"SV 4WD",0
100010647,10008583,997,0
100010680,10008672,"파이니스트에디션",0
100012920,10008810,LX,0
100008999,10003560,"VIP PACK 1",0
100007535,10004207,"코치 멀티 ",0
100010073,10003722,"프리미어",0
100011765,10003722,"디럭스",0
100008492,10003723,"최고급형",0
100009169,10003723,"엘레강스",0
100009481,10003729,RS,0
100007770,10003730,"EURO MULTY",0
100007964,10003731,"PRO CS",0
100007768,10003733,EURO,0
100009505,10003734,"SPECIAL EDITION",0
100007965,10003736,"PRO CS",0
100008907,10003736,"PRO DOHC 레이싱",0
100009475,10003736,"PRO TGR",0
100008704,10003737,DOHC,0
100007697,10003737,CS,0
100007769,10003739,"EURO CS",0
100010118,10003750,"w(월드)고급형",0
100010171,10003750,"w(월드)슈퍼형",0
100009546,10003751,"w(월드)고급형",0
100009857,10003751,"w(월드)슈퍼형",0
100009002,10003751,"w(월드)기본형",0
100007857,10003751,"i(인터)기본형",0
100007378,10003752,"스페셜",0
100008649,10003753,"플러스",0
100011618,10004197,"고급형",0
100011617,10004197,"기본형",0
100007401,10004196,"스포츠",0
100008600,10004195,"트렌디",0
100008659,10003773,APEX,0
100009584,10003782,GSD,0
100008389,10003803,"슈퍼형",0
100009097,10003803,"레드팩",0
100008336,10003804,"레드팩",0
100007638,10003804,"프리미엄 사운드팩",0
100011733,10003804,"고급형",0
100011734,10003804,"슈퍼형",0
100007129,10003805,"기본형",0
100010830,10008214,"Ld B&O 에디션",0
100010838,10008219,i,0
100010736,10008326,"스포츠",0
100012266,10004796,"2.0 LPG 디럭스 고급형",0
100007382,10004195,"스페셜",0
100009562,10004797,"2.0 LPG 디럭스",0
100007381,10004194,"스페셜",0
100009027,10004799,"2.0 DOHC",0
100008220,10004193,"고급형",0
100007164,10004193,"기본형",0
100010052,10004192,"스페셜",0
100009124,10004192,"뷰티 기본형",0
100009868,10004799,"2.0 SUPER",0
100009623,10004192,"뷰티 프리미엄",0
100009896,10004192,"뷰티 블랙프리미엄",0
100013342,10004836,"딥브라운 고급형",0
100008958,10004869,SUPER,0
100013324,10004892,"고급형",0
100006985,10004192,"고급형",0
100008001,10003708,SL,0
100011776,10003708,"SL 월드컵",0
100008383,10003709,"센스 SL",0
100007336,10003709,"센스 L",0
100008036,10003710,SV,0
100008916,10003710,SD,0
100011777,10003710,"SV 고급",0
100011778,10003710,"SV 슈퍼",0
100011779,10003710,"SV 월드컵",0
100011780,10003710,"SD 고급",0
100011783,10003710,"SD 슈퍼",0
100011785,10003710,"SD 월드컵",0
100010083,10003718,"GD 슈퍼형",0
100009760,10003719,"GV 기본형",0
100009974,10003719,"GV 고급형",0
100009433,10005458,"LS+형",0
100008979,10003848,"TUIX 블랙 라이트",0
100008263,10004192,"고급형 블랙프리미엄",0
100013141,10008631,970,0
100010677,10008672,"익스클루시브",0
100011116,10008675,"익스클루시브",0
100012930,10008714,"슈프림",0
100012592,10009178,CO,0
100009473,10005500,Premium,0
100012080,10005512,"기본형",0
100011338,10005513,"래더패키지",0
100011941,10003552,"기본형",0
100008283,10004191,"기본형 블랙프리미엄",0
100009905,10004191,"스페셜",0
100009589,10004191,"고급형 블랙프리미엄",0
100009060,10004191,"고급형 ",0
100008500,10004188,"최고급형",0
100007162,10004188,"기본형",0
100008499,10004187,"최고급형",0
100013252,10004184,"기본형",0
100008764,10004170,GOLD,0
100008848,10004160,LSDi,0
100006970,10003621,"고급형",0
100008489,10003621,"최고급형",0
100009155,10003808,"슈퍼형",0
100011515,10003817,"다이나믹",0
100008614,10004429,"프레스티지",0
100012220,10004440,"GX 고급형",0
100010685,10008674,"프레스티지",0
100007035,10004451,"고급형",0
100008722,10004470,"EST ",0
100007246,10004615,"디럭스",0
100010691,10009388,2WD,0
100010692,10009388,4WD,0
100013349,10009389,"TUIX 크래용",0
100011774,10009396,"스페셜",0
100011782,10009396,"스페셜 TUIX 크래용",0
100011790,10009401,"스페셜",0
100011791,10009401,"스페셜 TUIX 크래용",0
100013350,10009402,"TUIX 크래용",0
100011681,10009406,"블랙 라이트",0
100011680,10009409,"블랙 라이트",0
100012288,10009411,"스페셜",0
100012289,10009412,"기본형",0
100012290,10009412,"스페셜",0
100009537,10003548,VIP,0
100011942,10003552,"알칸타라 셀렉션",0
100009541,10003560,"VIP PACK 2",0
100007607,10003566,"프레스티지",0
100007608,10003567,"프레스티지",0
100008070,10003568,VL,0
100009000,10003568,VLS,0
100008061,10003569,V6,0
100008327,10004615,"럭셔리",0
100007628,10004735,"프리미엄",0
100012261,10004783,"고급형",0
100012152,10004800,"2.0 ROYALE 고급형",0
100009453,10004812,"MK 일반형",0
100009887,10004812,"다이아몬드",0
100009779,10004814,"LK 고급형",0
100010669,10008591,996,0
100010683,10008673,"프레스티지",0
100007723,10004814,"DK 일반형",0
100007208,10004819,"기본형",0
100007209,10004820,"기본형",0
100009455,10004822,MPFi,0
100009456,10004823,MPFi,0
100013338,10004826,"일반형",0
100013339,10004826,"고급형",0
100008059,10003537,V6,0
100008988,10003537,"V6 SV",0
100008482,10003543,"최고급형",0
100009536,10003543,VIP,0
100011798,10003543,"밸류",0
100006962,10003544,"고급형",0
100007107,10003548,"기본형",0
100011075,10006918,"럭셔리",0
100008310,10004828,"디젤",0
100013084,10008147,"시그니처",0
100012329,10008160,"하이",0
100011619,10009426,"고급형 블랙프리미엄",0
100012264,10004831,"베이지인테리어",0
100009784,10004895,"LT 고급형",0
100009438,10004895,"LT 기본형",0
100013297,10005001,"S/S 컬렉션",0
100011425,10005066,"익스큐티브",0
100008020,10005448,STAR,0
100008021,10005454,STAR,0
100012626,10006248,"스페셜에디션",0
100011813,10003549,"알칸타라 셀렉션",0
100007771,10003735,"EURO MULTY",0
100013381,10003979,"LPG 판넬밴 슈퍼형",0
100011825,10003997,"하이루프밴 GX 점보",0
100011828,10003997,"판넬밴 GX",0
100011829,10003997,"판넬밴 GRX",0
100007996,10004122,"Si KL",0
100007379,10004147,"스페셜",0
100009243,10004569,"최고급형",0
100008778,10004729,GSi,0
100011915,10009374,"튜익스 에디션II",0
100011620,10009426,"기본형",0
100011621,10009426,"기본형 블랙프리미엄",0
100011622,10009427,"고급형 블랙프리미엄",0
100007868,10003778,L,0
100007127,10003801,"기본형",0
100008452,10003841,"익스트림",0
100009296,10003863,"프리미엄",0
100008000,10003536,SIGNATURE,0
100008629,10003944,"프리미어",0
100009377,10003956,"GLS 기본형",0
100013393,10003975,"LPG 웨곤 울트라 슈퍼형",0
100013395,10003976,"웨곤 울트라 슈퍼형",0
100010265,10003983,"SVX Multi",0
100013244,10004109,"최고급형",0
100008338,10004316,"레저형",0
100007037,10004579,"고급형 ",0
100013336,10004803,"이코노미",0
100010835,10008216,L,0
100011117,10008675,"파이니스트 에디션",0
100013348,10009397,"TUIX 크래용",0
100011125,10009434,"스페셜",0
100011286,10009434,"기본형",0
100011127,10009437,"스페셜",0
100011288,10009437,"기본형",0
100010164,10003985,"SVX 터보인터쿨러",0
100010697,10009496,"프레스티지",0
100011821,10003993,HSV,0
100010706,10009508,SE,0
100010708,10009508,RE,0
100007696,10003732,CS,0
100007870,10003781,L,0
100008698,10003875,DLX,0
100008011,10003876,"SOHC DLX",0
100011526,10003938,EST,0
100008437,10003976,"웨곤 그랜드 살롱형",0
100007933,10004164,LXDi,0
100007877,10004165,"L 기본",0
100008825,10004165,"L 고급",0
100011639,10004344,"LX 비지니스",0
100008708,10004824,DOHC,0
100008709,10004825,DOHC,0
100009854,10005066,VVIP,0
100010176,10005131,"7인 4WD 브라운에디션",0
100008357,10005324,"마이티 II",0
100010436,10007298,"쿠페",0
100013237,10004110,"기본형",0
100010607,10008570,991,0
100010679,10008672,"프레스티지",0
100012287,10009411,"기본형",0
100011287,10009435,"기본형",0
100010707,10009508,LE,0
100010718,10009522,"프라다",0
100010720,10009523,"프라다",0
100010721,10009524,VIP,0
100010722,10009524,"프레지던트",0
100010726,10009526,"기본형",0
100010727,10009526,PLUS,0
100011566,10009526,"밸류플러스",0
100010728,10009527,"기본형",0
100010729,10009527,PLUS,0
100012928,10009539,"트렌디",0
100012929,10009539,"럭셔리",0
100010840,10009540,"슈프림",0
100010772,10009551,"디럭스",0
100010780,10009555,"기본형",0
100010781,10009555,A,0
100010782,10009555,C,0
100010783,10009555,E,0
100010995,10009555,"스타일",0
100010784,10009556,"기본형",0
100010785,10009556,"스페셜",0
100010787,10009559,A,0
100013088,10009622,P,0
100013089,10009622,H,0
100013085,10009627,"기본형",0
100009284,10004615,"프레스티지",0
100013126,10009709,"리저브",0
100013127,10009709,"셀렉트",0
100007785,10003963,GL,0
100009651,10003978,"윈도우밴 고급형",0
100009260,10004208,"코치 멀티",0
100007893,10004223,LS,0
100009431,10004401,"LPG LAND",0
100009404,10004423,"GX 11인승",0
100013274,10004752,"프리미엄",0
100008720,10004812,"EK 고급형",0
100006906,10005128,"2WD 고급형",0
100009361,10005177,"EZ SPECIAL",0
100007194,10004668,"기본형",0
100010540,10007639,"다이나믹",0
100010541,10007639,"프레스티지",0
100010544,10007641,"프레스티지",0
100010593,10008565,991,0
100010596,10008565,993,0
100011126,10009435,"스페셜",0
100010788,10009559,C,0
100010790,10009560,"기본형",0
100013087,10009622,SE,0
100013086,10009627,P,0
100013128,10009715,"리저브",0
100013130,10009722,"리저브",0
100013131,10009722,"셀렉트",0
100009618,10004787,"밀레니엄 스페셜",0
100012274,10004788,"디럭스 럭셔리",0
100013866,10010017,"10TH 에디션",0
100008247,10004832,"고급형",0
100007467,10004832,"일반형",0
100007468,10004836,"일반형",0
100012265,10004836,"베이지인테리어",0
100008281,10004871,"글라스밴 SUPER",0
100013640,10010074,"25th 스페셜 에디션",0
100013132,10010074,"라레도",0
100011689,10003764,"고급형",0
100010037,10003854,"5인승",0
100008588,10003860,"터보(숏바디)",0
100008495,10003895,"최고급형",0
100009963,10003956,"GLS 최고급형",0
100008760,10004420,"GLX 기본형",0
100009067,10004749,"고급형",0
100009440,10004896,"LT 익스트림",0
100010059,10004957,"장애우용 플러스",0
100008366,10005041,"마제스티",0
100006900,10006578,2WD,0
100007081,10004872,"글라스밴 DLX",0
100012586,10008196,"d xDrive  M스포츠 리미티드",0
100011355,10010074,"75th 스페셜 에디션",0
100011331,10010074,"서밋",0
100011332,10010074,"오버랜드",0
100011333,10010074,"리미티드",0
100011334,10010075,"오버랜드",0
100011335,10010075,"리미티드",0
100013133,10010075,"라레도",0
100013569,10010075,"리미티드X",0
100013265,10010075,"서밋",0
100013134,10010077,SRT8,0
100010861,10010125,"5인",0
100010862,10010125,"7인",0
100010863,10010126,"5인",0
100010864,10010126,"7인",0
100010865,10010127,"5인",0
100010866,10010127,"7인",0
100010869,10010132,C-TECH,0
100010870,10010132,"PLUS C-TECH",0
100010871,10010133,GT,0
100010872,10010133,Cambiocorsa,0
100010881,10010137,"프레지던트",0
100010882,10010138,"노블레스",0
100010883,10010139,VIP,0
100012053,10010140,"장애인용",0
100012054,10010140,"택시렌터카",0
100008577,10004873,"코치 SUPER",0
100011595,10004876,"슈퍼",0
100011598,10004877,"슈퍼",0
100013370,10004887,"LPG 스페셜 고급형 드림넷",0
100008850,10004894,"LT 고급형",0
100010100,10004895,"LT 최고급형",0
100009989,10004896,"LTX 최고급형",0
100007517,10004898,"최고급형",0
100011970,10004906,"슈프림 블랙",0
100007861,10003940,JX,0
100007619,10003945,"프리미엄",0
100008862,10004140,LX,0
100009174,10004250,"월드컵",0
100008503,10004250,"최고급형",0
100007679,10004273,CLASSIC,0
100010779,10004568,"프레스티지",0
100013284,10004813,MK,0
100014095,10014323,W220,1
100016229,10015438,"스마트 셀렉션",1
100014104,10014325,W220,1
100014951,10015754,"슈퍼",1
100016355,10017187,"M 스포츠",1
100015017,10015779,"골드",1
100009272,10005420,"트라고",1
100014133,10014341,CC390,1
100007633,10005489,"프리미엄",1
100016082,10016904,"스마트",1
100014578,10015274,LT,1
100015455,10016348,"프레스티지",1
100015398,10016280,GLX,1
100015396,10016274,"프레스티지",1
100014672,10015541,"더쎈",1
100016296,10015545,"기본형",1
100016298,10015546,"기본형",1
100014665,10015435,"프레스티지",1
100014650,10015390,"기본형",1
100014648,10015389,"기본형",1
100014646,10015388,"기본형",1
100014644,10015387,"기본형",1
100014635,10015330,"5인승",1
100014613,10015311,A5,1
100015135,10015858,GLX,1
100014565,10015269,"스마트",1
100015137,10015859,GLX,1
100014560,10015268,"스마트",1
100009500,10003624,"스마트",1
100016481,10014167,"기본형",1
100016354,10017181,"기본형",1
100015395,10016272,"럭셔리",1
100014743,10015619,DLX,1
100007783,10003657,"GL 기본형",1
100015140,10015870,GL,1
100015393,10016236,"울트라",1
100014747,10015620,DLX,1
100007270,10003610,"럭셔리",1
100015389,10016207,"GX스페셜",1
100014754,10015621,DLX,1
100007343,10005217,"숏바디",1
100015383,10016199,"슈퍼",1
100015376,10016178,GLX,1
100015374,10016176,SDX,1
100011792,10012297,"CVX 디럭스",1
100015486,10016382,"프레스티지",1
100014762,10015627,"슈퍼",1
100016358,10014359,"플러스",1
100015372,10016175,GLX,1
100014590,10015289,"리미티드",1
100016194,10017012,"익스클루시브",1
100014979,10015760,"디럭스",1
100015343,10016118,"럭셔리",1
100015359,10016157,"골드",1
100015865,10016736,"에어",1
100014155,10014360,"모멘텀",1
100015358,10016155,"GX스페셜",1
100010384,10007247,"기본형",1
100011399,10011824,"디럭스",1
100015862,10016735,"에어",1
100014148,10014361,"모멘텀",1
100015355,10016154,GLX,1
100013929,10013491,"기본형",1
100016191,10017011,"익스클루시브",1
100015354,10016150,"럭셔리",1
100014768,10015654,"하이슈퍼",1
100014769,10015664,"하이슈퍼",1
100014550,10015264,"스마트",1
100014771,10015673,GL,1
100016188,10017010,"익스클루시브",1
100013817,10014055,"트렌디",1
100014774,10015674,GL,1
100016352,10017180,"에어",1
100011871,10003600,"기본형",1
100014779,10015677,GL,1
100007704,10004011,"CVX 디럭스",1
100016187,10017009,"익스클루시브",1
100014782,10015678,GL,1
100016432,10017346,"E-Value +",1
100014178,10014381,"프레스티지",1
100014786,10015679,GLS,1
100014787,10015681,GL,1
100014788,10015682,GL,1
100016027,10013782,"기본형",1
100015854,10016710,"럭셔리",1
100006964,10003607,"고급형",1
100014953,10015755,"골드",1
100013931,10014250,"럭셔리",1
100015493,10016389,GL,1
100014549,10015263,"모던",1
100014546,10015262,"스마트",1
100013967,10012903,"3세대",1
100014962,10015756,"골드",1
100015966,10016790,"2세대",1
100015972,10016791,"2세대",1
100015989,10016848,"노블레스 라이트",1
100015850,10016703,"디럭스",1
100014970,10015759,"골드",1
100013935,10014251,"디럭스",1
100011435,10011868,"스타일",1
100014668,10015436,"트렌디",1
100014968,10015758,"디럭스",1
100014967,10015757,"슈퍼",1
100014946,10015753,"골드",1
100014940,10015725,GX,1
100014938,10015722,GL,1
100014823,10015692,DLX,1
100014081,10007875,W220,1
100014934,10015715,LTD,1
100015565,10016418,"스마트",1
100015851,10005334,"마이티",1
100015965,10013871,"2세대",1
100010511,10004602,"기본형",1
100014051,10012942,"2세대",1
100015936,10010040,WK,1
100013961,10014099,"3세대",1
100014083,10007876,W220,1
100015341,10016108,"디럭스",1
100016238,10017055,"프레스티지",1
100015938,10010041,WK,1
100015940,10010042,WK2,1
100015915,10010043,WK2,1
100015918,10010044,WK2,1
100015921,10010046,WK,1
100015922,10010047,WK,1
100016227,10017054,"XLE ",1
100016219,10017044,R,1
100015923,10010048,ZJ,1
100014057,10014105,"2세대",1
100015925,10010049,WJ,1
100013986,10014125,"3세대",1
100015927,10010050,ZJ,1
100007095,10003500,"기본형",1
100007569,10003503,"탑",1
100016217,10017043,C,1
100015928,10010051,WK,1
100016019,10013780,"기본형",1
100015930,10010052,WK2,1
100016216,10017038,"3세대",1
100015931,10010053,WK2,1
100016203,10017013,"오버트레일",1
100015932,10010054,WK2,1
100007699,10003613,CVVL,1
100012281,10003514,"기본형",1
100015365,10016161,"럭셔리",1
100016025,10013781,"기본형",1
100015364,10016159,"슈퍼",1
100013978,10014275,"3세대",1
100013991,10014276,"3세대",1
100013997,10014278,"3세대",1
100014001,10014279,"3세대",1
100014010,10014280,"3세대",1
100014012,10014282,"3세대",1
100014058,10014291,"2세대",1
100014059,10014292,"2세대",1
100007805,10004424,"GLX 기본형",1
100014065,10014296,"2세대",1
100014068,10014297,"2세대",1
100014442,10015177,"9인승",1
100014069,10014298,"2세대",1
100014658,10015437,"프레스티지",1
100014843,10015695,GX,1
100015849,10016702,"디럭스",1
100015508,10016401,GL,1
100015878,10008450,"6세대",1
100015344,10016119,GX,1
100011359,10011785,"기본형",1
100011118,10011402,"럭셔리",1
100014092,10007883,W220,1
100013954,10010146,"1세대",1
100014852,10015696,GLX,1
100010925,10011019,"12인승",1
100015617,10016449,L,1
100014855,10015697,DLX,1
100013957,10010147,"3세대",1
100013958,10010148,"3세대",1
100016080,10016902,"스마트",1
100014034,10014285,"3세대",1
100014931,10015713,LTD,1
100014927,10015710,GLX,1
100014863,10015698,DLX,1
100013962,10010149,"1세대",1
100014923,10015709,GLX,1
100014916,10015705,DLX,1
100014903,10015704,DLX,1
100013965,10010155,"3세대",1
100013963,10010156,"3세대",1
100013973,10010157,"3세대",1
100013974,10010158,"3세대",1
100013979,10010160,"3세대",1
100013989,10010161,"3세대",1
100007344,10005219,"숏바디",1
100011384,10011819,"프레스티지",1
100015366,10016173,GLX,1
100015881,10008448,"6세대",1
100015757,10005325,"이스즈엘프",1
100012280,10012383,"기본형",1
100013489,10012100,"개인형",1
100011930,10003662,"기본형",1
100012208,10012360,"파이오니어 X",1
100012317,10012394,"기본형",1
100015605,10016444,L,1
100014007,10010162,"3세대",1
100016176,10017008,"익스클루시브",1
100014402,10015111,C6,1
100014407,10015115,8R,1
100013232,10011990,"트렌디",1
100011432,10011867,"프리미엄",1
100014876,10015699,DLX,1
100014298,10014642,"프로",1
100013618,10011825,"플래티넘",1
100014195,10011735,"9세대",1
100013998,10010166,"3세대",1
100015456,10016349,"럭셔리",1
100014895,10015703,DLX,1
100014883,10015701,GX,1
100007092,10003496,"기본형",1
100016182,10017007,"익스클루시브",1
100014002,10010167,"3세대",1
100014013,10010168,"2세대",1
100007453,10005299,"일반캡",1
100014035,10014286,"3세대",1
100011094,10005310,"단축",1
100014015,10010169,"3세대",1
100015000,10015775,"골드",1
100014016,10010170,"3세대",1
100008058,10003581,TXL,1
100008126,10003591,2.5,1
100014017,10010171,"3세대",1
100014018,10010172,"3세대",1
100014019,10010173,"3세대",1
100014020,10010174,"3세대",1
100014021,10010176,"3세대",1
100014024,10010179,"2세대",1
100014025,10010180,"2세대",1
100014026,10010181,"3세대",1
100014995,10015774,"골드",1
100014031,10010183,"3세대",1
100007701,10003622,CVVL,1
100015581,10016428,L,1
100014036,10010184,"3세대",1
100008695,10003582,DLX,1
100015963,10012623,"1세대",1
100015577,10016426,L,1
100014044,10010193,"2세대",1
100014235,10014434,"기본형",1
100007345,10005220,"숏바디",1
100008713,10003680,"E16 디럭스",1
100016013,10015195,"기본형",1
100014099,10007888,W220,1
100006932,10005498,"5인",1
100006933,10005499,"5인",1
100010809,10008212,i,1
100015848,10016701,"디럭스",1
100007444,10005260,"이동업무차량",1
100016345,10017168,"모던",1
100016351,10017167,"모던",1
100007449,10005295,"일반캡",1
100007236,10003509,"디럭스",1
100015847,10016700,"디럭스",1
100015351,10016143,"슈퍼",1
100016334,10017166,"모던",1
100016328,10017165,"모던",1
100016067,10013443,"기본형",1
100014054,10014096,"2세대",1
100015347,10016142,"디럭스",1
100010808,10008209,Li,1
100015346,10016140,L,1
100015345,10016139,L,1
100007149,10003889,"기본형",1
100011807,10012299,"CVX 디럭스",1
100011854,10003897,"CLX 디럭스",1
100016179,10017006,"익스클루시브",1
100010506,10004598,"기본형",1
100016173,10017005,"익스클루시브",1
100007782,10003647,GL,1
100015729,10015261,"모던 플러스",1
100015538,10016407,"모던",1
100016006,10016857,SV,1
100015339,10016107,"디럭스",1
100016031,10013784,"기본형",1
100014039,10012853,"3세대",1
100016509,10005327,"더 뉴 마이티",1
100013996,10013857,"3세대",1
100015337,10016105,"디럭스",1
100014220,10014402,"익스클루시브",1
100015630,10016463,L,1
100016327,10016101,"슈퍼",1
100015629,10016462,"스마트",1
100014046,10010194,"2세대",1
100014047,10010195,"2세대",1
100015962,10010196,"1세대",1
100016322,10017145,"2WD L3.5",1
100015974,10010198,"1세대",1
100014061,10010201,"2세대",1
100015334,10016099,"럭셔리",1
100016170,10017004,"익스클루시브",1
100016167,10017003,"익스클루시브",1
100016164,10017002,"익스클루시브",1
100016160,10016977,"브로엄 일반형",1
100016159,10016975,"럭셔리",1
100016152,10016968,"7인승",1
100014063,10010202,"2세대",1
100014067,10010203,"1세대",1
100014223,10014403,"익스클루시브",1
100014040,10010220,MK4,1
100014041,10010221,MK5,1
100014573,10015271,"소 시크",1
100007316,10005318,"마이티2",1
100010479,10007435,"프리미엄",1
100016146,10016967,"2WD  일반(5인승)",1
100015628,10016461,L,1
100011372,10011808,"프리미엄",1
100016134,10016950,"익스클루시브 EQ",1
100015846,10016699,"디럭스",1
100013906,10003615,"기본형",1
100007711,10003619,"디럭스",1
100015505,10016398,GL,1
100015973,10015252,"2세대",1
100007147,10003885,"기본형",1
100007634,10005490,"프리미엄",1
100016317,10017138,"3세대",1
100015332,10016097,"럭셔리",1
100015845,10016698,"디럭스",1
100016137,10013319,"기본형",1
100015834,10016697,"슈퍼",1
100013174,10011809,"프리미엄",1
100014325,10014871,"프리미엄",1
100014229,10014404,"익스클루시브",1
100014029,10014284,"3세대",1
100016131,10016948,E-Value+,1
100016003,10014522,HSE,1
100016004,10014519,HSE,1
100011382,10011812,"프리미엄",1
100016005,10014520,HSE,1
100013810,10014052,"라이트",1
100013678,10013904,"프레스티지",1
100014556,10014569,"스마트",1
100011023,10006887,"럭셔리 SWB",1
100015322,10016061,DLX,1
100014558,10014571,"스마트",1
100015876,10008446,"6세대",1
100014521,10015253,"트렌디",1
100013171,10012741,"모던",1
100016503,10008589,991,1
100016526,10017544,"에어",1
100014439,10015176,"9인승",1
100007579,10005316,"트라고 19톤",1
100014437,10015175,"11인승",1
100015833,10016696,"슈퍼",1
100014540,10015260,"프리미엄",1
100015860,10010887,"섬멈",1
100016445,10010903,"기본형",1
100010845,10005306,"단축",1
100016128,10016933,GL,1
100014283,10008341,"컴포트",1
100013829,10014053,"트렌디",1
100014185,10014385,S,1
100007766,10003651,"에센셜",1
100009078,10005417,"그랜토",1
100011924,10003661,"기본형",1
100014165,10010920,"기본형",1
100012061,10003675,"기본형",1
100011749,10003482,"기본형",1
100007268,10003510,"럭셔리",1
100013898,10003534,"기본형",1
100013915,10003594,"기본형",1
100015842,10016695,"디럭스",1
100007150,10003890,"기본형",1
100007243,10003907,"디럭스",1
100007277,10003908,"럭셔리",1
100014435,10015173,"7인승",1
100014226,10014401,"익스클루시브",1
100014405,10015109,C5,1
100013900,10007088,"기본형",1
100016124,10016932,"프레스티지",1
100010919,10011015,"25인승",1
100010920,10011016,"15인승",1
100014433,10015172,"3인승",1
100010922,10011017,"15인승",1
100014430,10015170,"11인승",1
100010924,10011018,"34인승",1
100013949,10014256,"스포츠 플러스",1
100015422,10016319,DLX,1
100015627,10016458,L,1
100013683,10013905,"노블레스 라이트",1
100013834,10014057,"트렌디",1
100010927,10011020,"25인승",1
100014286,10014625,"프레스티지",1
100007705,10004004,"CVX 럭셔리",1
100014519,10015251,"고급형",1
100015841,10016694,"디럭스",1
100014526,10015255,"리볼리",1
100015840,10016693,"디럭스",1
100015839,10016692,"디럭스",1
100015838,10016691,"디럭스",1
100007702,10004005,"CVX 디럭스",1
100014517,10015250,"프리미엄 플러스",1
100015778,10014517,"1세대",1
100015837,10016689,"투어",1
100010929,10011021,"25인승",1
100016121,10016931,"프레스티지",1
100013533,10011022,"20인승",1
100015809,10016666,E-Lite,1
100015830,10016688,"슈퍼",1
100013924,10004628,"기본형",1
100015829,10016687,"디럭스",1
100015626,10016457,L,1
100014670,10011023,"29인승",1
100016572,10016663,"기본형",1
100010933,10011024,"11인승",1
100015503,10016396,GL,1
100014139,10011037,"튜너 패키지",1
100014077,10007871,W220,1
100015624,10016456,"스마트",1
100015623,10016455,"스마트",1
100015622,10016454,L,1
100014144,10011041,"스포츠",1
100016117,10016927,"프레스티지",1
100013968,10014272,"3세대",1
100015621,10016453,L,1
100014053,10013868,"2세대",1
100015620,10016452,GL,1
100015502,10016395,GL,1
100013690,10013907,"노블레스",1
100007636,10005494,"프리미엄",1
100007118,10003669,"기본형",1
100013823,10014056,"트렌디",1
100007319,10003676,"밸류",1
100011367,10011807,"모던",1
100014524,10015254,"트렌디",1
100015773,10016639,"3세대",1
100014073,10007869,W220,1
100014085,10007877,W220,1
100013175,10011810,"프리미엄",1
100014987,10015773,"골드",1
100014005,10013922,"3세대",1
100011387,10011820,"럭셔리",1
100013697,10013924,"와일드",1
100011328,10008605,S,1
100006859,10004413,"11인 GX 하이리무진",1
100015321,10016060,"울트라",1
100011391,10011821,"프레스티지",1
100011840,10012300,"스마트",1
100011394,10011822,"프레스티지",1
100006971,10003670,"고급형",1
100014984,10015772,"슈퍼",1
100014136,10011043,"스마트",1
100016113,10016926,"프레스티지",1
100011845,10003898,"CLX 디럭스",1
100011397,10011823,"노블레스",1
100016112,10016925,"프레스티지",1
100014212,10014399,"트렌디",1
100015501,10016394,"스마트",1
100013981,10013849,"3세대",1
100013594,10011826,"플래티넘",1
100007609,10004634,"프레스티지",1
100014394,10014501,"기본형",1
100016009,10015193,"기본형",1
100015509,10016402,GL,1
100015311,10016053,DLX,1
100015309,10016052,DLX,1
100014515,10015242,TL5,1
100007120,10003672,"기본형",1
100011420,10011129,"오리지널",1
100006980,10003896,"고급형",1
100013591,10011827,"마스터즈",1
100015619,10016451,"스마트",1
100015913,10014690,"기본형",1
100013592,10011828,"마스터즈",1
100015498,10016393,"스마트",1
100011429,10011866,"프리미엄",1
100015510,10016403,GL,1
100015511,10016404,GL,1
100014333,10014778,"유로코치 STD",1
100015497,10016392,"스마트",1
100007140,10003877,"기본형",1
100013558,10011186,"기본형",1
100015777,10014516,"1세대",1
100015307,10016051,"울트라",1
100013899,10003517,"기본형",1
100007820,10003586,GV,1
100012301,10003595,"기본형",1
100007141,10003878,"기본형",1
100007342,10005216,"숏바디",1
100013892,10011188,"기본형",1
100015306,10016046,SDX,1
100013893,10011190,"기본형",1
100007142,10003879,"기본형",1
100014513,10015241,TL5,1
100015305,10016045,SDX,1
100013891,10011194,"기본형",1
100011443,10011871,"스마트",1
100007823,10003881,"GVS 기본형",1
100016520,10017540,"에어",1
100013570,10011872,"12인승",1
100015304,10016044,SDX,1
100011933,10003664,"VVT 레이싱 기본형",1
100015942,10014406,WK2,1
100015429,10016320,DLX,1
100015302,10016042,HGS,1
100015300,10016041,HGS,1
100013755,10013983,"37인승",1
100011017,10011202,"메가트럭",1
100013709,10013934,"와일드",1
100007570,10003909,"탑",1
100007713,10003910,"디럭스",1
100014182,10014384,S,1
100007714,10003911,"디럭스",1
100015618,10016450,L,1
100015248,10015994,"골드",1
100007961,10003912,"프리미엄",1
100007715,10003913,"디럭스",1
100015247,10015988,"GX스페셜",1
100015161,10015892,"디럭스",1
100011904,10009370,"기본형",1
100007181,10004415,"기본형",1
100015877,10014961,"6세대",1
100007314,10005294,"마이티2",1
100016206,10014060,"기본형",1
100015616,10016448,"모던플러스",1
100014416,10015162,"9인승",1
100013938,10014252,"디럭스",1
100007423,10003611,"엘레강스 스페셜",1
100013598,10003632,"스마트",1
100012282,10003515,"기본형",1
100015882,10008449,"6세대",1
100015879,10008451,"6세대",1
100007237,10003598,"디럭스",1
100007117,10003667,"기본형",1
100014419,10015163,"7인승",1
100014011,10014281,"3세대",1
100013992,10014277,"3세대",1
100013984,10013512,"3세대",1
100014216,10014400,"트렌디",1
100007271,10003677,"럭셔리",1
100013205,10012833,V1,1
100011438,10011869,"스마트",1
100015612,10016447,"스마트",1
100016391,10005337,"윙바디",1
100016158,10016312,GL,1
100013803,10014050,"라이트",1
100015449,10016335,"노블레스",1
100011841,10011878,"6인승 익스클루시브",1
100013840,10014058,"프레스티지",1
100016021,10015294,"기본형",1
100014118,10011880,"9인승 익스클루시브 듀얼선루프",1
100011052,10011321,"스마트",1
100013953,10014258,"기본형",1
100015607,10016446,GL,1
100011055,10011322,"프리미엄",1
100011028,10006889,"프리미엄 럭셔리 SWB",1
100015450,10016336,LTD,1
100014127,10011354,"7인승 2WD CVX 럭셔리",1
100013654,10013888,"기본형",1
100015606,10016445,GL,1
100015604,10016443,"스마트",1
100014071,10007868,W220,1
100015603,10016442,L,1
100014075,10007870,W220,1
100015602,10016441,"스마트",1
100007239,10003844,"디럭스",1
100012250,10005492,"일반형",1
100015598,10016439,"스마트",1
100014003,10011369,"3세대",1
100013993,10011373,"3세대",1
100015596,10016437,L,1
100015595,10016436,L,1
100015589,10016433,"스마트",1
100015588,10016431,"스마트",1
100011121,10011403,"럭셔리",1
100009290,10003678,"프리미어",1
100007358,10004633,"스마트",1
100016062,10013876,"기본형",1
100015585,10016430,"모던플러스",1
100015578,10016427,GL,1
100015575,10016424,"스마트",1
100007849,10003756,"i 기본형",1
100015574,10016423,L,1
100015494,10016390,GL,1
100015465,10016366,"럭셔리",1
100015967,10014947,"기본형",1
100011445,10011881,"스타일",1
100014232,10014410,"2.0수출형2WD",1
100011447,10011882,"스타일",1
100014198,10014396,"트렌디",1
100011450,10011883,"스마트",1
100011451,10011884,"스마트",1
100014175,10014367,"3세대",1
100014064,10014295,"2세대",1
100007962,10003914,"프리미엄",1
100015826,10016686,"슈퍼",1
100015825,10016685,"디럭스",1
100015433,10016323,GLX,1
100015129,10015855,DLX,1
100015823,10016681,"스마트",1
100015435,10016329,GX,1
100014420,10015164,"9인승",1
100010731,10009472,"프리미엄",1
100016065,10011937,"기본형",1
100014421,10015165,"3인승",1
100011477,10011968,"에센셜",1
100007847,10003754,"i 기본형",1
100014422,10015166,"3인승",1
100014604,10015302,"오버랜드",1
100014427,10015169,"9인승",1
100015452,10016343,"스마트",1
100010457,10007386,M/T,1
100011486,10011988,"럭셔리",1
100014004,10011370,"3세대",1
100013980,10011371,"3세대",1
100014460,10015189,SE,1
100014100,10014324,W220,1
100013946,10014255,"기본형",1
100013896,10003530,"기본형",1
100007587,10003842,"트렌디",1
100007767,10003652,"에센셜",1
100013534,10011989,"트렌디",1
100011034,10006891,"프리미엄 럭셔리 LWB",1
100014735,10015615,"디럭스",1
100007716,10003915,"디럭스",1
100007905,10003916,"럭셔리",1
100015996,10016850,"프레스티지",1
100015993,10016849,"노블레스",1
100007786,10003964,GL,1
100015233,10015971,"디럭스",1
100011906,10009371,"기본형",1
100015222,10015967,"골드",1
100015220,10015964,"디럭스",1
100014098,10007887,W220,1
100015187,10015928,"럭셔리",1
100015880,10008447,"6세대",1
100014592,10015290,"에어",1
100010504,10007444,"럭셔리",1
100016023,10015295,"기본형",1
100012313,10012392,"기본형",1
100008974,10003679,"탑",1
100015530,10016405,"모던",1
100014602,10015301,"오버랜드",1
100015534,10016406,"모던",1
100013916,10003684,"기본형",1
100010734,10009475,"프리미엄",1
100013918,10003686,"기본형",1
100014608,10015308,V5,1
100007451,10005297,"일반캡",1
100015861,10010888,"섬멈",1
100007712,10003692,"디럭스",1
100014610,10015309,V7,1
100006996,10004265,"고급형",1
100014611,10015310,V1,1
100016300,10015547,"기본형",1
100007788,10003668,"GL 기본형",1
100014023,10010177,"3세대",1
100007414,10006573,"에코부스트",1
100014585,10015287,"프리미엄",1
100011876,10003603,"기본형",1
100016302,10015548,"기본형",1
100011440,10011870,"스타일",1
100016074,10014477,E-Value+,1
100007452,10005298,"일반캡",1
100014766,10015653,"슈퍼",1
100007241,10003903,"디럭스",1
100013217,10012836,V1,1
100007143,10003880,"기본형",1
100014791,10015683,GL,1
100015546,10016409,"모던",1
100015550,10016410,"모던",1
100014797,10015686,GL,1
100016071,10014374,"기본형",1
100014799,10015687,GL,1
100014801,10015689,DLX,1
100011902,10009369,"기본형",1
100016373,10015923,GL,1
100007635,10005493,"프리미엄",1
100014582,10015275,"액티브",1
100013572,10011873,"12인승",1
100015166,10015893,"디럭스",1
100015453,10016344,"슈퍼",1
100015155,10015890,"디럭스",1
100007232,10004646,"다이나믹",1
100007645,10004647,"하이테크",1
100015148,10015889,"골드",1
100011910,10009372,"기본형",1
100011912,10009373,"기본형",1
100014815,10015691,DLX,1
100016383,10005314,"파비스 5.5톤",1
100011908,10009379,"기본형",1
100015436,10016330,GLX,1
100015146,10015886,"슈퍼",1
100010485,10007437,"프리미엄",1
100014510,10015240,T5,1
100015776,10014515,"1세대",1
100014087,10007879,W220,1
100007479,10003599,"장애인용",1
100007269,10003596,"럭셔리",1
100013908,10003606,"기본형",1
100016537,10017552,"3인승",1
100011490,10011992,"럭셔리",1
100007301,10005319,"마이티",1
100007116,10003666,"기본형",1
100013700,10013925,"와일드",1
100006965,10003608,"고급형",1
100014412,10015127,8J,1
100007618,10003906,"프리미엄",1
100013985,10014124,"3세대",1
100014411,10015126,8J,1
100013969,10012857,"3세대",1
100016414,10007238,"기본형",1
100013995,10014126,"3세대",1
100014189,10008815,"8세대",1
100007151,10003891,"기본형",1
100014060,10010199,"2세대",1
100007700,10003620,CVVL,1
100014006,10014127,"3세대",1
100015336,10016103,"디럭스",1
100014410,10015125,8J,1
100010376,10003638,"기본형",1
100013209,10012834,V1,1
100013873,10014151,"와일트트랙",1
100010380,10003640,"기본형",1
100014119,10004006,"11인승 2WD HVX 프리미엄",1
100011520,10012021,"스타일",1
100015779,10016641,"1세대",1
100015794,10016650,GL,1
100015774,10016640,"3세대",1
100007800,10003649,"GLS DLX",1
100013994,10012947,"3세대",1
100006846,10003650,"1.5 EL",1
100016015,10015196,"기본형",1
100014193,10008817,"8세대",1
100015948,10013855,"기본형",1
100014151,10014358,"모멘텀",1
100012060,10012340,"기본형",1
100011916,10009380,"기본형",1
100012082,10012349,"노블레스 스페셜",1
100016395,10005333,"윙바디",1
100015440,10016331,GLX,1
100012204,10012359,"파이오니어 X",1
100014000,10014164,"3세대",1
100015142,10015873,GLX,1
100015107,10015846,L,1
100014191,10008816,"8세대",1
100014425,10015168,"7인승",1
100015230,10015968,"디럭스",1
100015775,10014944,"3세대",1
100015985,10016847,"노블레스 라이트",1
100007144,10003882,"기본형",1
100008177,10003511,"개인용",1
100015984,10016840,GL,1
100015982,10016838,GL,1
100007093,10003497,"기본형",1
100015769,10016622,"기본형",1
100008178,10003518,"개인용",1
100011517,10012020,"스타일",1
100015981,10016837,GL,1
100013966,10011374,"3세대",1
100014431,10015171,"9인승",1
100013538,10012022,"스타일",1
100015123,10015854,DLX,1
100015116,10015853,DLX,1
100007112,10003573,"기본형",1
100009842,10003592,TX,1
100007781,10003574,GL,1
100007284,10004653,"럭셔리",1
100007795,10003575,GLS,1
100006858,10003577,"1.8 TXL",1
100015109,10015852,DLX,1
100015240,10015979,"럭셔리",1
100007733,10003578,DOHC,1
100011108,10005335,"라이노",1
100015557,10016414,GL,1
100014079,10007873,W140,1
100014089,10007881,W220,1
100015241,10015983,"럭셔리",1
100014094,10007884,W220,1
100008787,10003583,GV,1
100013715,10013939,"익스클루시브",1
100015768,10016616,"모던",1
100013902,10014220,"스타일",1
100007113,10003584,"기본형",1
100016500,10014169,"2WD 디젤",1
100007119,10003671,"기본형",1
100007736,10003588,"DOHC 기본형",1
100011918,10003682,"탑",1
100011536,10012097,"스페셜",1
100015765,10016600,"프리미엄",1
100015763,10016599,"프리미엄",1
100015761,10016598,"프리미엄",1
100007821,10003589,"GV 기본형",1
100014048,10014287,"2세대",1
100007145,10003883,"기본형",1
100014294,10003917,"2WD CLX",1
100015759,10016597,"프리미엄",1
100015756,10016574,"익스클루시브",1
100015755,10016573,"익스클루시브",1
100015752,10016572,"익스클루시브",1
100015751,10016571,"아방가르드",1
100015506,10016399,GL,1
100015977,10013076,"기본형",1
100015750,10016568,"수출형",1
100015746,10016563,"1인승",1
100011543,10012102,"프리미엄",1
100013951,10014257,"스포츠 플러스",1
100013922,10009413,"탑",1
100014126,10009415,"2WD CVX 럭셔리",1
100007094,10003499,"기본형",1
100007568,10003502,"탑",1
100015734,10016559,"인스퍼레이션",1
100015735,10016558,"프레스티지",1
100015733,10016557,"모던",1
100015732,10016556,"모던",1
100014163,10010917,"기본형",1
100015678,10016519,"디럭스",1
100007114,10003609,"일반형",1
100014594,10015291,"에어",1
100015507,10016400,GL,1
100013712,10013936,"익스클루시브",1
100007097,10003505,"기본형",1
100010378,10003639,"기본형",1
100014030,10013729,"3세대",1
100015714,10016551,GT,1
100015711,10016549,"기본형",1
100007098,10003506,"기본형",1
100012284,10003516,"기본형",1
100006966,10003614,"고급형",1
100013907,10003616,"기본형",1
100015717,10016552,"트로페오",1
100007787,10003665,"GL 기본형",1
100015707,10016544,GLX,1
100013959,10014271,"3세대",1
100014049,10014288,"2세대",1
100014677,10015226,"1인승 트렌디",1
100016011,10015194,"기본형",1
100007100,10003512,"기본형",1
100015102,10015841,"디럭스",1
100014414,10015161,"7인승",1
100014409,10015124,8J,1
100014408,10015116,8R,1
100013894,10003528,"기본형",1
100013895,10003529,"기본형",1
100015795,10016651,GL,1
100016144,10012169,"기본형",1
100015025,10015788,"밴",1
100015919,10014262,WK2,1
100015796,10016652,GL,1
100014245,10014475,E-Lite,1
100014392,10014457,B8,1
100015692,10016535,"슈퍼",1
100015800,10016653,T5,1
100008347,10005258,"롱바디",1
100014445,10014178,"2WD 프레스티지 캠퍼 4인승",1
100013976,10014273,"3세대",1
100014401,10015110,C6,1
100015473,10016370,"프레스티지",1
100011738,10003484,"기본형",1
100014208,10014398,"트렌디",1
100007084,10003485,"기본형",1
100009331,10004116,"Di SLX",1
100011025,10006888,"프리미엄 럭셔리 SWB",1
100011030,10006890,"프리미엄 럭셔리 SWB",1
100016380,10017244,"에어",1
100011036,10006892,"슈퍼스포츠 SWB",1
100011746,10003486,"기본형",1
100015941,10014190,WK2,1
100014403,10015108,C5,1
100011754,10003487,"T 2.7 고급형",1
100013977,10014274,"3세대",1
100015369,10016174,LTD,1
100014399,10015106,8T3,1
100015700,10016526,GLX,1
100007085,10003489,"기본형",1
100014570,10015270,"소 시크",1
100015961,10014289,"1세대",1
100007086,10003490,"기본형",1
100007115,10003659,"기본형",1
100013550,10013298,"기본형",1
100007087,10003491,"기본형",1
100015442,10016332,"럭셔리",1
100007088,10003492,"기본형",1
100014187,10014386,HSE,1
100014552,10015267,"스마트",1
100014188,10014387,"X-다이나믹 SE",1
100015496,10016391,GL,1
100013911,10014230,GTX,1
100014398,10015100,8P,1
100015696,10016524,GLX,1
100015681,10016522,"럭셔리",1
100007089,10003493,"기본형",1
100016002,10014521,HSE,1
100007148,10003886,"기본형",1
100015689,10016520,DLX,1
100015243,10015987,GX,1
100015680,10016518,GLX,1
100015677,10016517,"럭셔리",1
100007090,10003494,"기본형",1
100015676,10016516,"디럭스",1
100014050,10014290,"2세대",1
100016197,10013108,"기본형",1
100011380,10011811,"프리미엄",1
100015945,10013853,"기본형",1
100015946,10013854,"기본형",1
100014507,10015239,T5,1
100015671,10016515,DLX,1
100007121,10003685,"기본형",1
100013941,10014253,"프레스티지",1
100013927,10014249,"디럭스",1
100015443,10016333,DLX,1
100014395,10015099,8L,1
100014204,10014397,"트렌디",1
100015444,10016334,DLX,1
100014322,10014870,"프리미엄",1
100013705,10013933,"와일드",1
100007731,10003475,DOHC,1
100015917,10015079,WK2,1
100016530,10017550,"스마트",1
100015664,10016514,DLX,1
100010509,10004599,"기본형",1
100007774,10003476,EXE,1
100008650,10004931,"플러스",1
100007732,10003477,DOHC,1
100014393,10015075,C5,1
100008010,10003478,SOCIAL,1
100015808,10016656,TL7,1
100015663,10016513,SDX,1
100007083,10003479,"기본형",1
100015504,10016397,GL,1
100013847,10013459,"기본형",1
100011735,10003480,"기본형",1
100007096,10003501,"기본형",1
100014331,10014874,"프리미엄",1
100007340,10005214,"숏바디",1
100007315,10005300,"마이티2",1
100015956,10016773,"3세대",1
100014491,10015236,"N Line 퍼포먼스",1
100015955,10016772,"3세대",1
100011742,10003481,"기본형",1
100015954,10016771,"3세대",1
100015947,10016761,"기본형",1
100013901,10007089,"기본형",1
100015909,10016755,"기본형",1
100015662,10016510,"스마트",1
100007238,10003674,"디럭스",1
100013897,10003533,"기본형",1
100013849,10013460,"기본형",1
100009554,10003655,"1.5 스페셜",1
100015916,10010045,WK2,1
100016199,10013838,"기본형",1
100013851,10013461,"기본형",1
100015661,10016509,"스타일",1
100014391,10015074,B8,1
100010474,10007434,"스마트",1
100015317,10016057,"울트라",1
100014778,10015676,GL,1
100015906,10016753,"기본형",1
100007703,10004010,"CVX 디럭스",1
100013769,10013986,"37인승",1
100007617,10003904,"프리미엄",1
100015318,10016058,DLX,1
100016288,10017101,"에어",1
100014600,10015300,"리미티드",1
100016135,10016672,"기본형",1
100013944,10014254,"M 스포츠",1
100013970,10012943,"3세대",1
100013138,10008626,"기본형",1
100013983,10012944,"3세대",1
100015943,10004007,2WD,1
100014320,10014858,"15인승",1
100015542,10016408,"모던",1
100016360,10014362,"울트라",1
100015454,10016345,"슈퍼",1
100013772,10013995,"플래티넘",1
100010730,10009471,"고급형",1
100014080,10007874,W140,1
100015904,10016752,"기본형",1
100014390,10015073,B8,1
100015813,10016667,E-Lite,1
100014543,10015265,"스마트",1
100010702,10009507,PE,1
100010482,10007436,"프리미엄",1
100013785,10013996,"플래티넘",1
100014389,10015072,B8,1
100016285,10017100,"에어",1
100014388,10015071,B8,1
100007612,10003597,"기본형",1
100016281,10017091,"슈퍼",1
100015654,10016504,L,1
100016097,10016751,"도이치 에디션",1
100015901,10016750,"기본형",1
100015897,10016749,"기본형",1
100016029,10013783,"기본형",1
100016099,10016748,"기본형",1
100006978,10003892,"고급형",1
100015894,10016747,T1,1
100016141,10013800,"기본형",1
100010709,10009509,SE,1
100014387,10015065,C6,1
100015653,10016503,L,1
100015650,10016502,GL,1
100016308,10017135,"퍼스트에디션",1
100015649,10016501,GL,1
100014386,10015064,C7,1
100014385,10015063,"수출형",1
100014487,10015235,"프리미엄",1
100015328,10016082,"럭셔리",1
100015401,10016281,"GX스페셜",1
100007242,10003905,"디럭스",1
100014379,10015030,"기본형",1
100015888,10016744,"기본형",1
100011894,10003590,"기본형",1
100014377,10015029," 프리미엄 럭셔리 플래티넘",1
100011927,10003663,"기본형",1
100015421,10016318,GLX,1
100016201,10013837,"기본형",1
100007450,10005296,"일반캡",1
100014358,10014988,"모멘텀",1
100015329,10016084,"럭셔리",1
100007146,10003884,"기본형",1
100013960,10014019,"3세대",1
100013982,10014020,"3세대",1
100013635,10007388,"영업용",1
100015803,10016654,T7,1
100014249,10014476,E-Lite,1
100008747,10003579,GLS,1
100013714,10013938,"익스클루시브",1
100015648,10016500,GL,1
100012291,10012384,"기본형",1
100015631,10016473,"디럭스",1
100016063,10013960,"기본형",1
100012293,10012385,"기본형",1
100013975,10010159,"3세대",1
100014078,10007872,W220,1
100010459,10007398,M/T,1
100014101,10007878,W220,1
100014103,10007880,W220,1
100014090,10007882,W220,1
100014096,10007885,W220,1
100016569,10017600,"기본형",1
100014291,10007976,"11인승",1
100014483,10015234,"프리미엄",1
100010817,10008213,i,1
100009648,10003504,"영업용 개인형",1
100014572,10014990,"그랜드 시크",1
100015872,10016738,"라이트",1
100013536,10011991,"트렌디",1
100012298,10012387,"일반형",1
100013751,10013982,"37인승",1
100015402,10016283,GLX,1
100015568,10016419,"스타일",1
100016276,10017077,"다이내믹",1
100016273,10017076,"다이내믹",1
100015964,10016788,"2세대",1
100012304,10012388,"기본형",1
100007274,10003843,"럭셔리",1
100014052,10014120,"2세대",1
100012306,10012389,"기본형",1
100006977,10003888,"고급형",1
100016440,10017348,E-Lite,1
100012308,10012390,"기본형",1
100013763,10013984,"37인승",1
100012310,10012391,"기본형",1
100011873,10003601,"기본형",1
100013926,10004645,"기본형",1
100013766,10013985,"37인승",1
100012315,10012393,"기본형",1
100008342,10005215,"롱바디",1
100013800,10014049,"라이트",1
100007580,10005317,"트라고 20.5톤",1
100014180,10014383,S,1
100007646,10004649,"하이테크",1
100015331,10016086,"슈퍼",1
100013806,10014051,"라이트",1
100015960,10016787,"2세대",1
100012320,10012395,"기본형",1
100011528,10012052,"럭셔리 I",1
100007091,10003495,"기본형",1
100015883,10016745,"기본형",1
100013972,10013511,"3세대",1
100013990,10013513,"3세대",1
100013999,10013514,"3세대",1
100014328,10014873,"프리미엄",1
100014463,10009636,"티타늄",1
100016265,10017067,"기본형",1
100013964,10010154,"3세대",1
100016263,10017066,"M 스포츠 프로",1
100016261,10017065,"M 스포츠",1
100014465,10009638,"티타늄",1
100013925,10004631,"기본형",1
100014097,10007886,W220,1
100016058,10012595,C7,1
100015420,10016313,"프레스티지",1
100015404,10016286,GL,1
100007240,10003902,"디럭스",1
100011691,10003962,"GL 기본형",1
100016081,10016903,"스마트",1
100016060,10012596,C7,1
100014055,10010197,"2세대",1
100013971,10013630,"3세대",1
100011649,10004268,"최고급형",1
100007383,10004266,"스페셜",1
100016079,10016901,"스마트",1
100015868,10016737,"라이트",1
100011799,10012298,"CVX 디럭스",1
100007099,10003508,"기본형",1
100013213,10012835,V1,1
100015009,10015777,"골드",1
100016043,10016878,L,1
100016257,10017061,"와일드",1
100016254,10017060,"와일드",1
100016408,10005336,"윙바디",1
100014124,10004009,2WD,1
100007476,10005488,"일반형",1
100016033,10016871,"기본형",1
100016008,10016859,"슈퍼",1
100016007,10016858,"오토바이오그래피",1
100016017,10013779,"기본형",1
100015392,10016221,"울트라",1
100015390,10016220,DLX,1
100016251,10017059,"와일드",1
100016248,10017058,"와일드",1
100016245,10017057,MX,1
100006972,10003673,"고급형",1
100015386,10016206,GLX,1
100015385,10016203,"럭셔리",1
100015384,10016202,"럭셔리",1
100015405,10016299,"슈퍼",1
100014586,10015288,"프리미엄",1
100016242,10017056,MX,1
100015407,10016300,"슈퍼",1
100016435,10017347,E-Lite,1
100015920,10014085,WK2,1
100016046,10009837,C4,1
100014652,10014092,"기본형",1
100015408,10016302,"슈퍼",1
100014457,10015186,SE,1
100015413,10016303,"슈퍼",1
100016091,10016486,"스타일",1
100016051,10009838,C4,1
100015382,10016198,"슈퍼",1
100014454,10015183,"트렌드",1
100015414,10016310,"디럭스",1
100015636,10016481,"디럭스",1
100014451,10015180,"트렌드",1
100015634,10016479,"스타일",1
100014443,10015178,"7인승",1
100015378,10016197,"골드",1
100015933,10010038,WJ,1
100015934,10010039,WK,1
100015377,10016188,"슈퍼",1
100014912,10015704,"GX고급",10
100014872,10015698,"GX고급",10
100009907,10004005,"2WD 어린이보호차 CVX 럭셔리",10
100011893,10003589,"엘레강스 스페셜 슈퍼형 모젠팩",10
100010816,10008212,"d xDrive 인디비주얼",10
100013527,10012360,"파워리프 프레스티지",10
100012324,10004006,"4WD 리무진",10
100013522,10012359,"파워리프 노블레스",10
100010234,10004265,"LPI 최고급형 럭셔리",10
100010758,10004004,"4WD CVX 럭셔리",10
100014832,10015692,"GX고급",10
100016211,10014060,"K-에디션20",10
100011587,10003502,"모젠팩",10
100009742,10003596,"F24S 프리미어",10
100010203,10003754,"w 럭셔리",10
100014810,10015689,"GLX세이프티",10
100011366,10009509,"SE(택시형)",10
100010759,10004004,"4WD CVX 프리미엄",11
100010993,10008212,"Li M 스포츠",11
100010229,10003754,"w 럭셔리 팬시팩(1)",11
100013528,10012360,"파워리프 노블레스",11
100014811,10015689,"LTD세이프티",11
100014913,10015704,"GLX세이프티",11
100011588,10003502,"모젠 메모리팩",11
100011883,10003596,"F24S 프리미어 고급",11
100014833,10015692,"GLX세이프티",11
100014873,10015698,"GLX세이프티",11
100010765,10004005,"4WD CVX 디럭스",11
100014874,10015698,"LTD세이프티",12
100014834,10015692,"LTD세이프티",12
100010766,10004005,"4WD CVX 럭셔리",12
100011820,10004004,"4WD 스마트",12
100012591,10008212,"i M스포츠",12
100014914,10015704,"LTD세이프티",12
100014835,10015692,TOP,13
100010767,10004005,"4WD CVX 프리미엄",13
100011046,10004004,"4WD 모던",13
100013863,10008212,"Li xDrive",13
100014915,10015704,TOP,13
100014875,10015698,TOP,13
100011047,10004004,"4WD 모던 스페셜",14
100011057,10004005,"4WD 스마트",14
100010760,10004004,"4WD HVX VIP팩",15
100011048,10004005,"4WD 모던",15
100011050,10004004,"어린이보호차",16
100011049,10004005,"4WD 모던 스페셜",16
100011065,10004005,"4WD 어린이보호차 CVX 럭셔리",17
100008315,10003496,"럭셔리",2
100007361,10003514,"스마트팩",2
100008092,10003650,"1.5 ELS",2
100011921,10003659,"고급형",2
100008185,10003667,"고급형",2
100009621,10003599,"밸류",2
100009145,10005297,"슈퍼캡",2
100011925,10003661,"고급형",2
100008299,10003499,"디럭스",2
100008306,10004633,"디럭스",2
100009143,10005295,"슈퍼캡",2
100016392,10005337,"냉동윙바디",2
100011743,10003481,"고급형",2
100011849,10003896,"최고급형",2
100010875,10003530,"스페셜",2
100011934,10003664,"VVT 레이싱 고급형",2
100011460,10005494,"세이프티팩",2
100008976,10003914,"탑",2
100008290,10004634,"노블레스",2
100008679,10004010,"CVX 럭셔리",2
100007583,10004645,"트랜디",2
100008314,10003495,"럭셔리",2
100008300,10003508,"디럭스",2
100008736,10003668,"GL 고급형",2
100008203,10003883,"고급형",2
100008494,10003892,"최고급형",2
100011022,10007088,"스페셜",2
100011005,10007089,"스페셜",2
100009146,10005298,"슈퍼캡",2
100008597,10005316,"트라고 19.5톤",2
100008572,10005493,"컨피니언스팩",2
100007734,10003579,DOHC,2
100008490,10003670,"최고급형",2
100008491,10003673,"최고급형",2
100008680,10004011,"CVX 럭셔리",2
100011694,10003964,"GL 고급형",2
100008598,10005317,"트라고 24톤",2
100007308,10005327,"마이티",2
100011109,10005335,"메가트럭",2
100008316,10003509,"럭셔리",2
100008623,10003843,"프리미어",2
100009147,10005299,"슈퍼캡",2
100008164,10005498,"7인",2
100008424,10003685,"어드밴스팩",2
100007394,10004628,"스페셜",2
100008341,10005214,"롱바디",2
100013645,10005215,"롱바디 GOLD",2
100008727,10003611,"F24S 프리미어 블랙",2
100009371,10003651,GLS,2
100011898,10003591,"2.5 슈퍼형",2
100007322,10004631,"브라운",2
100007362,10003515,"스마트팩",2
100011869,10003610,"엘레강스 스페셜 고급형",2
100008411,10004266,"스페셜 럭셔리",2
100010014,10003592,TXL,2
100009090,10003598,"럭셔리",2
100007753,10003680,"E16 밸류",2
100011341,10007435,"밸류 플러스",2
100010483,10007436,"익스클루시브",2
100010486,10007437,"익스클루시브",2
100011931,10003662,"고급형",2
100016490,10005314,"메가트럭 7톤",2
100014597,10006573,"에코부스트 XLT",2
100011928,10003663,"고급형",2
100008898,10003916,"프리미어",2
100008099,10004413,"11인 GLX 하이리무진",2
100008943,10003652,"스페셜",2
100008202,10003882,"고급형",2
100008353,10005319,"마이티 II",2
100008616,10004653,"프레스티지",2
100016413,10007238,"아트컬렉션II",2
100011035,10006891,"포트폴리오 LWB",2
100014295,10003917,"2WD MLX",2
100007719,10004116,"Di JR",2
100016409,10005336,"냉장윙바디",2
100007957,10003624,"프리미어",2
100008715,10005300,"e-마이티",2
100006847,10003655,"1.5 ELS",2
100014072,10007868,W140,2
100014082,10007875,W140,2
100013905,10003614,"기본형",2
100010846,10005306,"중축",2
100014313,10008212,"i 코퍼레이트",2
100007409,10003516,"알칸타라팩",2
100008204,10003884,"고급형",2
100011846,10003898,"MLX 럭셔리",2
100008343,10005216,"롱바디",2
100008344,10005217,"롱바디",2
100008345,10005219,"롱바디",2
100007306,10005325,"마이티",2
100011095,10005310,"중축",2
100010460,10007398,A/T,2
100008768,10003674,"골드 기본형",2
100008165,10005499,"7인",2
100011717,10003503,"탑 모젠팩",2
100010877,10003533,"컬렉션",2
100011872,10003600,"고급형",2
100011852,10003897,"MLX 럭셔리",2
100008346,10005220,"롱바디",2
100010746,10008341,"다이나믹",2
100008205,10003885,"고급형",2
100014316,10008209,LiS,2
100011901,10003584,"세이프티팩",2
100008302,10003676,"디럭스",2
100008264,10003607,"고급형 세이프티팩",2
100011026,10006888,"프리미엄 럭셔리 LWB",2
100008651,10003500,"플러스팩",2
100012302,10003595,"고급형",2
100011874,10003601,"고급형",2
100007075,10005492,"고급형",2
100014074,10007869,W140,2
100008186,10003669,"고급형",2
100014120,10004006,"11인승 2WD HVX VIP팩0",2
100009411,10003756,"i 디럭스",2
100008305,10003842,"디럭스",2
100008714,10005294,"e-마이티",2
100011877,10003603,"고급형",2
100008852,10003619,"럭셔리",2
100014086,10007877,W140,2
100006967,10003615,"고급형",2
100008320,10003903,"럭셔리",2
100010878,10003534,"컬렉션",2
100010507,10004598,"그린존",2
100011919,10003657,"GL 고급형",2
100010132,10003677,"월드컵 스페셜 에디션",2
100016396,10005333,"냉동윙바디",2
100015852,10005334,"e 마이티",2
100016040,10014386,"X-다이나믹 HSE",2
100008735,10003665,"GL 고급형",2
100010510,10004599,"브라운존",2
100011752,10003482,"고급형",2
100011868,10003606,"세이프티팩",2
100009305,10004931,"플러스 Art",2
100008400,10003501,"스마트팩",2
100008587,10003502,"탑 메모리팩",2
100009115,10003511,"모범형",2
100008206,10003886,"고급형",2
100015944,10004007,4WD,2
100014292,10007976,"13인승",2
100011895,10003590,"고급형",2
100008321,10003905,"럭셔리",2
100009909,10003504,"영업용 모범형",2
100008187,10003671,"고급형",2
100008262,10005488,"고급형",2
100007410,10003517,"알칸타라팩",2
100006968,10003616,"고급형",2
100014125,10004009,4WD,2
100013287,10008605,"S 블랙 에디션",2
100015980,10005420,"파비스",2
100008567,10005489,"컨비니언스팩",2
100008493,10003888,"최고급형",2
100008716,10005318,"e-마이티",2
100011029,10006889,"프리미엄 럭셔리 LWB",2
100014315,10008213,"i xDrive",2
100010885,10005490,"세이프티",2
100010662,10008589,997,2
100008681,10004004,"CVX 프리미엄",2
100008678,10004005,"CVX 럭셔리",2
100008208,10003890,"고급형",2
100010148,10003962,"GL 고급형",2
100014190,10008815,"9세대",2
100011878,10003596,"럭셔리 고급",2
100008198,10003877,"고급형",2
100008199,10003878,"고급형",2
100008200,10003879,"고급형",2
100008201,10003880,"고급형",2
100008790,10003881,"GVS 고급형",2
100008209,10003891,"고급형",2
100008628,10003908,"프리미어",2
100009442,10003911,"럭셔리",2
100008854,10003913,"럭셔리",2
100008319,10003844,"럭셔리",2
100011907,10009371,"튜익스 에디션II",2
100008188,10003672,"고급형",2
100010011,10003678,"탑",2
100007613,10003679,"프리미어",2
100013917,10003684,"이지팩",2
100013919,10003686,"어드밴스팩",2
100008853,10003692,"럭셔리",2
100011769,10003754,"i 디럭스",2
100011911,10009372,"튜익스 에디션I",2
100011913,10009373,"튜익스 에디션II",2
100008329,10003510,"럭셔리 스마트팩",2
100007735,10003582,DOHC,2
100009996,10003608,"고급형 세이프티팩",2
100013910,10003609,"고급형",2
100013597,10003632,"모던",2
100010377,10003638,"스페셜",2
100010379,10003639,"스페셜",2
100010381,10003640,"스페셜",2
100008748,10003647,GLS,2
100008763,10003649,"골드",2
100014194,10008817,"9세대",2
100011909,10009379,"튜익스 에디션II",2
100011917,10009380,"튜익스 에디션II",2
100008771,10003573,"골든팩",2
100008743,10003574,"GL DLX",2
100008120,10003577,"2.0 TXL",2
100008744,10003578,"GL DLX",2
100007724,10003583,DLX,2
100008984,10003586,TXL,2
100011887,10003588,"DOHC 고급형",2
100011888,10003589,"GV 고급형",2
100014192,10008816,"9세대",2
100008401,10003505,"스마트팩",2
100011336,10003506,"모젠팩",2
100008301,10003512,"디럭스",2
100009116,10003518,"모범형",2
100010873,10003528,"컬렉션",2
100010874,10003529,"컬렉션",2
100014093,10007883,W140,2
100011739,10003484,"고급형",2
100008918,10003485,SE,2
100011747,10003486,"고급형",2
100011756,10003487,"T 2.7 럭셔리 고급형",2
100008180,10003489,"고급형",2
100008181,10003490,"고급형",2
100008182,10003491,"고급형",2
100008183,10003492,"고급형",2
100008184,10003493,"고급형",2
100013139,10008626,"에디션",2
100008298,10003475,"디럭스",2
100008986,10003477,V6,2
100009073,10003478,"골드",2
100008270,10003479,"골드",2
100011736,10003480,"고급형",2
100008586,10003906,"탑",2
100010732,10009472,"컨비니언스",2
100010703,10009507,SE,2
100010710,10009509,LE,2
100010458,10007386,A/T,2
100014474,10009415,"4WD CVX 모던",2
100014464,10009636,"티타늄 플러스",2
100014466,10009638,"티타늄 플러스",2
100010385,10007247,"스페셜",2
100016047,10009837,C5,2
100016052,10009838,C5,2
100015935,10010039,WK2,2
100015937,10010040,WK2,2
100015924,10010048,WK,2
100015926,10010049,WK,2
100015929,10010051,WK2,2
100011033,10006890,"R-Sport SWB",2
100013955,10010146,"2세대",2
100013988,10010161,"2세대",2
100014008,10010162,"2세대",2
100014014,10010169,"2세대",2
100014027,10010181,"2세대",2
100014032,10010183,"2세대",2
100014037,10010184,"2세대",2
100014045,10010193,"1세대",2
100008207,10003889,"고급형",2
100014062,10010201,"1세대",2
100014066,10010203,"2세대",2
100014042,10010221,MK6,2
100016446,10010903,"모멘텀",2
100014164,10010917,"R-디자인",2
100014166,10010920,"R-디자인",2
100010921,10011016,"25인승",2
100010923,10011017,"25인승",2
100010926,10011019,"15인승",2
100010928,10011020,"29인승",2
100010930,10011022,"25인승",2
100010932,10011023,"39인승",2
100011356,10011024,"15인승",2
100014140,10011037,"스타일",2
100014145,10011041,"스포츠 프리미엄",2
100014137,10011043,"모던",2
100010982,10011129,"익스트림 셀렉션",2
100010999,10011186,"스페셜",2
100011000,10011188,"스페셜",2
100011001,10011190,"스페셜",2
100011003,10011194,"스페셜",2
100016405,10011202,"냉동윙바디",2
100011053,10011321,"프리미엄",2
100011056,10011322,"밸류 플러스",2
100014128,10011354,"7인승 2WD 모던",2
100011122,10011403,"프라임",2
100011024,10006887,"럭셔리 LWB",2
100011360,10011785,"고급형",2
100011373,10011808,"익스클루시브",2
100011378,10011810,"익스클루시브",2
100013176,10011811,"익스클루시브",2
100013178,10011812,"익스클루시브",2
100014076,10007870,W140,2
100011385,10011819,"노블레스",2
100011388,10011820,"프레스티지",2
100011392,10011821,"노블레스 스페셜",2
100011395,10011822,"노블레스",2
100011398,10011823,"노블레스 스페셜",2
100011402,10011825,"플래티넘Ⅰ",2
100011404,10011826,"플래티넘Ⅰ",2
100011408,10011827,"마스터즈 Ⅱ",2
100011430,10011866,"프리미엄 스페셜",2
100011433,10011867,"프리미엄 스페셜",2
100011439,10011869,"모던",2
100011441,10011870,"스마트",2
100013615,10011872,"12인승 4WD",2
100011842,10011878,"6인승 익스클루시브 듀얼선루프",2
100011446,10011881,"스마트",2
100011448,10011882,"스마트",2
100016066,10011937,"온라인 익스클루시브 에디션",2
100011487,10011989,"럭셔리",2
100011489,10011991,"럭셔리",2
100011368,10011807,"프리미엄",2
100011409,10011828,"마스터즈 Ⅱ",2
100011436,10011868,"스마트",2
100014115,10011880,"6인승 익스클루시브",2
100011495,10011992,"프레스티지",2
100013540,10012022,"모던",2
100013170,10012020,"스마트 초이스",2
100011521,10012021,"스마트",2
100011529,10012052,"럭셔리 II",2
100013490,10012100,"모범형",2
100016145,10012169,"온라인 익스클루시브 에디션",2
100016198,10013108,"프리미엄",2
100014168,10013925,"어드밴스",2
100016028,10013782,"스포츠 패키지",2
100014173,10013934,"어드밴스",2
100013718,10013938,"프레스티지",2
100016064,10013960,"온라인 익스클루시브 에디션",2
100013750,10013982,"41인승",2
100013754,10013983,"41인승",2
100013762,10013984,"41인승",2
100013801,10014049,"에어",2
100014102,10007878,W140,2
100016030,10013783,"스포츠 패키지",2
100016202,10013837,"프리미엄",2
100015951,10013854,"스포츠",2
100013835,10014057,"프레스티지",2
100013841,10014058,"노블레스",2
100013928,10014249,"프레스티지",2
100013932,10014250,"프레스티지",2
100013936,10014251,"럭셔리",2
100016072,10014374,"50주년 에디션",2
100010512,10004602,"스페셜",2
100011800,10012298,"CVX 럭셔리",2
100011808,10012299,"CVX 럭셔리",2
100015949,10013855,"스포츠",2
100014634,10014403,"르블랑",2
100014257,10014520,"오토바이오그래피",2
100014258,10014521,"오토바이오그래피",2
100014557,10014569,"스마트 초이스",2
100014056,10010197,"1세대",2
100014559,10014571,"스마트 초이스",2
100014642,10014642,"프로 라이트",2
100015914,10014690,"파크레인 에디션",2
100014334,10014778,"유로코치 BIZ",2
100014321,10014858,"20인승",2
100014323,10014870,"익스클루시브",2
100014332,10014874,"익스클루시브",2
100015968,10014947,"라이트",2
100014415,10015161,"9인승",2
100014417,10015162,"11인승",2
100016421,10015163,"9인승",2
100015952,10013853,"스포츠",2
100016420,10015165,"5인승",2
100016422,10015166,"5인승",2
100014461,10015189,SEL,2
100016012,10015194,"플러스",2
100016016,10015196,"플러스",2
100014561,10015268,"모던",2
100014587,10015288,"노블레스",2
100016024,10015295,"스포츠 패키지",2
100014601,10015300,"서밋 리저브",2
100014603,10015301,"리미티드",2
100014605,10015302,"서밋 리저브",2
100016301,10015547,"프리미엄",2
100016303,10015548,"프리미엄",2
100014767,10015653,"하이슈퍼",2
100014798,10015686,GLS,2
100014802,10015689,GX,2
100014816,10015691,GX,2
100012205,10012359,"파이오니어 S",2
100012209,10012360,"파이오니어 S",2
100015978,10013076,"다이나믹",2
100016032,10013784,"스포츠 패키지",2
100014932,10015713,TOP,2
100014963,10015756,"디럭스",2
100014971,10015759,"디럭스",2
100012292,10012384,"고급형",2
100012294,10012385,"고급형",2
100012299,10012387,"개인형",2
100012305,10012388,"고급형",2
100012307,10012389,"고급형",2
100012311,10012391,"고급형",2
100012314,10012392,"고급형",2
100012316,10012393,"고급형",2
100012318,10012394,"고급형",2
100012321,10012395,"고급형",2
100016059,10012595,C8,2
100016061,10012596,C8,2
100011119,10011402,"프라임",2
100013172,10012741,"프리미엄",2
100013214,10012835,V3,2
100014022,10010176,"2세대",2
100013210,10012834,V3,2
100016200,10013838,"프리미엄",2
100011376,10011809,"익스클루시브",2
100011400,10011824,"럭셔리",2
100013218,10012836,V3,2
100014084,10007876,W140,2
100013206,10012833,V3,2
100013551,10013298,"퍼스트 에디션",2
100016138,10013319,"아세토 피오라노",2
100013879,10013443,"온라인 익스클루시브 에디션",2
100013848,10013459,"스포츠팩",2
100013850,10013460,"스포츠팩",2
100013852,10013461,"스포츠팩",2
100016136,10016672,"아세토 피오라노",2
100009144,10005296,"슈퍼캡",2
100013636,10007388,"장애인용",2
100012309,10012390,"고급형",2
100013930,10013491,"온라인 익스클루시브 에디션",2
100016018,10013779,"스포츠 패키지",2
100016020,10013780,"스포츠 패키지",2
100016026,10013781,"스포츠 패키지",2
100011330,10007444,"트랜디",2
100013655,10013888,"헤리티지 디자인 에디션",2
100013679,10013904,"노블레스",2
100013691,10013907,"시그니처",2
100014169,10013924,"어드밴스",2
100014171,10013933,"어드밴스",2
100016207,10014060,"에디션",2
100013939,10014252,"럭셔리",2
100007267,10005417,"라이노",2
100011037,10006892,"슈퍼스포츠 LWB",2
100014088,10007879,W140,2
100013773,10013995,"베스트 셀렉션 Ⅰ",2
100011488,10011990,"럭셔리",2
100013811,10014052,"에어",2
100013830,10014053,"프레스티지",2
100013818,10014055,"프레스티지",2
100013824,10014056,"프레스티지",2
100014149,10014361,"인스크립션",2
100014633,10014402,"르블랑",2
100013804,10014050,"에어",2
100013874,10014151,"랩터",2
100016482,10014167,"블랙",2
100014446,10014178,"2WD 프레스티지 캠퍼 11인승",2
100013912,10014230,VTX,2
100013942,10014253,"노블레스",2
100013947,10014255,"프로",2
100013950,10014256,"퍼스트 에디션",2
100013952,10014257,"퍼스트 에디션",2
100014091,10007882,W140,2
100011903,10009369,"튜익스 에디션I",2
100010735,10009475,"세이프티",2
100013943,10014254,"M 스포츠 프로",2
100014158,10014362,"인스크립션",2
100013867,10014092,"AMG 패키지",2
100014179,10014381,"프레스티지 스페셜",2
100014183,10014384,SE,2
100014186,10014385,SE,2
100014199,10014396,"프레스티지",2
100014205,10014397,"프레스티지",2
100014209,10014398,"프레스티지",2
100014213,10014399,"프레스티지",2
100014631,10014401,"르블랑",2
100010475,10007434,"모던",2
100011478,10011968,"센서리",2
100012283,10012383,"고급형",2
100014278,10013939,E-Lite,2
100014632,10014404,"르블랑",2
100014236,10014434,"그란루쏘",2
100014242,10014475,"익스클루시브",2
100011905,10009370,"튜익스 에디션II",2
100015939,10010041,WK2,2
100014252,10014501,"AMG 라인",2
100014326,10014871,"익스클루시브",2
100014329,10014873,"익스클루시브",2
100014426,10015168,"9인승",2
100016014,10015195,"플러스",2
100016299,10015546,"프리미엄",2
100013768,10013986,"41인승",2
100014434,10015172,"5인승",2
100014436,10015173,"9인승",2
100014444,10015178,"9인승",2
100014452,10015180,"스포츠",2
100014455,10015183,"스포츠",2
100014458,10015186,SEL,2
100014378,10015029,"스포츠 플래티넘",2
100014380,10015030,"프리미엄 럭셔리 플래티넘",2
100014396,10015099,8P,2
100014404,10015108,C6,2
100014406,10015109,C6,2
100013684,10013905,"노블레스",2
100013807,10014051,"에어",2
100013903,10014220,"모던",2
100014256,10014519,"오토바이오그래피",2
100014440,10015176,"11인승",2
100014516,10015242,TL7,2
100014518,10015250,"익스클루시브 플러스",2
100014544,10015265,"모던",2
100016427,10015267,"모던 라이트",2
100014792,10015683,"L라이트",2
100014800,10015687,GLS,2
100016499,10014169,"2WD LPG",2
100014156,10014360,"인스크립션",2
100014479,10015226,"1인승 프레스티지",2
100016425,10015234,"에스",2
100016424,10015235,"에스",2
100016563,10015236,"N Line",2
100014508,10015239,T7,2
100014571,10015270,"그랜드 시크",2
100014574,10015271,"그랜드 시크",2
100014579,10015274,"프리미어",2
100014583,10015275,RS,2
100015859,10014477,"익스클루시브",2
100016010,10015193,"플러스",2
100014527,10015255,"트로카데로",2
100016496,10015260,"이-벨류 플러스",2
100014541,10015261,"프리미엄",2
100014547,10015262,"모던",2
100014551,10015264,"모던",2
100016320,10015287,"노블레스",2
100014591,10015289,"플래티넘",2
100014566,10015269,"모던",2
100014614,10015311,A7,2
100014645,10015387,"M 스포츠",2
100014647,10015388,"M 스포츠",2
100014649,10015389,"M 스포츠",2
100014651,10015390,"M 스포츠",2
100014666,10015435,"노블레스",2
100014669,10015436,"프레스티지",2
100016371,10015437,"베스트 셀렉션",2
100014661,10015438,"프레스티지",2
100014952,10015754,"하이슈퍼",2
100014736,10015615,"럭셔리",2
100014741,10015618,DLX,2
100014744,10015619,GX,2
100014748,10015620,GX,2
100014755,10015621,GX,2
100014763,10015627,"스마트",2
100014522,10015253,"프레스티지",2
100014636,10015330,"6인승",2
100014772,10015673,GLS,2
100014775,10015674,"L라이트",2
100014780,10015677,GLS,2
100014783,10015678,"L라이트",2
100014789,10015682,GLS,2
100014935,10015715,TOP,2
100016378,10016848,"베스트 셀렉션",2
100014824,10015692,GX,2
100014844,10015695,GLX,2
100014853,10015696,LTD,2
100014856,10015697,GX,2
100014864,10015698,GX,2
100011444,10011871,"모던",2
100013230,10011988,"트렌디",2
100011793,10012297,"CVX 럭셔리",2
100013776,10013996,"베스트 셀렉션 Ⅰ",2
100014877,10015699,GX,2
100014884,10015701,GLX,2
100014896,10015703,GX,2
100014514,10015241,TL7,2
100014904,10015704,GX,2
100014917,10015705,GX,2
100014924,10015709,"프레스티지",2
100014928,10015710,"프레스티지",2
100013573,10011873,"15인승",2
100014609,10015308,V7,2
100014939,10015722,GLS,2
100014941,10015725,GLX,2
100014947,10015753,"모던",2
100014969,10015758,"슈퍼",2
100016142,10013800,"온라인 익스클루시브 에디션",2
100014374,10013876,"온라인익스클루시브 에디션",2
100014954,10015755,"디럭스",2
100014980,10015760,"슈퍼",2
100015010,10015777,"모던",2
100015373,10016175,"GX스페셜",2
100015375,10016176,"GX스페셜",2
100015399,10016280,"GX스페셜",2
100015539,10016407,"스마트",2
100016085,10016903,"스마트 초이스",2
100011544,10012102,"익스클루시브",2
100015018,10015779,"모던",2
100015130,10015855,GLX,2
100015136,10015858,"프레스티지",2
100015138,10015859,"프레스티지",2
100015156,10015890,"슈퍼",2
100015162,10015892,"슈퍼",2
100016127,10016382,GL,2
100014246,10014476,"익스클루시브",2
100014287,10014625,"노블레스",2
100015244,10015987,"GX스페셜",2
100015316,10016057,DLX,2
100015319,10016058,"울트라",2
100015330,10016084,"프레스티지",2
100015342,10016108,"플러스",2
100015367,10016173,"GX스페셜",2
100015370,10016174,SDX,2
100015512,10016397,GLS,2
100015513,10016398,GLS,2
100013716,10013936,"프레스티지",2
100013765,10013985,"41인승",2
100014181,10014383,SE,2
100015403,10016283,"프레스티지",2
100015406,10016299,"스마트",2
100015409,10016302,"스마트",2
100015415,10016310,"럭셔리",2
100015451,10016336,"럭셔리",2
100015514,10016399,GLS,2
100015535,10016406,"스마트",2
100015543,10016408,"스마트",2
100015805,10016654,TV7,2
100015518,10016402,GLS,2
100015519,10016403,GLS,2
100015520,10016404,GLS,2
100015531,10016405,"스마트",2
100015547,10016409,"스마트",2
100015551,10016410,"스마트",2
100016533,10016556,"스마트",2
100016532,10016557,"스마트",2
100016534,10016616,"스마트",2
100015801,10016653,T7,2
100015806,10016655,TL5,2
100016359,10014359,"울트라",2
100014359,10014988,"인스크립션",2
100015418,10016312,"프레스티지",2
100015423,10016319,GLX,2
100015430,10016320,"GX스페셜",2
100015434,10016323,"프레스티지",2
100015437,10016330,LTD,2
100015441,10016331,SDX,2
100015445,10016334,GX,2
100016476,10016656,"벤 TV7",2
100014217,10014400,"프레스티지",2
100014525,10015254,"프레스티지",2
100014593,10015290,"어스",2
100016089,10016366,GL,2
100016044,10016370,GL,2
100015500,10016392,"스타일",2
100015499,10016393,"스타일",2
100016573,10016663,"블랙",2
100015810,10016666,"익스클루시브",2
100014259,10014522,"오토바이오그래피",2
100014428,10015169,"11인승",2
100014511,10015240,T7,2
100016297,10015545,"프리미엄",2
100015516,10016400,GLS,2
100015517,10016401,GLS,2
100015558,10016414,L,2
100015567,10016419,"스마트",2
100016090,10016535,"스마트",2
100015814,10016667,"익스클루시브",2
100016309,10017135,"나이트 골드",2
100015824,10016681,"프리미엄",2
100015827,10016686,"스페셜",2
100016022,10015294,"스포츠 패키지",2
100014985,10015772,"스마트",2
100014988,10015773,"모던",2
100014996,10015774,"디럭스",2
100015884,10016745,"하이트림",2
100015001,10015775,"디럭스",2
100015026,10015788,"비지니스",2
100015103,10015841,"럭셔리",2
100015110,10015852,GLX,2
100015117,10015853,GLX,2
100015124,10015854,GLX,2
100016377,10016847,"베스트 셀렉션",2
100015143,10015873,GX,2
100015147,10015886,"스마트",2
100015149,10015889,"디럭스",2
100015167,10015893,"슈퍼",2
100015480,10015923,"럭셔리",2
100015221,10015964,"슈퍼",2
100015223,10015967,"디럭스",2
100015231,10015968,"슈퍼",2
100015234,10015971,"슈퍼",2
100015994,10016849,"시그니처",2
100015997,10016850,"노블레스",2
100014612,10015310,V3,2
100015249,10015994,"슈퍼",2
100015301,10016041,SDX,2
100015303,10016042,SDX,2
100015308,10016051,"하이울트라",2
100015310,10016052,"울트라",2
100015312,10016053,"울트라",2
100015323,10016061,"울트라",2
100016092,10016086,"스마트",2
100015335,10016101,"스마트",2
100015338,10016105,"플러스",2
100015340,10016107,"플러스",2
100014595,10015291,"어스",2
100015348,10016142,"슈퍼",2
100015352,10016143,"스타일",2
100015356,10016154,"GX스페셜",2
100015360,10016157,"슈퍼",2
100015379,10016197,"스마트",2
100015387,10016206,"GX스페셜",2
100015391,10016220,"울트라",2
100016034,10016871,"트라이얼마스터 에디션",2
100016361,10016878,GL,2
100007623,10004268,"프리미엄",2
100016083,10016901,"디 에센셜",2
100008911,10004415,"R 스페셜",2
100008761,10004424,"GLX 최고급형",2
100016084,10016902,"디 에센셜",2
100015495,10016390,"GL라이트",2
100015579,10016427,L,2
100015587,10016430,"스마트",2
100015600,10016439,"스타일",2
100015615,10016447,"스타일",2
100015613,10016448,"스마트",2
100015625,10016456,"스타일",2
100015609,10016445,L,2
100015608,10016446,L,2
100016068,10016473,"L라이트",2
100016376,10016481,"L 라이트",2
100015651,10016502,L,2
100015660,10016509,"스마트",2
100015665,10016514,GLX,2
100015672,10016515,GX,2
100015682,10016518,GX,2
100015679,10016519,"럭셔리",2
100015691,10016520,"GX스페셜",2
100016108,10016522,"L라이트",2
100015697,10016524,"프레스티지",2
100015702,10016526,"프레스티지",2
100015708,10016544,GX,2
100015712,10016549,"M 스포츠",2
100015715,10016551,"모데나",2
100015736,10016558,"인스퍼레이션",2
100016318,10016559,"리무진",2
100015747,10016563,"2인승",2
100016133,10016571,"아방가르드 리미티드",2
100015753,10016572,"AMG Line",2
100016513,10016573,"AMG 라인",2
100015760,10016597,"스포츠",2
100015762,10016598,"스포츠",2
100015764,10016599,"스포츠",2
100015766,10016600,"스포츠",2
100015770,10016622,"M 스포츠",2
100016531,10017550,"모던",2
100015831,10016688,"스페셜",2
100015843,10016696,"스페셜",2
100015835,10016697,"스페셜",2
100015863,10016735,"어스",2
100015866,10016736,"어스",2
100015869,10016737,"에어",2
100015873,10016738,"에어",2
100015890,10016744,"런치팩",2
100015895,10016747,"언차티드 에디션",2
100016100,10016748,T1,2
100015898,10016749,"런치팩",2
100015902,10016750,"런치팩",2
100016098,10016751,"코오롱 어반에디션",2
100015905,10016752,"하이트림",2
100015907,10016753,"런치팩",2
100015910,10016755,"런치팩",2
100015950,10016761,"스포츠",2
100016086,10016904,"스마트 초이스",2
100016109,10016925,"노블레스",2
100016114,10016926,"노블레스",2
100016118,10016927,"노블레스",2
100016122,10016931,"노블레스",2
100016125,10016932,"노블레스",2
100016132,10016948,"익스클루시브",2
100016147,10016967,"2WD  일반(6인승)",2
100016153,10016968,"9인승",2
100016161,10016977,"브로엄 고급형",2
100016165,10017002,"프레스티지",2
100016168,10017003,"프레스티지",2
100016171,10017004,"프레스티지",2
100016174,10017005,"프레스티지",2
100016180,10017006,"프레스티지",2
100016183,10017007,"프레스티지",2
100016177,10017008,"프레스티지",2
100016186,10017009,"프레스티지",2
100016189,10017010,"프레스티지",2
100016192,10017011,"프레스티지",2
100016195,10017012,"프레스티지",2
100016204,10017013,"럭셔리",2
100016218,10017043,C2,2
100016220,10017044,R2,2
100016228,10017054,"XLE 프리미엄",2
100016239,10017055,"노블레스",2
100016243,10017056,"블랙 엣지",2
100016246,10017057,"블랙 엣지",2
100016250,10017058,"프레스티지",2
100016253,10017059,"프레스티지",2
100016255,10017060,"프레스티지",2
100016258,10017061,"프레스티지",2
100016262,10017065,"M 스포츠 프로",2
100016264,10017066,"M 스포츠 프로 블루 오닉스 에디션",2
100016274,10017076,"어드벤처",2
100016277,10017077,"어드벤처",2
100016286,10017100,"어스",2
100016289,10017101,"어스",2
100009071,10004265,"고급형 럭셔리",2
100016323,10017145,"2WD 디젤",2
100016329,10017165,"모던 플러스",2
100016335,10017166,"모던 플러스",2
100016341,10017167,"프리미엄",2
100016346,10017168,"모던 플러스",2
100016353,10017180,"어스",2
100016356,10017187,"M 스포츠 프로",2
100016381,10017244,"어스",2
100016433,10017346,"익스클루시브",2
100016436,10017347,"익스클루시브",2
100016441,10017348,"익스클루시브",2
100016521,10017540,"어스",2
100016527,10017544,"어스",2
100016536,10017552,"5인승",2
100016570,10017600,"스타일",2
100016324,10017145,"4WD 디젤",3
100011120,10011402,"마제스티",3
100014210,10014398,"시그니처",3
100013808,10014051,"어스",3
100013802,10014049,"어스",3
100013764,10013985,"44인승",3
100014567,10015269,"디 에센셜",3
100013761,10013984,"44인승",3
100014381,10015030,"스포츠 플래티넘",3
100013753,10013983,"44인승",3
100008696,10003588,"DLX 일반형",3
100008296,10005298,"더블캡",3
100014206,10014397,"시그니처",3
100015131,10015855,GX,3
100015125,10015854,GX,3
100011926,10003661,"최고급형",3
100008789,10003589,"GVS 기본형",3
100009503,10003578,"스페셜 에디션",3
100015807,10016655,TL7,3
100015754,10016572,"AMG Line 프리미어 스페셜",3
100009387,10003652,"골드",3
100015371,10016174,"GX스페셜",3
100016143,10013800,"퍼스트 에디션",3
100011932,10003662,"최고급형",3
100014637,10015330,"7인승",3
100015855,10015387,"스페셜 에디션",3
100011326,10008605,GTS,3
100013140,10008626,"플래티넘",3
100016139,10016559,"모빌리티 (영업용)",3
100008297,10005299,"더블캡",3
100016319,10016558,"리무진",3
100013579,10012835,"V3 스페셜",3
100013491,10012100,"VIP 패키지",3
100010055,10003504,"영업용 모범형 팩1",3
100014360,10014988,"R-디자인",3
100013289,10004931,"블랙 썸머 에디션",3
100015552,10016410,"스타일",3
100016478,10016656,"블랙 엣지",3
100013539,10012022,"스마트",3
100009325,10004011,"CVX 밸류",3
100011522,10012021,"프리미엄",3
100011081,10003505,"모젠팩",3
100011518,10012020,"스마트",3
100013627,10011992,"프레스티지 그래비티",3
100015713,10016549,"M 스포츠 프로",3
100015709,10016544,"GX스페셜",3
100016347,10017168,"프리미엄",3
100009267,10003510,"탑",3
100016284,10015390,"M 스포츠 프로 스페셜 에디션",3
100011493,10011990,"프레스티지",3
100009692,10003518,"팩키지1",3
100011843,10011878,"9인승 익스클루시브",3
100011410,10011828,"마스터즈 Ⅲ",3
100011374,10011808,"익스클루시브 스페셜",3
100014200,10014396,"노블레스",3
100011476,10004634,"수출형",3
100010992,10009415,"4WD CVX 럭셔리",3
100016039,10014385,"X-다이나믹 SE",3
100011494,10011991,"프레스티지",3
100011748,10003486,"밸류",3
100011755,10003487,"X 2.7 의전",3
100011929,10003663,"최고급형",3
100009151,10003492,"슈퍼형",3
100014184,10014384,"런치 에디션",3
100010065,10005294,"큐티",3
100015693,10016520,LTD,3
100015019,10015779,"슈퍼",3
100011479,10011968,"프로액티브",3
100016290,10017101,GT-line,3
100014116,10011880,"6인승 익스클루시브 듀얼선루프",3
100014459,10015186,"SEL 고급형",3
100014667,10015435,"시그니처",3
100011437,10011868,"모던",3
100009152,10003493,"슈퍼형",3
100011381,10011811,"익스클루시브 스페셜",3
100016107,10016519,"L라이트",3
100013571,10011872,"15인승",3
100011442,10011870,"모던",3
100011434,10011867,"익스클루시브",3
100011431,10011866,"익스클루시브",3
100015683,10016518,"GX스페셜",3
100016342,10017167,"인스퍼레이션",3
100014293,10003512,"럭셔리",3
100015673,10016515,"GX스페셜",3
100013940,10014252,"프레스티지",3
100011405,10011826,"플래티넘Ⅱ",3
100011403,10011825,"플래티넘Ⅱ",3
100014553,10015267,"모던",3
100011396,10011822,"노블레스 스페셜",3
100009645,10003475,"엑시모",3
100014159,10014362,"엑셀런스",3
100009019,10004413,"11인 프레지던트",3
100015666,10016514,GX,3
100008703,10003478,DOHC,3
100015659,10016509,"모던플러스",3
100010733,10009472,"세이프티",3
100010704,10009507,LE,3
100011770,10003754,"i 월드컵스페셜",3
100009065,10004415,"고급형",3
100009219,10003882,"최고급형",3
100010711,10009509,RE,3
100011389,10011820,"노블레스",3
100011386,10011819,"노블레스 스페셜",3
100014659,10015437,"노블레스",3
100015652,10016502,"L라이트",3
100014227,10014401,"프레스티지",3
100015857,10015239,"리미티드 블랙에디션",3
100011379,10011810,"프레스티지",3
100011377,10011809,"프레스티지",3
100008434,10003584,"월드컵",3
100016048,10009837,C6,3
100016053,10009838,C6,3
100016252,10017059,"블랙 엣지",3
100011369,10011807,"익스클루시브",3
100013956,10010146,"3세대",3
100015611,10016446,"L라이트",3
100016336,10017166,H-Pick,3
100013561,10011785,"스탠다드",3
100013987,10010161,"1세대",3
100014033,10010183,"1세대",3
100009217,10003879,"최고급형",3
100009474,10004424,President,3
100016330,10017165,"프리미엄",3
100016088,10016902,"인스퍼레이션",3
100014038,10010184,"1세대",3
100016528,10017544,"GT 라인",3
100014009,10010162,"1세대",3
100009142,10005489,"세이프티팩",3
100014043,10010221,MK7,3
100010931,10011022,"29인승",3
100014462,10015189,"SEL 고급형",3
100014253,10014501,"AMG 라인 런칭 에디션",3
100015566,10016419,"모던플러스",3
100016415,10016456,"프리미엄",3
100014141,10011037,"스마트",3
100013948,10014255,"프로 퍼스트 에디션",3
100014146,10011041,"스포츠 에센스 에디션",3
100015580,10016427,"L라이트",3
100011123,10011403,"마제스티",3
100014138,10011043,"프리미엄",3
100015592,10016430,"스타일",3
100013228,10011129,"7 DCT",3
100015614,10016448,"스타일",3
100009906,10004265,"스페셜",3
100013945,10014254,"M 스포츠 프로 퍼스트 에디션",3
100011054,10011321,"밸류 플러스",3
100015610,10016445,"L라이트",3
100014129,10011354,"7인승 2WD 하이루프 CVX 럭셔리",3
100011935,10003664,"VVT 레이싱 최고급형",3
100013719,10013939,"프레스티지",3
100015540,10016407,"스타일",3
100015368,10016173,"럭셔리",3
100011110,10005335,"노부스",3
100013904,10014220,"프리미엄",3
100016372,10015438,"베스트 셀렉션",3
100014447,10014178,"2WD 기타제조사",3
100016275,10017076,"익스트림",3
100015400,10016280,"럭셔리",3
100013933,10014250,"노블레스",3
100014150,10014361,"R-디자인",3
100014742,10015618,"럭셔리",3
100009323,10004005,"CVX 밸류",3
100015853,10005334,"올 뉴 마이티",3
100015523,10016402,L,3
100009211,10003667,"최고급형",3
100013825,10014056,"노블레스",3
100014745,10015619,GLX,3
100014749,10015620,GLX,3
100014756,10015621,"GX스페셜",3
100008423,10003515,"알칸타라팩",3
100015410,10016302,"스타일",3
100014224,10014403,"프레스티지",3
100016428,10016666,"N Line 익스클루시브",3
100014397,10015099,8V,3
100013831,10014053,"노블레스",3
100013819,10014055,"노블레스",3
100016249,10017058,"블랙 엣지",3
100014237,10014434,"그란스포츠",3
100014247,10014476,"익스클루시브 플러스",3
100016397,10005333,"냉장윙바디",3
100008754,10003964,GLS,3
100014764,10015627,"스타일",3
100008913,10003624,"로얄",3
100010555,10005318,"e-마이티 큐티",3
100015529,10016403,"GL라이트",3
100013812,10014052,"어스",3
100014981,10015760,"하이슈퍼",3
100009363,10003611,"F24S 프리미어 블랙 세이프티팩",3
100014817,10015691,"GX스페셜",3
100014857,10015697,"GX스페셜",3
100016406,10011202,"냉장윙바디",3
100008093,10003655,"1.5 ELS 스페셜",3
100015522,10016400,L,3
100015353,10016143,"플러스",3
100014773,10015673,"GL라이트",3
100013774,10013995,"마스터즈",3
100015528,10016401,"GL라이트",3
100009094,10004633,"럭셔리",3
100015559,10016414,"L라이트",3
100014776,10015674,L,3
100014480,10015226,"1인승 프레스티지 스페셜",3
100015524,10016404,L,3
100013836,10014057,"노블레스",3
100014781,10015677,"GL라이트",3
100014790,10015682,"GL라이트",3
100014277,10013938,"영업용",3
100014955,10015755,"모던",3
100011449,10011882,"모던",3
100015990,10016848,"노블레스",3
100016240,10017055,"시그니처",3
100014456,10015183,"티타늄",3
100014964,10015756,"슈퍼",3
100016430,10016667,"N Line 익스클루시브",3
100014484,10015234,"익스클루시브",3
100014948,10015753,"슈퍼",3
100014942,10015725,"GX스페셜",3
100016488,10015722,"스마트 샐렉션",3
100015532,10016405,"스타일",3
100013767,10013986,"44인승",3
100014936,10015715,"LTD고급",3
100014933,10015713,"LTD고급",3
100013698,10013924,"프레스티지",3
100014845,10015695,"프레스티지",3
100014854,10015696,SDX,3
100014453,10015180,"티타늄",3
100013706,10013933,"프레스티지",3
100014929,10015710,LTD,3
100014918,10015705,GLX,3
100014324,10014870,"캘리그래피",3
100013692,10013907,"플래티넘",3
100015544,10016408,"스타일",3
100013685,10013905,"시그니처",3
100014905,10015704,GLX,3
100016221,10017044,T,3
100015998,10016850,"렌터카 프레스티지",3
100009268,10003502,"탑 프리미엄팩",3
100014488,10015235,"익스클루시브",3
100013680,10013904,"렌터카 스탠다드",3
100011491,10011988,"프레스티지",3
100008942,10003651,"스페셜",3
100013805,10014050,"어스",3
100011492,10011989,"프레스티지",3
100013777,10013996,"마스터즈",3
100014878,10015699,GLX,3
100011401,10011824,"프레스티지",3
100010582,10007976,"14인승",3
100016574,10016654,"TV7 밴",3
100013701,10013925,"프레스티지",3
100016479,10013461,"블랙",3
100016480,10013460,"블랙",3
100014106,10013298,"골든썬더 에디션",3
100008585,10005417,"타이탄",3
100016087,10016901,"인스퍼레이션",3
100015548,10016409,"스타일",3
100013580,10012836,"V3 스페셜",3
100014897,10015703,"GX스페셜",3
100014885,10015701,"프레스티지",3
100008487,10003616,"최고급형",3
100016205,10017013,VIP,3
100016278,10017077,"익스트림",3
100015245,10015987,LTD,3
100016196,10017012,"캘리그래피",3
100011421,10005493,"세이프티팩",3
100016193,10017011,"캘리그래피",3
100016522,10017540,"GT 라인",3
100016410,10005336,"냉동윙바디",3
100013578,10012834,"V3 스페셜",3
100016190,10017010,"캘리그래피",3
100016185,10017009,"캘리그래피",3
100010513,10004602,"브라운존",3
100016178,10017008,"캘리그래피",3
100016310,10017135,"하이글로스 쉐도우 라인",3
100014575,10015271,"루브르 에디션",3
100013577,10012833,"V3 스페셜",3
100014825,10015692,GLX,3
100016184,10017007,"캘리그래피",3
100012312,10012391,"슈퍼형",3
100009888,10003599,"디럭스",3
100015716,10016551,"GT 타입 P",3
100016181,10017006,"캘리그래피",3
100014986,10015772,"하이슈퍼",3
100011038,10006892,"얼티밋 LWB",3
100016508,10005314,"마이티 8톤",3
100014989,10015773,"슈퍼",3
100014580,10015274,"액티브",3
100016175,10017005,"캘리그래피",3
100009063,10004266,"고급형",3
100016172,10017004,"캘리그래피",3
100016489,10005310,"장축",3
100014296,10003917,"2WD SLX",3
100014997,10015774,"슈퍼",3
100014327,10014871,"캘리그래피",3
100016169,10017003,"캘리그래피",3
100009374,10003668,"GLS 기본형",3
100015446,10016334,"GX스페셜",3
100016166,10017002,"캘리그래피",3
100008358,10005325,"마이티 II",3
100016148,10016967,"2WD  특수(6인승)",3
100014121,10004006,"11인승 2WD 모던 스페셜0",3
100010480,10007435,"익스클루시브",3
100010476,10007434,"프리미엄",3
100015011,10015777,"슈퍼",3
100014243,10014475,"익스클루시브 플러스",3
100016126,10016932,"시그니처",3
100015828,10016686,"골드",3
100012322,10012395,"슈퍼형",3
100013249,10004645,"스페셜",3
100015885,10016745,T1,3
100012319,10012394,"슈퍼형",3
100012300,10012387,"모범형",3
100011853,10003897,"MLX 프리미어",3
100014260,10014522,SV,3
100016123,10016931,"시그니처",3
100016038,10014383,"X-다이나믹 SE",3
100008294,10005296,"더블캡",3
100014784,10015678,L,3
100015802,10016653,"블랙에디션",3
100009095,10003509,"럭셔리 스마트팩",3
100016119,10016927,"시그니처",3
100015002,10015775,"모던",3
100014972,10015759,"모던",3
100014523,10015253,"시그니처",3
100011744,10003481,"슈퍼형",3
100009213,10003671,"최고급형",3
100015027,10015788,"어드벤처",3
100016115,10016926,"시그니처",3
100009222,10003885,"최고급형",3
100010487,10007437,"익스클루시브 스페셜",3
100014542,10015261,"인스퍼레이션",3
100016110,10016925,"시그니처",3
100011899,10003591,"2.5 최고급형",3
100011031,10006890,"프리미엄 럭셔리 LWB",3
100015111,10015852,GX,3
100013913,10014230,LTX,3
100010818,10008213,Li,3
100012303,10003595,"슈퍼형",3
100009210,10003607,"최고급형",3
100010876,10003530,"컬렉션",3
100009273,10005317,"트라고 25톤",3
100015118,10015853,GX,3
100013710,10013934,"프레스티지",3
100011923,10003659,"슈퍼형",3
100011847,10003898,"MLX 프리미어",3
100011875,10003601,"슈퍼형",3
100012210,10012360,"프로페셔널 X",3
100012062,10003496,"슈퍼형",3
100009504,10003579,"스페셜 에디션",3
100010747,10008341,"프리미엄",3
100009093,10003842,"럭셔리",3
100008486,10003615,"최고급형",3
100009212,10003669,"최고급형",3
100015986,10016847,"노블레스",3
100014276,10013936,"영업용",3
100010508,10004598,"레드존",3
100009293,10003903,"프리미어",3
100008749,10003657,"GLS 기본형",3
100013749,10013982,"44인승",3
100012206,10012359,"프로페셔널 X",3
100014548,10015262,"인스퍼레이션",3
100015144,10015873,"GX스페셜",3
100008295,10005297,"더블캡",3
100014865,10015698,GLX,3
100008791,10003592,GX,3
100015911,10016755,"라이트",3
100016442,10017348,"N Line 익스클루시브",3
100015150,10015889,"슈퍼",3
100014230,10014404,"프레스티지",3
100009373,10003665,"GLS 기본형",3
100015908,10016753,"플러스 라이트",3
100009015,10003650,"1.5 ELS DUX",3
100015958,10016752,"프롤로그 에디션",3
100009691,10003511,"팩키지1",3
100015163,10015892,"스마트",3
100013488,10003499,"디럭스 모젠팩",3
100015903,10016750,"라이트",3
100014153,10014359,"모멘텀",3
100008422,10003514,"알칸타라팩",3
100014803,10015689,GLX,3
100009810,10003911,"프리미어",3
100015185,10015923,"디럭스",3
100015979,10013076,"스페셜 에디션",3
100014793,10015683,L,3
100014562,10015268,"디 에센셜 라이트",3
100015900,10016749,"라이트",3
100016393,10005337,"냉장윙바디",3
100016437,10017347,"N Line 익스클루시브",3
100014606,10015302,"서밋 리저브 엠버 펄 코트",3
100015224,10015967,"모던플러스",3
100016494,10005306,"장축",3
100010484,10007436,"익스클루시브 스페셜",3
100016101,10016748,"T1 언테임드 에디션",3
100015856,10005316,"파비스 17톤",3
100010068,10003677,"파이브 밀리언",3
100015896,10016747,"하이랜드 에디션",3
100011016,10005300,"올뉴마이티",3
100015995,10016849,"시그니처 블랙",3
100016259,10017061,"블랙 엣지",3
100008484,10003608,"최고급형",3
100015892,10016744,"플러스 라이트",3
100014588,10015288,"더 블랙",3
100016434,10017346,"프레스티지",3
100015858,10015240,"리미티드 블랙에디션",3
100014925,10015709,LTD,3
100011383,10011812,"익스클루시브 스페셜",3
100015874,10016738,"어스",3
100015235,10015971,"스마트",3
100015969,10014947,"런치 팩",3
100015870,10016737,"어스",3
100015250,10015994,"스마트",3
100014028,10010181,"1세대",3
100009467,10003619,"프리미어",3
100015867,10016736,"GT 라인",3
100009221,10003884,"최고급형",3
100014596,10015291,"GT Line",3
100011027,10006888,"다이아몬드 리미티드 에디션",3
100015864,10016735,"GT 라인",3
100009225,10003891,"최고급형",3
100015424,10016319,GX,3
100014335,10014778,"유로코치 LUX",3
100009647,10003610,"엘레강스 스페셜 최고급형",3
100014330,10014873,"캘리그래피",3
100010505,10007444,"에이스",3
100014288,10014625,"노블레스 그래비티",3
100008884,10003756,"n 밸류",3
100015313,10016053,"하이울트라",3
100016078,10014571,"법인전용",3
100015320,10016058,"하이울트라",3
100015157,10015890,"플러스",3
100016077,10014569,"법인전용",3
100011896,10003590,"슈퍼형",3
100016073,10014477,"익스클루시브 플러스",3
100009294,10003905,"프리미어",3
100008291,10005420,"뉴파워텍",3
100009392,10003674,"골드 고급형",3
100016215,10014060,"에디션 1",3
100014314,10008212,"i xDrive",3
100014221,10014402,"프레스티지",3
100015836,10016697,"골드",3
100015844,10016696,"골드",3
100009223,10003889,"최고급형",3
100010761,10004004,"기본형",3
100008360,10005327,"마이티 II",3
100009324,10004010,"CVX 밸류",3
100015832,10016688,"골드",3
100016256,10017060,"블랙 엣지",3
100009118,10003501,"모젠팩",3
100011809,10012299,"CVX 밸류",3
100016493,10008815,"9세대 EX-L",3
100014218,10014400,"시그니처",3
100011801,10012298,"CVX 밸류",3
100009215,10003877,"최고급형",3
100015349,10016142,"스타일",3
100009220,10003883,"최고급형",3
100009216,10003878,"최고급형",3
100009341,10005319,"e 마이티",3
100009218,10003880,"최고급형",3
100015431,10016320,LTD,3
100009403,10003881,"GVS 최고급형",3
100015357,10016154,"럭셔리",3
100014157,10014360,"R-디자인",3
100009224,10003890,"최고급형",3
100016287,10017100,GT-line,3
100015361,10016157,"스마트",3
100015515,10016399,"GL라이트",3
100009469,10003913,"프리미어",3
100013937,10014251,"프레스티지",3
100014654,10015265,"모던 N Line",3
100009957,10003596,"Elegance Special",3
100009186,10003843,"익스트림",3
100009292,10003844,"프리미어",3
100015380,10016197,"플러스",3
100014214,10014399,"시그니처",3
100013868,10014092,"AMG 패키지 플러스",3
100008431,10003598,"엘레강스 스페셜",3
100009214,10003672,"최고급형",3
100008333,10003678,"럭셔리 블랙",3
100009483,10003680,"S16 럭셔리",3
100015388,10016206,"럭셔리",3
100008690,10004116,"Di MR",3
100008293,10005295,"더블캡",3
100013842,10014058,"노블레스 그래비티",3
100009468,10003692,"프리미어",3
100010663,10008589,996,3
100008885,10003609,"디럭스",3
100009382,10003647,"GLS DLX",3
100016035,10016871,"필드마스터 에디션",3
100008485,10003614,"최고급형",3
100016260,10016622,"M 스포츠 프로",3
100015438,10016330,SDX,3
100007799,10003962,"GLS 기본형",3
100016382,10017244,"GT 라인",3
100009401,10003583,GVS,3
100015536,10016406,"스타일",3
100011794,10012297,"CVX 밸류",3
100011462,10007437,"1 밀리언 얼티밋",4
100013215,10012835,V5,4
100009728,10004005,"CVX 프리미엄",4
100014563,10015268,"디 에센셜",4
100015411,10016302,"프리미엄",4
100013914,10014230,STX,4
100015447,10016334,LTD,4
100015537,10016406,"프리미엄",4
100016045,10004424,"기본형",4
100016365,10014871,"아너스",4
100014228,10014401,"캘리그라피",4
100015526,10016402,"L라이트",4
100014297,10003917,"2WD 수출형",4
100015527,10016404,"L라이트",4
100016362,10014870,"아너스",4
100015533,10016405,"프리미엄",4
100015549,10016409,"프리미엄",4
100009804,10003669,NYMPH,4
100014244,10014475,"프레스티지",4
100009803,10003667,NYMPH,4
100015798,10016653,TV5,4
100015804,10016654,"블랙에디션",4
100014238,10014434,"GT 베이스",4
100014231,10014404,"캘리그라피",4
100014219,10014400,"그래비티",4
100011943,10003883,"스타일팩 기본형",4
100015425,10016319,"GX스페셜",4
100015432,10016320,SDX,4
100014215,10014399,"그래비티",4
100009727,10003616,CVVL,4
100014211,10014398,"그래비티",4
100015439,10016330,"프레스티지",4
100014207,10014397,"그래비티",4
100016474,10016655,"벤 TV5",4
100014201,10014396,"노블레스 그래비티",4
100013832,10014053,"노블레스 그래비티",4
100011936,10003664,"DOHC 레이싱 기본형",4
100014222,10014402,"캘리그라피",4
100014777,10015674,GLS,4
100013813,10014052,"GT Line",4
100014154,10014359,"인스크립션",4
100011500,10011992,"노블레스",4
100011683,10003509,"럭셔리 알칸트라팩",4
100007588,10005420,"파워텍",4
100013843,10014058,"시그니처",4
100013826,10014056,"노블레스 그래비티",4
100013820,10014055,"노블레스 그래비티",4
100012063,10003496,"고급형",4
100015812,10016666,"N Line",4
100014512,10015240,TX,4
100015525,10016400,"L라이트",4
100013837,10014057,"노블레스 그래비티",4
100010053,10004265,"스페셜 럭셔리",4
100013778,10013996,"베스트 셀렉션 Ⅱ",4
100013775,10013995,"베스트 셀렉션 Ⅱ",4
100015816,10016667,"N Line",4
100013760,10013986,"47인승",4
100016398,10005333,"보냉윙바디",4
100013699,10013924,"노블레스",4
100014520,10013905,"시그니처 스페셜",4
100013681,10013904,"렌터카 트렌디",4
100011096,10005310,"초장축",4
100013219,10012836,V5,4
100016394,10005337,"보냉윙바디",4
100013702,10013925,"노블레스",4
100013211,10012834,V5,4
100013207,10012833,V5,4
100014147,10011041,"N Line",4
100014990,10015773,"스마트",4
100011083,10005295,"중축",4
100014998,10015774,"플러스",4
100011375,10011808,"프레스티지",4
100015003,10015775,"슈퍼",4
100015012,10015777,"스마트",4
100011539,10011809,"인스퍼레이션",4
100016321,10015288,"써밋",4
100014919,10015705,"GX스페셜",4
100014965,10015756,"플러스",4
100010044,10003599,"럭셔리",4
100014866,10015698,"프레스티지",4
100015112,10015852,"GX스페셜",4
100012211,10012360,"프로페셔널 S",4
100010481,10007435,"익스클루시브 스페셜",4
100015119,10015853,"GX스페셜",4
100015987,10016847,"시그니처",4
100012207,10012359,"프로페셔널 S",4
100010115,10003592,VXL,4
100015145,10015873,"럭셔리",4
100015151,10015889,"스마트",4
100015164,10015892,"스타일",4
100014804,10015689,"프레스티지",4
100014794,10015683,GLS,4
100011111,10005335,"히노",4
100014656,10015267,"모던 N Line",4
100015991,10016848,"시그니처",4
100016497,10016849,"플래티넘",4
100015970,10014947,"T51 에디션",4
100015251,10015994,"스타일",4
100016370,10014873,"아너스",4
100014336,10014778,"유로스타",4
100014289,10014625,"시그니처",4
100011411,10011828,"그랜드 마스터즈",4
100014225,10014403,"캘리그라피",4
100011810,10012299,"CVX 프리미엄",4
100011802,10012298,"CVX 프리미엄",4
100015350,10016142,"플러스",4
100014160,10014362,"R-디자인",4
100016311,10017135,"레이블 레드 리미티드 에디션",4
100015362,10016157,"플러스",4
100013934,10014250,"노블레스 스페셜",4
100015381,10016197,"하이슈퍼",4
100016208,10014060,"에디션 55",4
100016036,10016871,"필드마스터 에디션 러프팩",4
100013809,10014051,"GT Line",4
100011795,10012297,"CVX 프리미엄",4
100010810,10008212,Li,4
100013758,10013984,"47인승",4
100013752,10013983,"47인승",4
100016386,10013982,"46인승",4
100014279,10013939,"영업용 롱레인지 패키지",4
100014555,10013938,"영업용 롱레인지 패키지",4
100013711,10013934,"노블레스",4
100013707,10013933,"노블레스",4
100010847,10005306,"초장축",4
100009586,10004413,"9인 GLX",4
100011523,10012022,"스타일(렌터카)",4
100011519,10012020,"프리미엄",4
100014372,10005334,"이스즈",4
100013623,10011990,"프레스티지 그래비티",4
100011015,10005300,"중축",4
100013625,10011991,"프레스티지 그래비티",4
100013621,10011989,"프레스티지 그래비티",4
100013619,10011988,"프레스티지 그래비티",4
100014117,10011880,"9인승 익스클루시브",4
100011844,10011878,"9인승 익스클루시브 듀얼선루프",4
100013616,10011872,"15인승 4WD",4
100011406,10011826,"플래티넘Ⅲ",4
100011393,10011822,"럭셔리",4
100011390,10011820,"인텔리전트",4
100009666,10004415,"최고급형",4
100009698,10004633,"프레스티지",4
100013179,10011812,"프레스티지",4
100011540,10011810,"인스퍼레이션",4
100011370,10011807,"익스클루시브 스페셜",4
100016331,10017165,"인스퍼레이션",4
100015545,10016408,"프리미엄",4
100013512,10011403,"마제스티 스페셜",4
100013509,10011402,"마제스티 스페셜",4
100014130,10011354,"7인승 4WD CVX 럭셔리",4
100016411,10005336,"보냉윙바디",4
100009991,10003624,"모던",4
100016407,10011202,"보냉윙바디",4
100014142,10011037,"모던",4
100011900,10003591,"2.5 골드",4
100016337,10017166,"프리미엄",4
100016295,10009838,C7,4
100016049,10009837,Z06,4
100011848,10003898,"SLX 프리미엄",4
100009121,10003615,"베이지",4
100016304,10009509,"SE(장애인용)",4
100016041,10009507,"LE 스페셜",4
100009183,10003475,"익스큐티브",4
100011014,10005294,"올뉴마이티",4
100015667,10016514,"GX스페셜",4
100011855,10003897,"SLX 프리미엄",4
100015674,10016515,LTD,4
100011723,10003493,"고급형 모젠팩",4
100015684,10016518,"럭셔리",4
100016562,10017167,"인스퍼레이션 블랙 익스테리어",4
100011721,10003492,"고급형 모젠팩",4
100011757,10003487,"X 2.7 럭셔리 의전",4
100011897,10003590,"월드컵",4
100009933,10003518,"팩키지2",4
100009932,10003511,"팩키지2",4
100009681,10003510,"탑 VIP팩",4
100015710,10016544,"럭셔리",4
100011082,10003505,"모젠 스마트팩",4
100016348,10017168,"인스퍼레이션",4
100015553,10016410,"프리미엄",4
100010131,10003504,"영업용 모범형 팩2",4
100015694,10016520,SDX,4
100016140,10016558,"모빌리티 (영업용)",4
100009680,10003502,"탑 ViP팩",4
100011889,10003589,"GVS 고급형",4
100011884,10003588,"DLX 고급형",4
100009761,10003583,"GVS 월드컵",4
100009616,10003501,"모젠 스마트팩",4
100009819,10003647,"스페셜 에디션 1",4
100009463,10003609,"럭셔리",4
100009256,10003608,"최고급형 세이프티팩",4
100009814,10003680,"S16 프리미어",4
100011424,10003678,"블랙 스페셜",4
100008883,10003754,"n 기본형",4
100010819,10008213,"Li xDrive",4
100009711,10003880,"프리미엄",4
100009710,10003878,"프리미엄",4
100009840,10003619,"탑",4
100010762,10004004,"스마트",4
100009729,10004010,"CVX 프리미엄",4
100011327,10008605,"스파이더",4
100013921,10003911,"스마트팩",4
100015871,10016737,"GT 라인",4
100015875,10016738,"GT 라인",4
100011692,10003964,"GLS 고급형",4
100015891,10016744,"플러스",4
100016093,10016745,"T1 언테임드 에디션",4
100008330,10003677,"럭셔리 어드밴스팩",4
100009553,10003650,"1.5 RV 스페셜",4
100016102,10016748,"T2 언테임드 에디션",4
100011920,10003657,"GLS 고급형",4
100015899,10016749,T1,4
100016438,10017347,"프레스티지",4
100015957,10016752,"에필로그 에디션",4
100009703,10003842,"프리미어",4
100016226,10016753,"플러스",4
100016443,10017348,"프레스티지",4
100009639,10003903,"스마트팩",4
100016375,10005314,"엑시언트 9.5톤",4
100011039,10006892,"AB LWB",4
100014122,10004006,"11인승 4WD HVX VIP팩",4
100011461,10007436,"1 밀리언 얼티밋",4
100011032,10006890,"포트폴리오 LWB",4
100011862,10003885,"프리미엄",4
100013582,10006888,"XJ50 LWB",4
100016111,10016925,"시그니처 X-Line",4
100016116,10016926,"시그니처 X-Line",4
100009348,10005327,"e 마이티",4
100016120,10016927,"시그니처 X-Line",4
100016515,10016931,"시그니처 X-라인",4
100016516,10016932,"시그니처 X-라인",4
100014319,10004116,"Di GOLD",4
100007666,10004931,BLACK,4
100016149,10016967,"2WD  소방(6인승)",4
100009346,10005325,"e 마이티",4
100009695,10005319,"프런티어",4
100010041,10004266,"고급형 럭셔리",4
100009730,10004011,"CVX 프리미엄",4
100011867,10003610,"엘레강스 스페셜 최고급형 세이프티팩",4
100009667,10003607,"최고급형 세이프티팩",4
100011340,10007434,"밸류 플러스",4
100009016,10003655,"1.5 RV",4
100014886,10015701,"GX스페셜",4
100014898,10015703,LTD,4
100014879,10015699,"GX스페셜",4
100013177,10011811,"프레스티지",4
100015999,10016850,"렌터카 노블레스",4
100014678,10015226,"2인승 트렌디",4
100014906,10015704,"프레스티지",4
100014973,10015759,"슈퍼",4
100016222,10017044,T2,4
100014926,10015709,"노블레스",4
100014930,10015710,"노블레스",4
100014858,10015697,LTD,4
100013562,10011785,"럭셔리",4
100014846,10015695,"GX스페셜",4
100015953,10013985,"46인승",4
100014826,10015692,"프레스티지",4
100010583,10007976,"15인승",4
100014943,10015725,LTD,4
100009753,10003881,"GOLD 기본형",4
100014949,10015753,"스마트",4
100014818,10015691,LTD,4
100014785,10015678,GLS,4
100011879,10003596,"Elegance Special 고급",4
100014757,10015621,LTD,4
100014746,10015619,"프레스티지",4
100014662,10015438,"노블레스",4
100016505,10017058,"SE 프레스티지",4
100009133,10003614,"블랙",4
100015541,10016407,"프리미엄",4
100008757,10003962,"GLS 고급형",4
100014956,10015755,"슈퍼",4
100014660,10015437,"시그니처",4
100014653,10014092,"AMG 라인",4
100016504,10017059,"SE 프레스티지",4
100015020,10015779,"스마트",4
100014568,10015269,"디 에센셜 라이트",4
100015126,10015854,"GX스페셜",4
100015132,10015855,"GX스페셜",4
100009682,10005317,"트라고 25.5톤",4
100011922,10003659,"최고급형",4
100015225,10015967,"슈퍼",4
100015730,10015261,"N Line 프리미엄",4
100014248,10014476,"프레스티지",4
100015976,10015253,"GT Line",4
100015236,10015971,"스타일",4
100014581,10015274,RS,4
100015246,10015987,"럭셔리",4
100014489,10015235,"인스퍼레이션",4
100014485,10015234,"인스퍼레이션",4
100014545,10015265,"인스퍼레이션",4
100016279,10017077,X-Pro,4
100014448,10014178,"4WD 프레스티지 캠퍼 4인승",4
100014509,10015239,TX,4
100016272,10014403,"캘리그래피 블랙에디션",5
100016444,10017348,"N Line 프레스티지",5
100010763,10004004,"모던",5
100014966,10015756,"하이슈퍼",5
100011497,10011989,"노블레스",5
100014819,10015691,"럭셔리",5
100014449,10014178,"4WD 프레스티지 캠퍼 11인승",5
100009699,10003509,"프리미어",5
100010776,10004011,"기본형",5
100009704,10003678,"프리미어블랙",5
100014337,10014778,"유로스타 VIP",5
100010848,10005306,"극초장축",5
100016213,10014060,"그랜드 에디션",5
100008432,10003599,"영업용 개인형",5
100014847,10015695,LTD,5
100011937,10003664,"DOHC 레이싱 고급형",5
100014290,10014625,"시그니처 그래비티",5
100015426,10016319,LTD,5
100014564,10015268,"인스퍼레이션",5
100009802,10003609,"프리미어",5
100015013,10015777,"스타일",5
100010773,10004010,"기본형",5
100013216,10012835,V7,5
100010705,10009507,RE,5
100015226,10015967,"스마트",5
100014827,10015692,"GX스페셜",5
100011722,10003492,"슈퍼형 모젠팩",5
100009995,10003680,"S16 탑",5
100011886,10003588,"DLX 슈퍼형",5
100008599,10003610,"트랜스폼",5
100016150,10016967,"4WD  특수(6인승)",5
100016037,10016871,"코리아팩",5
100013748,10013982,"47인승",5
100016343,10017167,"N Line 프리미엄",5
100009289,10003677,"프리미어",5
100009863,10003650,"1.8 ELS",5
100015971,10014947,"언톨드 에디션",5
100011541,10011811,"인스퍼레이션",5
100016363,10014870,"캘리그래피 블랙 익스테리어",5
100015004,10015775,"스마트",5
100016492,10005310,"초장축 플러스",5
100009461,10003754,"n 밸류",5
100014999,10015774,"하이슈퍼",5
100010811,10008212,"Li B&O 에디션",5
100013757,10013983,"우등고속",5
100007581,10005314,"트라고 9.5톤",5
100006885,10003591,"2.4 (수출형)",5
100011505,10011992,"인텔리전트",5
100015021,10015779,"스타일",5
100015811,10016666,"프레스티지",5
100013593,10011828,"베스트 셀렉션Ⅱ",5
100014131,10011354,"7인승 4WD 모던",5
100016312,10017135,"레이블 브루클린 그레이 에디션",5
100010135,10004265,"최고급형",5
100014957,10015755,"스마트",5
100016269,10014401,"캘리그래피 블랙에디션",5
100011724,10003493,"슈퍼형 모젠팩",5
100013208,10012833,V7,5
100009725,10003614,CVVL,5
100015959,10016744,"플러스 런치팩",5
100016314,10014092,"프로그레시브",5
100013759,10013985,"47인승",5
100009811,10003624,"프리미엄",5
100015675,10016515,SDX,5
100010001,10003647,"스페셜 에디션 2",5
100011407,10011826,"그랜드 플래티넘",5
100012279,10003842,"월드컵 에디션",5
100014481,10015226,"2인승 프레스티지",5
100016094,10016745,"T2 언테임드 에디션",5
100016000,10016850,"장애인용 프레스티지",5
100011353,10005335,"프리마",5
100008339,10003504,"렌터카 개인형",5
100011616,10011820,"월드컵 에디션",5
100016270,10014404,"캘리그래피 블랙에디션",5
100014172,10013933,"익스페디션",5
100011796,10012297,"스마트",5
100013212,10012834,V7,5
100015731,10015261,"N Line 인스퍼레이션",5
100014887,10015701,LTD,5
100011496,10011988,"노블레스",5
100014167,10013925,"익스페디션",5
100009882,10004413,"9인 LIMITED",5
100014640,10015240,TV5,5
100014663,10015438,"시그니처",5
100015668,10016514,LTD,5
100015992,10016848,"시그니처 블랙",5
100013827,10014056,"시그니처",5
100014899,10015703,"럭셔리",5
100016307,10009838,C8,5
100013510,10011402,"헤리티지",5
100014880,10015699,LTD,5
100015448,10016334,"럭셔리",5
100016103,10016748,"쉐도우 에디션",5
100011693,10003964,"GLS 최고급형",5
100015363,10016157,"하이슈퍼",5
100014486,10015234,"N Line",5
100011524,10012022,"스마트(렌터카)",5
100009381,10003962,"GLS 최고급형",5
100008436,10003911,"월드컵 스페셜 에디션",5
100011371,10011807,"프레스티지",5
100014974,10015759,"스마트",5
100014239,10014434,GT,5
100015799,10016653,TV7,5
100014170,10013924,"익스페디션",5
100008622,10003596,"프리미어",5
100010477,10007434,"익스클루시브",5
100013682,10013904,"렌터카 프레스티지",5
100014413,10014359,"얼티메이트 브라이트",5
100009941,10004415,"프리미엄",5
100016475,10016655,"벤 TV7",5
100014554,10015267,"인스퍼레이션",5
100011542,10011812,"인스퍼레이션",5
100009864,10003655,"1.8 RV",5
100014907,10015704,"GX스페셜",5
100016369,10014873,"캘리그래피 블랙 익스테리어",5
100009966,10003881,"GOLD 고급형",5
100011007,10005327,"메가트럭",5
100016305,10009509,"LE(장애인용)",5
100015412,10016302,"플러스",5
100013644,10005325,"올뉴마이티",5
100016332,10017165,"N Line 프리미엄",5
100014569,10015269,"인스퍼레이션",5
100015165,10015892,"플러스",5
100014920,10015705,LTD,5
100014805,10015689,"GX스페셜",5
100016439,10017347,"N Line 프레스티지",5
100014867,10015698,"GX스페셜",5
100016223,10017044,L,5
100016349,10017168,"N Line 프리미엄",5
100011538,10011808,"인스퍼레이션",5
100013649,10012020,"스마트 베스트 초이스팩",5
100013844,10014058,"시그니처 그래비티",5
100015237,10015971,"플러스",5
100014161,10014362,"얼티메이트 브라이트",5
100013821,10014055,"시그니처",5
100014859,10015697,"럭셔리",5
100014638,10015239,TV5,5
100014174,10013934,"익스페디션",5
100014143,10011037,"프리미엄",5
100016418,10014476,"N 라인 익스클루시브",5
100011124,10011403,"헤리티지",5
100016366,10014871,"캘리그래피 블랙 익스테리어",5
100015152,10015889,"스타일",5
100009927,10005319,"트레이드",5
100016416,10014475,"N 라인 익스클루시브",5
100014991,10015773,"스타일",5
100015127,10015854,SDX,5
100009726,10003615,CVVL,5
100009952,10003619,DTX,5
100011811,10012299,"스마트",5
100013838,10014057,"시그니처",5
100011498,10011990,"노블레스",5
100014758,10015621,"럭셔리",5
100016338,10017166,"인스퍼레이션",5
100013517,10012359,"5링크 프레스티지",5
100016316,10005317,"엑시언트 25톤",5
100011685,10003510,"탑 메모리팩",5
100015988,10016847,"시그니처 블랙",5
100009568,10003608,"40주년 스페셜팩",5
100010136,10004266,"최고급형",5
100010768,10004005,"기본형",5
100014671,10005334,"더 쎈",5
100009407,10003592,GXL,5
100011715,10003502,"탑 브라운팩",5
100010057,10003511,"장애인용",5
100014944,10015725,"럭셔리",5
100015252,10015994,"플러스",5
100016050,10009837,ZR1,5
100014202,10014396,"시그니처",5
100009191,10005294,"일반캡",5
100013909,10003607,"세이프티팩",5
100014490,10015235,"N Line",5
100013816,10014053,"시그니처",5
100014123,10004006,"11인승 4WD 모던 스페셜",5
100014655,10015265,"인스퍼레이션 N Line",5
100010058,10003518,"장애우용",5
100015815,10016667,"프레스티지",5
100011859,10003885,"스타일팩 기본형",5
100013563,10011785,"럭셔리 스페셜",5
100010820,10008213,"Li xDrive B&O 에디션",5
100015133,10015855,LTD,5
100016271,10014402,"캘리그래피 블랙에디션",5
100009173,10003616,"와인스페셜",5
100011890,10003589,"GVS 슈퍼형",5
100011803,10012298,"스마트",5
100011499,10011991,"노블레스",5
100015120,10015853,LTD,5
100011944,10003883,"스타일팩 고급형",5
100013523,10012360,"5링크 프레스티지",5
100015113,10015852,LTD,5
100013351,10007435,"1 밀리언 스타일",5
100014950,10015753,"하이슈퍼",5
100008435,10003659,"월드컵",5
100013220,10012836,V7,5
100016399,10005334,"냉동윙바디",6
100014848,10015695,SDX,6
100016417,10014475,"N 라인 프레스티지",6
100011537,10011807,"인스퍼레이션",6
100016057,10009837,"그랜드 스포츠",6
100014828,10015692,LTD,6
100010812,10008212,"Li 인디비주얼",6
100009754,10003962,"GOLD 기본형",6
100016431,10016667,"N Line 프레스티지",6
100014820,10015691,"노블레스",6
100009171,10003599,"영업용 모범형",6
100010208,10004265,"최고급형럭셔리",6
100013756,10013982,"우등고속",6
100016429,10016666,"N Line 프레스티지",6
100016561,10017166,"인스퍼레이션 블랙 익스테리어",6
100016001,10016850,"장애인용 노블레스",6
100014958,10015755,"스타일",6
100014132,10011354,"7인승 4WD 하이루프 CVX 럭셔리",6
100016350,10017168,"N Line 인스퍼레이션",6
100016419,10014476,"N 라인 프레스티지",6
100013511,10011402,"헤리티지 스페셜",6
100010028,10003650,"1.8 ELS DLX",6
100014450,10014178,"4WD 기타제조사",6
100016560,10017165,"인스퍼레이션 블랙 익스테리어",6
100016054,10009838,Z06,6
100013513,10011403,"헤리티지 스페셜",6
100014177,10011785,"프레스티지",6
100011945,10003883,"스타일팩 최고급형",6
100010821,10008213,"Li xDrive 인디비주얼",6
100006941,10004006,"6인",6
100010478,10007434,"익스클루시브 스페셜",6
100014268,10014401,VIP,6
100014203,10014396,"시그니처 그래비티",6
100014266,10014402,VIP,6
100011606,10003502,"탑 모젠팩",6
100014267,10014403,VIP,6
100011525,10012022,"모던(장애인용)",6
100014338,10014778,"319 STD",6
100010777,10004011,"스마트",6
100013634,10005314,"벤츠 9.5톤",6
100016368,10014873,"캘리그래피 블랙 잉크",6
100011797,10012297,"럭셔리",6
100015253,10015994,"하이슈퍼",6
100013568,10005335,"볼보",6
100009646,10003677,"엘레강스 스페셜",6
100015022,10015779,"프리미엄",6
100015889,10016744,T1,6
100016096,10016745,"새빌 로 에디션",6
100013822,10014055,"시그니처 그래비티",6
100014641,10015240,TV7,6
100010774,10004010,"스마트",6
100016477,10016655,"블랙 엣지",6
100016104,10016748,"하이랜드 에디션",6
100009402,10003589,"GVS 월드컵",6
100009104,10003504,"렌터카 모범형",6
100014657,10015267,"인스퍼레이션 N Line",6
100016076,10015269,"법인전용",6
100009170,10003610,"엘레강스 스페셜",6
100013828,10014056,"시그니처 그래비티",6
100010101,10003619,LTX,6
100015153,10015889,"플러스",6
100011504,10011991,"인텔리전트",6
100014806,10015689,LTD,6
100013576,10011992,"시그니처",6
100015128,10015854,"럭셔리",6
100011880,10003596,"프리미어 고급",6
100016364,10014870,"캘리그래피 블랙 잉크",6
100009903,10005294,"슈퍼캡",6
100009873,10003607,"40주년 스페셜팩",6
100011860,10003885,"스타일팩 고급형",6
100013518,10012359,"5링크 프레스티지 스페셜",6
100011864,10003624,"700h 2.4(수출형)",6
100010184,10004266,"최고급형 럭셔리",6
100013839,10014057,"시그니처 그래비티",6
100015134,10015855,SDX,6
100015121,10015853,SDX,6
100015114,10015852,SDX,6
100011021,10007435,"1 밀리언",6
100016313,10017135,"레이블 카본 블랙 에디션",6
100007725,10003592,DLX,6
100011503,10011990,"인텔리전트",6
100007272,10003678,"럭셔리",6
100011502,10011989,"인텔리전트",6
100016075,10015268,"법인전용",6
100015014,10015777,"프리미엄",6
100016344,10017167,"N Line 인스퍼레이션",6
100014900,10015703,"노블레스",6
100015427,10016319,SDX,6
100014945,10015725,"노블레스",6
100011812,10012299,"2WD 어린이보호차 스마트",6
100016367,10014871,"캘리그래피 블랙 잉크",6
100015748,10014058,"30주년 에디션",6
100016209,10014060,"마그노 히어로 에디션",6
100011501,10011988,"인텔리전트",6
100015227,10015967,"스타일",6
100016151,10016967,"4WD  소방(6인승)",6
100015005,10015775,"스타일",6
100010067,10005319,"파맥스",6
100009800,10003754,"n 밸류 플러스팩",6
100015749,10014625,"30주년 에디션",6
100014992,10015773,"프리미엄",6
100014619,10013925,"쿨멘 와일드",6
100010909,10005317,"스카니아 25.5톤",6
100009938,10003509,"프리미어 스마트팩",6
100013603,10012833,"리미티드",6
100013595,10011826,"베스트 셀렉션Ⅰ",6
100011686,10003510,"탑 프리미엄팩",6
100013604,10012834,"리미티드",6
100010764,10004004,"모던 스페셜",6
100010769,10004005,"스마트",6
100015669,10016514,SDX,6
100015758,10014092,"일렉트릭 아트",6
100011938,10003664,"DOHC 레이싱 최고급형",6
100009034,10003591,"2.7 (수출형)",6
100014888,10015701,SDX,6
100014975,10015759,"스타일",6
100010039,10004413,"9인 프레지던트",6
100013605,10012835,"리미티드",6
100014269,10014404,VIP,6
100014881,10015699,SDX,6
100013606,10012836,"리미티드",6
100013524,10012360,"5링크 프레스티지 스페셜",6
100014627,10013934,"쿨멘 와일드",6
100009389,10003964,GOLD,6
100013532,10009507,"프리미에르",6
100013786,10013904,"장애인용 프레스티지",6
100010087,10003881,"GOLD 프리미엄",6
100014908,10015704,LTD,6
100016306,10009509,"RE(장애인용)",6
100014868,10015698,LTD,6
100014240,10014434,"GT 프라그먼트 스페셜 에디션",6
100014618,10013924,"쿨멘 노블레스",6
100014921,10015705,SDX,6
100014482,10015226,"2인승 프레스티지 스페셜",6
100014639,10015239,TV7,6
100016224,10017044,W,6
100014860,10015697,"노블레스",6
100014623,10013933,"쿨멘 와일드",6
100013833,10014053,"시그니처 그래비티",6
100014264,10012834,R-PLUS,7
100010161,10003619,PTX,7
100015744,10014057,"30주년 에디션",7
100016210,10014060,"매뉴팩처",7
100010020,10003754,"w 기본형",7
100013607,10005317,"볼보 25톤",7
100011480,10005319,"올뉴마이티",7
100010120,10003650,"1.8 RV 스페셜",7
100009975,10004004,"HVX VIP팩",7
100014339,10014778,"319 BIZ",7
100010822,10008213,"Ld xDrive",7
100010010,10003677,"탑",7
100011695,10003964,"GOLD 고급형",7
100015745,10014396,"30주년 에디션",7
100015893,10016744,"플러스 라이트 런치팩",7
100015023,10015779,"플러스",7
100016095,10016745,"온라인 익스클루시브",7
100016402,10005335,"냉동윙바디",7
100016105,10016748,"언차티드 에디션",7
100010770,10004005,"모던",7
100016379,10015889,"모던플러스",7
100009362,10003596,"F24S 럭셔리",7
100009741,10003589,"엘레강스 스페셜 기본형",7
100010813,10008212,d,7
100011861,10003885,"스타일팩 최고급형",7
100009609,10005294,"더블캡",7
100008163,10004006,"7인",7
100013519,10012359,"5링크 노블레스",7
100013920,10007434,"1 밀리언 스타일",7
100015122,10015853,"럭셔리",7
100015115,10015852,"럭셔리",7
100013525,10012360,"5링크 노블레스",7
100009967,10003962,"GOLD 고급형",7
100015428,10016319,"럭셔리",7
100014901,10015703,"GX고급",7
100010213,10004266,"프리미엄",7
100010894,10003592,GOLD,7
100015006,10015775,"프리미엄",7
100015228,10015967,"플러스",7
100011716,10003502,"탑 모젠 메모리팩",7
100013628,10011992,"시그니처 그래비티",7
100011870,10003610,"엘레강스 스페셜 세이프티팩",7
100014993,10015773,"플러스",7
100011687,10003510,"탑 브라운팩",7
100014262,10012833,"업비트",7
100011946,10003883,"프리미엄",7
100011684,10003509,"프리미어 알칸트라팩",7
100014889,10015701,"GX고급",7
100014882,10015699,TOP,7
100014807,10015689,SDX,7
100014628,10013934,"쿨멘 와일드 플러스",7
100014869,10015698,"럭셔리",7
100013787,10013904,"장애인용 노블레스",7
100014909,10015704,"럭셔리",7
100014922,10015705,TOP,7
100014617,10013924,"쿨멘 프레스티지",7
100014861,10015697,"GX고급",7
100014849,10015695,"GX고급",7
100016225,10017044,U,7
100014624,10013933,"쿨멘 와일드 플러스",7
100014829,10015692,"럭셔리",7
100010142,10003599,"프리미어",7
100008269,10004265,"LPI 고급형",7
100016130,10016667,"영업용",7
100014821,10015691,"GX고급",7
100016129,10016666,"영업용",7
100014959,10015755,"프리미엄",7
100016333,10017165,"N Line 인스퍼레이션",7
100016495,10011354,"12인승 4WD CVX 럭셔리",7
100015742,10014056,"30주년 에디션",7
100011418,10011402,"유라시아 에디션",7
100011419,10011403,"유라시아 에디션",7
100010778,10004011,"모던",7
100011863,10007435,"스마트",7
100014105,10011785,"프레스티지 스페셜 ",7
100011363,10009509,"PE(렌터카)",7
100016055,10009838,ZR1,7
100016339,10017166,"N Line 프리미엄",7
100014589,10004413,"9인 L290",7
100014976,10015759,"프리미엄",7
100015670,10016514,"럭셔리",7
100016400,10005334,"냉장윙바디",7
100013596,10011826,"베스트 셀렉션Ⅱ",7
100013229,10011988,"시그니처",7
100015015,10015777,"플러스",7
100013231,10011990,"시그니처",7
100013535,10011989,"시그니처",7
100013537,10011991,"시그니처",7
100015743,10014053,"30주년 에디션",7
100007478,10003504,"장애인",7
100015741,10014055,"30주년 에디션",7
100014620,10013925,"쿨멘 와일드 플러스",7
100010775,10004010,"스마트스페셜",7
100013788,10013904,"택시형 스탠다드",8
100010771,10004005,"모던 스페셜",8
100016403,10005335,"냉장윙바디",8
100015154,10015889,"하이슈퍼",8
100013626,10011991,"시그니처 그래비티",8
100011881,10003596,"F24S 럭셔리 고급",8
100014263,10012834,"업비트",8
100011113,10004010,"모던",8
100016106,10016748,"코오롱 컬러에디션",8
100015024,10015779,"하이슈퍼",8
100011364,10009509,"SE(렌터카)",8
100015886,10016745,"언차티드 에디션",8
100014312,10005319,"큐티",8
100010124,10004413,"7인 L290 기본형",8
100010116,10003754,"w 고급형",8
100009890,10003502,"럭셔리",8
100013608,10005317,"벤츠 25톤",8
100013617,10011403,"화이트 에디션",8
100010814,10008212,"d xDrive",8
100011696,10003964,"GOLD 최고급형",8
100011891,10003589,"엘레강스 스페셜 고급형",8
100016056,10009838,"그랜드 스포츠",8
100009410,10004004,"HVX 프리미엄",8
100013882,10012833,R-PLUS,8
100016357,10017165,H-Pick,8
100014960,10015755,"플러스",8
100016401,10005334,"보냉윙바디",8
100014822,10015691,"LTD고급",8
100014625,10013933,"쿨멘 프레스티지",8
100014830,10015692,SDX,8
100013620,10011988,"시그니처 그래비티",8
100016340,10017166,"N Line 인스퍼레이션",8
100014850,10015695,"GLX세이프티",8
100011475,10008213,"Ld xDrive 인디비주얼",8
100014862,10015697,"LTD고급",8
100014808,10015689,"노블레스",8
100014910,10015704,SDX,8
100014994,10015773,"하이슈퍼",8
100013624,10011990,"시그니처 그래비티",8
100015229,10015967,"하이슈퍼",8
100009898,10003510,"브라운팩",8
100015007,10015775,"플러스",8
100011865,10003619,VTX,8
100012285,10003599,"고급형",8
100014615,10013924,"쿨멘 와일드",8
100014629,10013934,"쿨멘 프레스티지",8
100013614,10012360,"5링크 다이나믹 에디션",8
100014621,10013925,"쿨멘 프레스티지",8
100014870,10015698,SDX,8
100010086,10003962,"GOLD 최고급형",8
100014902,10015703,"LTD고급",8
100014890,10015701,"GLX세이프티",8
100015016,10015777,"하이슈퍼",8
100014977,10015759,"플러스",8
100013520,10012359,"파워리프 와일드",8
100013622,10011989,"시그니처 그래비티",8
100009056,10004006,"9인",8
100011020,10007434,"1 밀리언",8
100011013,10005294,"중축",8
100009593,10004265,"LPI 고급형 럭셔리",8
100009594,10004266,"고급형 스페셜",8
100016212,10014060," 헤리티지 에디션",8
100014851,10015695,"LTD세이프티",9
100011365,10009509,"PE(택시형)",9
100014911,10015704,"노블레스",9
100013789,10013904,"택시형 트렌디",9
100010177,10004413,"7인 L290 고급형",9
100014809,10015689,"GX고급",9
100010815,10008212,"d xDrive M 스포츠",9
100014891,10015701,"LTD세이프티",9
100016214,10014060,"효성 에디션",9
100014616,10013924,"쿨멘 와일드 플러스",9
100014978,10015759,"하이슈퍼",9
100010183,10004265,"LPI 최고급형",9
100013264,10008213,"Li M 스포츠",9
100012286,10003599,"최고급형",9
100010045,10003502,"럭셔리 스마트팩",9
100014630,10013934,"쿨멘 노블레스",9
100009764,10004004,"프리미엄 레져팩",9
100015008,10015775,"하이슈퍼",9
100014871,10015698,"노블레스",9
100012323,10004005,"하이루프 모던",9
100011892,10003589,"엘레강스 스페셜 슈퍼형",9
100016404,10005335,"보냉윙바디",9
100013521,10012359,"파워리프 프레스티지",9
100011882,10003596,"F24S 럭셔리 슈퍼",9
100009556,10004006,"11인",9
100010169,10003754,"w 최고급형",9
100011866,10003619,GTX,9
100009883,10004266,"고급형 스페셜 럭셔리",9
100015887,10016745,"하이랜드 에디션",9
100014626,10013933,"쿨멘 노블레스",9
100013526,10012360,"파워리프 와일드",9
100014961,10015755,"하이슈퍼",9
100014622,10013925,"쿨멘 노블레스",9
100013609,10005317,"대우 25톤",9
100014831,10015692,"노블레스",9
